"particle_id","x_um","y_um","area_um2","major_um","minor_um","feret_min_um","feret_max_um","material","quality","source_file"
"791",765.440527594578,-1002.64394397474,794.224,36.533,28.415,28.298,36.533,"Polyethylene (PE)",98.74,"Comparstic Raman F2Ba Au IAEA 240930.csv"
"270",7175.47916468789,1332.66298560574,5471.084,113.791,67.845,67.831,116.501,"Polypropylene (PP)",97.95,"Comparstic Raman F2Ba Au IAEA 240930.csv"
"330",2766.06605600853,-3763.33495291096,1093.788,39.537,36.969,36.969,39.781,"Polyamide (PA Nylon 12)",96.83,"Comparstic Raman F2Ba Au IAEA 240930.csv"
"30",3666.77809448242,2487.11289597603,438.471,23.95,23.95,23.651,24.507,"Polyamide (PA)",96.63,"Comparstic Raman F2Ba Au IAEA 240930.csv"
"454",1536.41329220288,383.155202536387,1996.93,105.231,29.38,29.38,99.314,"Polypropylene (PP)",96.54,"Comparstic Raman F2Ba Au IAEA 240930.csv"
"630",4810.32072076666,3682.32160477312,6329.736,147.861,65.828,65.828,148.421,"Polyethylene terephtalate (PET)",95.76,"Comparstic Raman F2Ba Au IAEA 240930.csv"
"101",11956.3139998762,-3304.08088613014,1986.549,81.91,44.884,44.884,82.666,"Polyamide (PA)",95.48,"Comparstic Raman F2Ba Au IAEA 240930.csv"
"706",6633.55936588652,-899.885846532534,2484.505,68.389,50.015,46.905,72.907,"Polyamide (PA)",95.31,"Comparstic Raman F2Ba Au IAEA 240930.csv"
"385",8649.11065147085,4906.23369274401,1112.902,47.709,39.739,39.739,48.305,"Cellulose Acetate Butyrate (CAB)",95.27,"Comparstic Raman F2Ba Au IAEA 240930.csv"
"247",6604.85598671272,5053.76906169735,1168.597,46.902,33.784,33.638,47.074,"Cellulose Acetate Butyrate (CAB)",95.26,"Comparstic Raman F2Ba Au IAEA 240930.csv"
"790",8141.63490767804,5498.67143889127,816.139,33.286,31.662,31.131,39.611,"Cellulose Acetate Butyrate (CAB)",95.03,"Comparstic Raman F2Ba Au IAEA 240930.csv"
"599",3216.13504145373,-4262.7737505351,653.34,31.764,28.187,28.187,32.605,"Cellulose Acetate Butyrate (CAB)",94.74,"Comparstic Raman F2Ba Au IAEA 240930.csv"
"316",5583.01568812539,4985.4550192637,400.078,31.574,18.944,18.592,32.117,"Polypropylene (PP)",94.64,"Comparstic Raman F2Ba Au IAEA 240930.csv"
"611",4684.02585240193,2684.01807710831,1473.269,63.629,33.694,33.694,63.441,"Polyamide (PA)",94.63,"Comparstic Raman F2Ba Au IAEA 240930.csv"
"395",1149.49174094004,1239.66403708262,514.927,26.407,25.833,24.783,29.774,"Polyamide (PA)",94.44,"Comparstic Raman F2Ba Au IAEA 240930.csv"
"423",6849.40877727351,-1583.60033845248,748.746,35.707,27.265,27.265,35.942,"Cellulose Acetate Butyrate (CAB)",94.37,"Comparstic Raman F2Ba Au IAEA 240930.csv"
"303",11747.353399491,535.85717974101,800.815,32.722,31.574,31.256,34.232,"Cellulose Acetate Butyrate (CAB)",94.29,"Comparstic Raman F2Ba Au IAEA 240930.csv"
"690",2107.03647017805,980.185489351456,503.723,30.426,21.815,21.815,30.426,"Polyamide (PA)",94.11,"Comparstic Raman F2Ba Au IAEA 240930.csv"
"23",4326.38174789637,3451.54643621575,879.414,37.036,30.185,29.633,39.578,"Cellulose Acetate Butyrate (CAB)",93.97,"Comparstic Raman F2Ba Au IAEA 240930.csv"
"106",5181.74244727565,1515.21647715111,712.66,32.274,28.897,28.703,33.87,"Cellulose Acetate Butyrate (CAB)",93.94,"Comparstic Raman F2Ba Au IAEA 240930.csv"
"514",6091.06549950168,4596.23719766695,29412.328,294.63,158.382,158.382,297.294,"Polyethylene terephtalate (PET)",93.92,"Comparstic Raman F2Ba Au IAEA 240930.csv"
"567",1706.91136449526,-2758.14261424443,3354.526,94.069,53.152,53.027,98.64,"Cellulose Acetate Butyrate (CAB)",93.81,"Comparstic Raman F2Ba Au IAEA 240930.csv"
"657",6476.26484801409,2663.35164410317,2253.323,80.059,35.944,35.944,80.058,"Polyamide (PA)",93.73,"Comparstic Raman F2Ba Au IAEA 240930.csv"
"28",1290.13829889167,-1106.5501765839,11240.414,162.591,102.783,101.116,164.04,"Cellulose Acetate Butyrate (CAB)",93.58,"Comparstic Raman F2Ba Au IAEA 240930.csv"
"682",4663.93348698027,-4479.19722950557,761.434,32.722,29.852,29.194,36.533,"Polyacrylamide/acrylate",93.55,"Comparstic Raman F2Ba Au IAEA 240930.csv"
"113",7390.7545084914,4300.01832459332,804.935,33.87,30.426,30.426,34.91,"Cellulose Acetate Butyrate (CAB)",93.44,"Comparstic Raman F2Ba Au IAEA 240930.csv"
"50",562.220603044064,2460.13171955265,1161.512,48.731,32.719,32.719,50.063,"Cellulose Acetate Butyrate (CAB)",93.41,"Comparstic Raman F2Ba Au IAEA 240930.csv"
"139",3000.85969765022,2361.96616277825,1178.154,51.55,33.07,33.07,50.633,"Cellulose Acetate Butyrate (CAB)",93.4,"Comparstic Raman F2Ba Au IAEA 240930.csv"
"476",5597.36737771229,6026.23954810574,377.339,32.131,16.616,16.616,31.574,"Cellulose Acetate Butyrate (CAB)",93.4,"Comparstic Raman F2Ba Au IAEA 240930.csv"
"61",6429.19130616905,-3234.61870852954,692.557,30.03,29.163,29.043,32.676,"Polyamide (PA)",93.39,"Comparstic Raman F2Ba Au IAEA 240930.csv"
"718",4814.33919385099,4441.8130177119,2405.412,70.344,49.292,49.292,70.981,"Cellulose Acetate Butyrate (CAB)",93.38,"Comparstic Raman F2Ba Au IAEA 240930.csv"
"568",4731.09939424697,5871.24130056721,488.234,37.995,19.079,19.079,37.888,"Cellulose Acetate Butyrate (CAB)",93.35,"Comparstic Raman F2Ba Au IAEA 240930.csv"
"579",606.423806971718,101.288019049657,130536.836,733.367,340.6,340.6,739.551,"Polyethylene terephtalate (PET)",93.29,"Comparstic Raman F2Ba Au IAEA 240930.csv"
"620",4654.17433806118,1042.18478836687,644.277,43.424,21.146,21.146,43.388,"Cellulose Acetate Butyrate (CAB)",93.26,"Comparstic Raman F2Ba Au IAEA 240930.csv"
"670",2775.25113734415,-1857.43057577055,447.369,32.605,18.998,18.998,32.605,"Cellulose Acetate Butyrate (CAB)",93.26,"Comparstic Raman F2Ba Au IAEA 240930.csv"
"123",1522.06160261598,1496.2722468964,3863.686,108.347,47.843,47.843,109.227,"Cellulose Acetate Butyrate (CAB)",93.26,"Comparstic Raman F2Ba Au IAEA 240930.csv"
"432",7356.31045348284,4834.4752448095,5169.542,120.584,59.27,58.943,124.514,"Cellulose Acetate Butyrate (CAB)",93.21,"Comparstic Raman F2Ba Au IAEA 240930.csv"
"363",5367.16627673841,6241.51489190925,348.668,27.555,17.796,17.033,29.524,"Cellulose Acetate Butyrate (CAB)",93.2,"Comparstic Raman F2Ba Au IAEA 240930.csv"
"272",4224.19771803764,-3664.02126096961,1391.87,58.361,33.689,33.689,60.077,"Cellulose Acetate Butyrate (CAB)",93.2,"Comparstic Raman F2Ba Au IAEA 240930.csv"
"595",8254.15215403934,5832.20470489084,693.71,35.592,26.981,26.981,35.592,"Cellulose Acetate Butyrate (CAB)",93.09,"Comparstic Raman F2Ba Au IAEA 240930.csv"
"360",2679.95591848713,2856.23835215111,91420.473,660.172,211.368,211.368,656.27,"Polyethylene terephtalate (PET)",93.07,"Comparstic Raman F2Ba Au IAEA 240930.csv"
"731",7751.26895091434,-3001.54726963827,1531.271,45.852,44.62,41.077,56.424,"Cellulose Acetate Butyrate (CAB)",93.07,"Comparstic Raman F2Ba Au IAEA 240930.csv"
"179",400.333544503825,2322.35549951841,657.789,30.038,28.24,27.826,31.835,"Polyacrylamide/acrylate",93.05,"Comparstic Raman F2Ba Au IAEA 240930.csv"
"528",10013.0952298099,-622.037136130137,2866.128,66.863,66.21,53.371,83.748,"Cellulose Acetate Butyrate (CAB)",93.04,"Comparstic Raman F2Ba Au IAEA 240930.csv"
"62",10891.4186325282,2449.22443546661,739.189,37.378,26.682,26.625,38.667,"Cellulose Acetate Butyrate (CAB)",93,"Comparstic Raman F2Ba Au IAEA 240930.csv"
"319",9317.89938622042,1295.92266026327,987.013,37.866,34.207,34.207,39.037,"Cellulose Acetate Butyrate (CAB)",92.99,"Comparstic Raman F2Ba Au IAEA 240930.csv"
"761",6085.32482366692,-3075.60198790668,738.365,33.385,32.288,32.288,37.63,"Cellulose Acetate Butyrate (CAB)",92.98,"Comparstic Raman F2Ba Au IAEA 240930.csv"
"540",4659.91501389594,5924.055518247,929.176,65.932,19.271,19.271,64.953,"Cellulose Acetate Butyrate (CAB)",92.9,"Comparstic Raman F2Ba Au IAEA 240930.csv"
"704",8472.29783576023,3616.87790025685,1859.341,75.74,33.749,33.749,75.736,"Polyethylene terephtalate (PET)",92.9,"Comparstic Raman F2Ba Au IAEA 240930.csv"
"634",8505.01968801837,5730.59474261558,1697.86,56.72,39.247,39.247,56.83,"Cellulose Acetate Butyrate (CAB)",92.9,"Comparstic Raman F2Ba Au IAEA 240930.csv"
"776",3669.07436481632,5513.59719606164,905.613,34.444,34.444,33.1,36.461,"Polyethylene terephtalate (PET)",92.86,"Comparstic Raman F2Ba Au IAEA 240930.csv"
"408",5533.07180836298,-3889.62982127568,464.341,24.743,22.883,22.883,26.187,"Cellulose Acetate Butyrate (CAB)",92.83,"Comparstic Raman F2Ba Au IAEA 240930.csv"
"728",6112.30600009029,-4643.95462596318,1298.771,54.022,30.77,30.77,54.684,"Polyacrylamide/acrylate",92.77,"Comparstic Raman F2Ba Au IAEA 240930.csv"
"475",5066.92893058044,6035.42462944135,640.982,31.67,30.446,29.868,35.686,"Cellulose Acetate Butyrate (CAB)",92.76,"Comparstic Raman F2Ba Au IAEA 240930.csv"
"357",4145.55045910142,492.228043396833,535.36,29.277,23.537,23.307,33.286,"Polyacrylamide/acrylate",92.74,"Comparstic Raman F2Ba Au IAEA 240930.csv"
"753",904.938950379252,2560.01947907748,895.727,42.266,28.545,28.545,42.116,"Cellulose Acetate Butyrate (CAB)",92.64,"Comparstic Raman F2Ba Au IAEA 240930.csv"
"507",1736.76287883601,-601.944770708476,1277.02,45.828,36.619,36.166,46.499,"Polyamide (PA)",92.56,"Comparstic Raman F2Ba Au IAEA 240930.csv"
"26",1720.68898649869,1492.82784139555,49919.954,411.058,170.931,170.931,411.529,"Polyethylene terephtalate (PET)",92.53,"Comparstic Raman F2Ba Au IAEA 240930.csv"
"3",10287.4995347114,2507.77932898116,1121.471,38.829,37.803,36.376,41.753,"Polyethylene terephtalate (PET)",92.5,"Comparstic Raman F2Ba Au IAEA 240930.csv"
"491",7537.14174227779,-4053.81315014983,1372.426,60.222,34.341,34.341,60.889,"Cellulose Acetate Butyrate (CAB)",92.49,"Comparstic Raman F2Ba Au IAEA 240930.csv"
"27",6178.32377219003,831.501985231164,428.255,28.91,23.105,22.963,32.068,"Cellulose Acetate Butyrate (CAB)",92.43,"Comparstic Raman F2Ba Au IAEA 240930.csv"
"684",4232.2346642063,3648.45161734803,738.035,35.172,26.443,26.443,34.91,"Cellulose Acetate Butyrate (CAB)",92.4,"Comparstic Raman F2Ba Au IAEA 240930.csv"
"315",7773.65758666991,1294.20045751284,2415.793,65.173,55.075,54.427,67.895,"Cellulose Acetate Butyrate (CAB)",92.39,"Comparstic Raman F2Ba Au IAEA 240930.csv"
"484",8188.70844952308,3887.83779965753,1086.703,42.248,37.705,36.74,44.839,"Cellulose Acetate Butyrate (CAB)",92.37,"Comparstic Raman F2Ba Au IAEA 240930.csv"
"165",10777.1791834165,2330.96651327055,756.161,33.296,30.426,29.722,36.199,"Cellulose Acetate Butyrate (CAB)",92.36,"Comparstic Raman F2Ba Au IAEA 240930.csv"
"41",10313.9066435513,2475.05747672303,339.935,27.615,16.797,16.496,28.182,"Cellulose Acetate Butyrate (CAB)",92.32,"Comparstic Raman F2Ba Au IAEA 240930.csv"
"422",4853.37578952736,428.506541630994,609.674,31.067,25.938,25.868,32.148,"Cellulose Acetate Butyrate (CAB)",92.3,"Comparstic Raman F2Ba Au IAEA 240930.csv"
"501",1504.26550752822,-2654.81044921875,1801.34,69.766,34.455,34.455,68.65,"Cellulose Acetate Butyrate (CAB)",92.29,"Comparstic Raman F2Ba Au IAEA 240930.csv"
"754",3995.1447522307,3565.78588532748,612.311,33.296,23.537,23.537,33.375,"Cellulose Acetate Butyrate (CAB)",92.21,"Comparstic Raman F2Ba Au IAEA 240930.csv"
"557",6641.02224447171,-2715.08754548373,512.291,38.17,18.724,18.724,37.314,"Polyacrylamide/acrylate",92.21,"Comparstic Raman F2Ba Au IAEA 240930.csv"
"703",9000.44001255818,960.093123929794,665.204,42.593,21.47,21.47,41.874,"Cellulose Acetate Butyrate (CAB)",92.14,"Comparstic Raman F2Ba Au IAEA 240930.csv"
"646",6295.43355921914,-793.68334358947,1610.199,62.063,35.613,34.638,64.365,"Cellulose Acetate Butyrate (CAB)",92.03,"Comparstic Raman F2Ba Au IAEA 240930.csv"
"131",3639.22285047557,4283.94443225599,1313.601,43.852,38.958,38.098,47.2,"Polyacrylamide/acrylate",92,"Comparstic Raman F2Ba Au IAEA 240930.csv"
"168",555.905859625828,-1255.80774828767,666.522,31.355,27.317,27.317,31.662,"Cellulose Acetate Butyrate (CAB)",91.99,"Comparstic Raman F2Ba Au IAEA 240930.csv"
"628",9424.67595674696,1030.70343669735,794.389,46.029,25.586,25.586,45.839,"Cellulose Acetate Butyrate (CAB)",91.99,"Comparstic Raman F2Ba Au IAEA 240930.csv"
"601",11220.9334254434,2692.05502327697,6964.786,123.198,79.845,79.845,123.235,"Polyethylene terephtalate (PET)",91.94,"Comparstic Raman F2Ba Au IAEA 240930.csv"
"368",7610.04832537924,-1564.0820406143,4543.72,87.373,73.131,73.131,88.111,"Polyethylene terephtalate (PET)",91.93,"Comparstic Raman F2Ba Au IAEA 240930.csv"
"55",9341.43615714294,-60.0249719071062,802.793,41.299,30.251,25.962,47.648,"Polyethylene terephtalate (PET)",91.85,"Comparstic Raman F2Ba Au IAEA 240930.csv"
"141",11124.4900714195,3282.7705666738,11156.872,170.706,90.985,90.45,176.338,"Polyethylene terephtalate (PET)",91.82,"Comparstic Raman F2Ba Au IAEA 240930.csv"
"402",4406.17714199954,3965.91099101027,6816.157,104.475,86.384,86.384,105.541,"Polyethylene terephtalate (PET)",91.82,"Comparstic Raman F2Ba Au IAEA 240930.csv"
"109",2492.80988627394,-3304.65495371361,1132.84,53.915,28.289,28.264,53.962,"Polyacrylamide/acrylate",91.74,"Comparstic Raman F2Ba Au IAEA 240930.csv"
"335",9678.98789622684,-2412.55392899187,679.21,38.901,24.398,24.393,39.793,"Cellulose Acetate Butyrate (CAB)",91.72,"Comparstic Raman F2Ba Au IAEA 240930.csv"
"597",9672.09908522513,1834.97212114726,1628.819,58.434,37.118,37.107,60.427,"Polyamide (PA)",91.68,"Comparstic Raman F2Ba Au IAEA 240930.csv"
"381",2186.25779669774,4904.51148999358,828.168,42.418,28.508,28.508,42.481,"Cellulose Acetate Butyrate (CAB)",91.66,"Comparstic Raman F2Ba Au IAEA 240930.csv"
"32",8634.18489430047,3438.91694937928,708.375,34.819,32.968,32.621,37.578,"Cellulose Acetate Butyrate (CAB)",91.63,"Comparstic Raman F2Ba Au IAEA 240930.csv"
"485",3200.63521669988,-4020.51723030822,357.73,33.001,15.816,15.816,32.148,"Polyacrylamide/acrylate",91.6,"Comparstic Raman F2Ba Au IAEA 240930.csv"
"216",4703.54415024012,6509.03038580908,4894.859,113.922,63.7,63.7,114.022,"Cellulose Acetate Butyrate (CAB)",91.59,"Comparstic Raman F2Ba Au IAEA 240930.csv"
"471",1123.08463210014,-1614.02592037671,605.719,33.296,24.111,23.391,34.673,"Polyethylene terephtalate (PET)",91.59,"Comparstic Raman F2Ba Au IAEA 240930.csv"
"238",2769.51046150939,5085.916846372,770.496,35.036,30.861,30.861,37.345,"Cellulose Acetate Butyrate (CAB)",91.58,"Comparstic Raman F2Ba Au IAEA 240930.csv"
"730",9813.89377834371,1706.38098244863,2039.937,66.21,47.665,47.665,66.572,"Polyethylene terephtalate (PET)",91.53,"Comparstic Raman F2Ba Au IAEA 240930.csv"
"98",7248.38574778934,-1170.84574593322,783.843,36.166,33.87,29.436,42.137,"Cellulose Acetate Butyrate (CAB)",91.51,"Comparstic Raman F2Ba Au IAEA 240930.csv"
"556",3055.39611808045,5888.46332807149,1389.398,51.9,36.84,36.663,52.542,"Cellulose Acetate Butyrate (CAB)",91.5,"Comparstic Raman F2Ba Au IAEA 240930.csv"
"377",6630.68902796914,-3839.68594151327,812.679,37.698,27.19,27.19,38.463,"Cellulose Acetate Butyrate (CAB)",91.44,"Comparstic Raman F2Ba Au IAEA 240930.csv"
"675",8675.51776031075,4529.07129040026,816.634,40.6,28.125,28.125,40.187,"Cellulose Acetate Butyrate (CAB)",91.43,"Comparstic Raman F2Ba Au IAEA 240930.csv"
"237",4659.91501389594,5095.10192770762,324.281,22.819,19.472,18.916,23.521,"Polyethylene terephtalate (PET)",91.41,"Comparstic Raman F2Ba Au IAEA 240930.csv"
"627",4429.71391292205,1798.23179580479,1418.234,56.172,40.244,40.237,58.278,"Cellulose Acetate Butyrate (CAB)",91.38,"Comparstic Raman F2Ba Au IAEA 240930.csv"
"606",10255.3517500368,4611.16295483733,558.099,34.349,24.082,24.082,34.098,"Cellulose Acetate Butyrate (CAB)",91.35,"Comparstic Raman F2Ba Au IAEA 240930.csv"
"12",3433.13258800767,-3.19228114297948,788.622,41.608,26.756,26.756,41.847,"Cellulose Acetate Butyrate (CAB)",91.34,"Comparstic Raman F2Ba Au IAEA 240930.csv"
"735",6336.19235764594,3585.30418316567,735.564,32.247,31.495,29.216,36.166,"Cellulose Acetate Butyrate (CAB)",91.25,"Comparstic Raman F2Ba Au IAEA 240930.csv"
"468",1893.48332912497,3910.80050299658,1345.732,41.59,41.334,41.334,42.874,"Polyamide (PA)",91.23,"Comparstic Raman F2Ba Au IAEA 240930.csv"
"198",8126.13508292419,5171.45291630993,801.145,44.133,23.772,23.772,43.901,"Polyacrylamide/acrylate",91.2,"Comparstic Raman F2Ba Au IAEA 240930.csv"
"273",8245.5411402872,4097.94653520976,1586.801,58.668,37.626,37.626,59.707,"Cellulose Acetate Butyrate (CAB)",91.19,"Comparstic Raman F2Ba Au IAEA 240930.csv"
"404",9871.87460427479,-438.335509417808,1068.413,40.443,35.539,35.539,40.919,"Polyacrylamide/acrylate",91.18,"Comparstic Raman F2Ba Au IAEA 240930.csv"
"132",8146.22744834585,-2144.46436750856,839.208,43.346,26.766,26.766,43.15,"Cellulose Acetate Butyrate (CAB)",91.13,"Comparstic Raman F2Ba Au IAEA 240930.csv"
"641",2726.45539274868,1017.4998822774,857.498,34.858,32.746,30.724,39.756,"Cellulose Acetate Butyrate (CAB)",91.11,"Comparstic Raman F2Ba Au IAEA 240930.csv"
"84",6030.21433565322,-1160.51252943065,1383.301,50.678,36.307,36.255,50.748,"Cellulose Acetate Butyrate (CAB)",91.09,"Comparstic Raman F2Ba Au IAEA 240930.csv"
"669",2146.6471334379,993.389043771404,670.312,35.722,25.573,25.573,35.722,"Cellulose Acetate Butyrate (CAB)",91.08,"Comparstic Raman F2Ba Au IAEA 240930.csv"
"582",10075.6685964088,3750.63564720676,1841.216,62.752,54.33,53.655,69.462,"Cellulose Acetate Butyrate (CAB)",91.08,"Comparstic Raman F2Ba Au IAEA 240930.csv"
"763",10754.7905476609,3500.91624839469,7920.161,115.464,88.396,88.396,123.443,"Polyethylene terephtalate (PET)",91.06,"Comparstic Raman F2Ba Au IAEA 240930.csv"
"508",1307.93439397942,1954.37817851027,635.874,37.134,23.522,23.522,36.778,"Polyacrylamide/acrylate",91.05,"Comparstic Raman F2Ba Au IAEA 240930.csv"
"758",4740.85854316606,5552.63379173801,454.125,32.966,19.764,19.764,32.722,"Polyacrylamide/acrylate",91.04,"Comparstic Raman F2Ba Au IAEA 240930.csv"
"367",7696.73253048412,6228.3113374893,1460.911,49.795,39.778,39.778,53.988,"Polyacrylamide/acrylate",91.04,"Comparstic Raman F2Ba Au IAEA 240930.csv"
"44",5421.12862958515,5390.1726656143,1487.605,60.13,36.538,36.538,60.077,"Cellulose Acetate Butyrate (CAB)",91.04,"Comparstic Raman F2Ba Au IAEA 240930.csv"
"554",2206.92422970288,225.286617080479,13331.267,175.542,110.84,109.476,181.979,"Polyethylene terephtalate (PET)",91.03,"Comparstic Raman F2Ba Au IAEA 240930.csv"
"337",1421.0257079242,1287.88571409461,815.316,45.664,24.85,24.843,47.238,"Cellulose Acetate Butyrate (CAB)",91,"Comparstic Raman F2Ba Au IAEA 240930.csv"
"689",3072.04407800125,-868.312129441353,1900.371,54.85,49.364,49.364,57.002,"Cellulose Acetate Butyrate (CAB)",91,"Comparstic Raman F2Ba Au IAEA 240930.csv"
"561",2472.1434532688,-797.127749090326,32605.538,573.006,160.833,160.833,571.113,"Polyethylene terephtalate (PET)",90.96,"Comparstic Raman F2Ba Au IAEA 240930.csv"
"637",8384.4654954884,5743.79829703553,691.898,35.764,27.184,25.833,38.463,"Cellulose Acetate Butyrate (CAB)",90.96,"Comparstic Raman F2Ba Au IAEA 240930.csv"
"374",871.068962954167,2076.65457379067,4816.92,104.748,66.824,66.824,106.191,"Polyethylene terephtalate (PET)",90.93,"Comparstic Raman F2Ba Au IAEA 240930.csv"
"552",9584.2667449533,4653.06988843108,3575.492,77.04,61.54,61.54,77.221,"Polyethylene terephtalate (PET)",90.88,"Comparstic Raman F2Ba Au IAEA 240930.csv"
"517",9928.70729503891,4724.25426878211,971.194,45.716,37.492,36.88,48.796,"Polyacrylamide/acrylate",90.87,"Comparstic Raman F2Ba Au IAEA 240930.csv"
"284",8049.78409432188,4095.07619729238,603.083,29.84,27.856,25.67,33.87,"Polyamide (PA)",90.86,"Comparstic Raman F2Ba Au IAEA 240930.csv"
"38",5289.09308538567,3430.30593562714,802.463,33.579,31.369,31.365,35.036,"Cellulose Acetate Butyrate (CAB)",90.8,"Comparstic Raman F2Ba Au IAEA 240930.csv"
"417",9904.02238894944,2057.13627595248,733.751,32.132,30.135,26.463,37.929,"Polyacrylamide/acrylate",90.78,"Comparstic Raman F2Ba Au IAEA 240930.csv"
"192",2168.46170160999,5172.60105147688,1356.278,45.262,38.657,38.001,47.575,"Polyethylene terephtalate (PET)",90.75,"Comparstic Raman F2Ba Au IAEA 240930.csv"
"21",9285.75160154576,1576.06764099957,3950.524,84.124,66.733,65.01,87.716,"Polyethylene terephtalate (PET)",90.7,"Comparstic Raman F2Ba Au IAEA 240930.csv"
"779",10541.2374066078,-986.570051637415,685.636,32.722,28.129,27.707,35.707,"Polyacrylamide/acrylate",90.69,"Comparstic Raman F2Ba Au IAEA 240930.csv"
"74",2283.27521830519,-1146.16083984375,1297.452,50.212,32.537,32.512,50.212,"Polyethylene terephtalate (PET)",90.68,"Comparstic Raman F2Ba Au IAEA 240930.csv"
"775",3984.23746814466,3526.74928965111,688.932,35.21,25.263,25.263,37.483,"Cellulose Acetate Butyrate (CAB)",90.68,"Comparstic Raman F2Ba Au IAEA 240930.csv"
"784",5281.63020680048,5.99280019263733,4324.237,82.639,77.563,77.483,91.996,"Cellulose Acetate Butyrate (CAB)",90.65,"Comparstic Raman F2Ba Au IAEA 240930.csv"
"10",9153.1419897628,784.42844338613,30271.969,274.763,170.819,170.819,276.242,"Polyethylene terephtalate (PET)",90.65,"Comparstic Raman F2Ba Au IAEA 240930.csv"
"618",11586.6144761177,1813.15755297517,1671.661,59.703,39.611,39.586,60.23,"Cellulose Acetate Butyrate (CAB)",90.59,"Comparstic Raman F2Ba Au IAEA 240930.csv"
"279",3679.98164890236,-2344.81395414169,658.613,35.898,27.412,27.386,37.888,"Cellulose Acetate Butyrate (CAB)",90.52,"Comparstic Raman F2Ba Au IAEA 240930.csv"
"543",5911.95641345715,-1697.26571998074,595.998,28.703,27.555,24.471,34.073,"Polyacrylamide/acrylate",90.52,"Comparstic Raman F2Ba Au IAEA 240930.csv"
"406",9201.93773435826,1220.71980682791,1088.186,41.81,33.692,33.692,43.388,"Cellulose Acetate Butyrate (CAB)",90.49,"Comparstic Raman F2Ba Au IAEA 240930.csv"
"506",3980.7930626438,1697.19590111301,136970.052,656.575,292.589,292.589,656.253,"Polyethylene terephtalate (PET)",90.42,"Comparstic Raman F2Ba Au IAEA 240930.csv"
"664",4888.3939121194,-839.034682684075,5769.495,118.892,73.901,73.284,120.763,"Polyethylene terephtalate (PET)",90.36,"Comparstic Raman F2Ba Au IAEA 240930.csv"
"14",6015.86264606632,833.798255565069,527.945,35.429,20.538,20.538,35.429,"Cellulose Acetate Butyrate (CAB)",90.32,"Comparstic Raman F2Ba Au IAEA 240930.csv"
"176",7310.95911438823,1452.64311055223,944.006,35.399,35.274,34.17,37.098,"Polyacrylamide/acrylate",90.31,"Comparstic Raman F2Ba Au IAEA 240930.csv"
"665",5269.57478754748,980.759556934931,1305.527,53.993,33.802,33.802,56.224,"Cellulose Acetate Butyrate (CAB)",90.16,"Comparstic Raman F2Ba Au IAEA 240930.csv"
"711",1661.56002540065,122.52851963827,347.844,29.286,19.317,19.317,29.524,"Cellulose Acetate Butyrate (CAB)",90.13,"Comparstic Raman F2Ba Au IAEA 240930.csv"
"57",7869.52687311041,-3226.58176236087,737.376,37.349,26.379,26.379,37.314,"Cellulose Acetate Butyrate (CAB)",90.12,"Comparstic Raman F2Ba Au IAEA 240930.csv"
"291",4450.38034592719,547.912598994007,593.856,35.246,21.609,21.609,36.033,"Cellulose Acetate Butyrate (CAB)",90.11,"Comparstic Raman F2Ba Au IAEA 240930.csv"
"383",6282.23000479919,-1538.24899935788,787.633,40.865,25.633,25.633,42.048,"Polyacrylamide/acrylate",90.09,"Comparstic Raman F2Ba Au IAEA 240930.csv"
"25",1806.22505643661,-3173.76754468108,861.618,35.971,33.627,31.256,44.158,"Cellulose Acetate Butyrate (CAB)",90.02,"Comparstic Raman F2Ba Au IAEA 240930.csv"
"734",934.21639713653,3591.6189265839,899.681,55.611,28.195,28.195,55.753,"Cellulose Acetate Butyrate (CAB)",90.01,"Comparstic Raman F2Ba Au IAEA 240930.csv"
"773",1071.4185495873,3530.19369515197,862.442,35.707,33.385,29.852,43.055,"Polyacrylamide/acrylate",90.01,"Comparstic Raman F2Ba Au IAEA 240930.csv"
"59",6831.03861460227,-50.2658229880135,776.923,35.346,30.411,30.411,36.128,"Cellulose Acetate Butyrate (CAB)",89.94,"Comparstic Raman F2Ba Au IAEA 240930.csv"
"241",8076.19120316178,3132.36485980308,1351.005,66.458,31.238,31.238,66.624,"Cellulose Acetate Butyrate (CAB)",89.85,"Comparstic Raman F2Ba Au IAEA 240930.csv"
"516",5235.13073253892,3848.80120398116,382.282,25.052,22.874,21.189,28.497,"Cellulose Acetate Butyrate (CAB)",89.79,"Comparstic Raman F2Ba Au IAEA 240930.csv"
"764",869.920827787215,-983.699713720034,714.967,46.503,22.249,22.249,46.212,"Cellulose Acetate Butyrate (CAB)",89.73,"Comparstic Raman F2Ba Au IAEA 240930.csv"
"445",3270.67146188396,2876.33071757277,869.362,49.998,23.735,23.735,49.944,"Polyamide (PA)",89.72,"Comparstic Raman F2Ba Au IAEA 240930.csv"
"701",4770.13598992334,2620.29657534247,822.731,42.763,30.511,30.283,45.185,"Polyacrylamide/acrylate",89.66,"Comparstic Raman F2Ba Au IAEA 240930.csv"
"702",6305.19270813823,-4534.88178510274,2682.237,75.008,50.638,50.638,76.558,"Polyamide (PA)",89.65,"Comparstic Raman F2Ba Au IAEA 240930.csv"
"487",7227.14524720073,3885.54152932363,697.171,38.323,27.977,27.977,38.463,"Cellulose Acetate Butyrate (CAB)",89.62,"Comparstic Raman F2Ba Au IAEA 240930.csv"
"251",976.697398313756,1377.44025711687,610.168,28.703,27.555,26.385,31.256,"Polyethylene terephtalate (PET)",89.5,"Comparstic Raman F2Ba Au IAEA 240930.csv"
"58",9988.98439130389,4332.16610926798,1505.071,45.877,44.733,42.855,50.833,"Polyamide (PA)",89.47,"Comparstic Raman F2Ba Au IAEA 240930.csv"
"329",568.535346462301,-362.558588398972,779.229,36.371,29.227,29.227,37.761,"Cellulose Acetate Butyrate (CAB)",89.26,"Comparstic Raman F2Ba Au IAEA 240930.csv"
"219",4150.14299976923,-248.319139287243,638.016,32.479,25.62,25.62,33.416,"Cellulose Acetate Butyrate (CAB)",89.24,"Comparstic Raman F2Ba Au IAEA 240930.csv"
"640",9298.38108838224,1727.04741545377,5064.415,178.12,46.122,46.122,178.171,"Polyamide (PA)",89.23,"Comparstic Raman F2Ba Au IAEA 240930.csv"
"511",908.383355880108,1122.55425005351,1980.782,61.787,42.466,42.46,61.999,"Polyethylene terephtalate (PET)",89.17,"Comparstic Raman F2Ba Au IAEA 240930.csv"
"260",4601.36012038139,2208.11605040668,479.006,35.121,18.955,18.916,34.444,"Polyamide (PA)",89.13,"Comparstic Raman F2Ba Au IAEA 240930.csv"
"8",6240.32307120544,3490.00896430865,457.915,37.438,21.566,21.566,37.314,"Cellulose Acetate Butyrate (CAB)",89.01,"Comparstic Raman F2Ba Au IAEA 240930.csv"
"712",9495.86033709799,-2958.49220087757,555.133,29.764,25.889,25.833,29.852,"Cellulose Acetate Butyrate (CAB)",88.91,"Comparstic Raman F2Ba Au IAEA 240930.csv"
"714",3679.98164890236,4414.83184128853,16199.536,172.347,122.889,122.889,171.532,"Polyethylene terephtalate (PET)",88.89,"Comparstic Raman F2Ba Au IAEA 240930.csv"
"494",11049.2872179841,1960.11885434503,1372.755,51.553,35.316,35.272,51.553,"Polyacrylamide/acrylate",88.85,"Comparstic Raman F2Ba Au IAEA 240930.csv"
"369",6192.67546177693,6231.75574299015,583.31,38.377,21.691,21.192,40.185,"Polyacrylamide/acrylate",88.85,"Comparstic Raman F2Ba Au IAEA 240930.csv"
"371",8053.22849982273,-3833.37119809503,683.494,40.301,21.603,21.519,41.334,"Cellulose Acetate Butyrate (CAB)",88.83,"Comparstic Raman F2Ba Au IAEA 240930.csv"
"726",3301.09704380819,4456.73877488228,419.192,26.224,20.681,20.467,26.443,"Polyethylene terephtalate (PET)",88.76,"Comparstic Raman F2Ba Au IAEA 240930.csv"
"518",878.531841539355,2812.03514822346,809.548,36.626,36.611,33.313,44.671,"Polyacrylamide/acrylate",88.72,"Comparstic Raman F2Ba Au IAEA 240930.csv"
"745",5869.47541227993,4434.92420671019,563.701,30.338,24.947,24.947,31,"Polyethylene terephtalate (PET)",88.71,"Comparstic Raman F2Ba Au IAEA 240930.csv"
"193",704.589363746119,4095.65026487586,32592.521,249.366,176.886,174.968,256.952,"Polyethylene terephtalate (PET)",88.68,"Comparstic Raman F2Ba Au IAEA 240930.csv"
"152",9335.1214137247,-1233.99318011558,1107.794,38.112,36.923,36.014,45.021,"Polyamide (PA)",88.67,"Comparstic Raman F2Ba Au IAEA 240930.csv"
"91",10118.7236651695,-1167.40134043236,878.919,41.792,32.837,32.766,43.055,"Cellulose Acetate Butyrate (CAB)",88.65,"Comparstic Raman F2Ba Au IAEA 240930.csv"
"596",2962.39716955733,-713.887949486301,673.772,29.826,29.265,28.244,35.172,"Cellulose Acetate Butyrate (CAB)",88.63,"Comparstic Raman F2Ba Au IAEA 240930.csv"
"551",7248.38574778934,-1703.0063958155,416.885,29.593,20.851,19.671,32.348,"Cellulose Acetate Butyrate (CAB)",88.47,"Comparstic Raman F2Ba Au IAEA 240930.csv"
"410",4895.28272312111,6166.88610605736,352.458,25.979,18.673,17.623,28.754,"Cellulose Acetate Butyrate (CAB)",88.32,"Comparstic Raman F2Ba Au IAEA 240930.csv"
"157",3450.35461551195,695.447967947346,519.047,26.629,23.869,23.669,29.227,"Polyamide (PA)",88.27,"Comparstic Raman F2Ba Au IAEA 240930.csv"
"742",10140.5382333416,1700.06623903039,1126.579,49.527,34.867,34.867,49.37,"Cellulose Acetate Butyrate (CAB)",88.12,"Comparstic Raman F2Ba Au IAEA 240930.csv"
"212",11045.8428124833,-224.20830078125,360.861,24.111,20.092,20.086,24.922,"Polyacrylamide/acrylate",88.07,"Comparstic Raman F2Ba Au IAEA 240930.csv"
"373",8250.70774853849,2097.89507437928,707.387,32.592,28.224,28.224,35.942,"Cellulose Acetate Butyrate (CAB)",87.94,"Comparstic Raman F2Ba Au IAEA 240930.csv"
"376",2269.49759630177,-405.613657159674,398.266,28.391,22.809,21.492,30.551,"Cellulose Acetate Butyrate (CAB)",87.79,"Comparstic Raman F2Ba Au IAEA 240930.csv"
"67",6374.65488573883,1522.6793557363,1476.894,58.064,38.974,38.974,58.886,"Polyamide (PA)",87.74,"Comparstic Raman F2Ba Au IAEA 240930.csv"
"258",9724.33923532145,-3628.42907079409,846.953,36.856,35.352,33.473,39.611,"Polyacrylamide/acrylate",87.54,"Comparstic Raman F2Ba Au IAEA 240930.csv"
"9",4150.14299976923,2504.33492348031,837.56,39.417,30.921,30.921,39.793,"Polyacrylamide/acrylate",87.49,"Comparstic Raman F2Ba Au IAEA 240930.csv"
"401",7331.05147980989,-3875.85219927226,995.746,42.108,33.686,33.562,42.622,"Polyacrylamide/acrylate",87.39,"Comparstic Raman F2Ba Au IAEA 240930.csv"
"18",8026.24732339936,3452.12050379923,1277.185,56.95,31.175,31.175,57.737,"Cellulose Acetate Butyrate (CAB)",87.24,"Comparstic Raman F2Ba Au IAEA 240930.csv"
"339",1714.37424308045,-2417.14646965967,676.244,44.203,21.241,21.241,45.747,"Cellulose Acetate Butyrate (CAB)",87.22,"Comparstic Raman F2Ba Au IAEA 240930.csv"
"719",1020.90060224141,105.880559717466,664.38,35.172,24.389,24.389,35.187,"Polyamide (PA)",87.21,"Comparstic Raman F2Ba Au IAEA 240930.csv"
"133",6931.50044171058,-3525.09690576841,5492.175,214.864,52.029,52.029,215.275,"Polyamide (PA)",87.21,"Comparstic Raman F2Ba Au IAEA 240930.csv"
"398",11506.245014431,-425.706022581336,727.654,37.693,28.131,28.129,40.593,"Cellulose Acetate Butyrate (CAB)",87.18,"Comparstic Raman F2Ba Au IAEA 240930.csv"
"462",5747.77308458301,2848.20140598245,2307.534,68.645,42.399,42.365,68.769,"Polyamide (PA)",87.17,"Comparstic Raman F2Ba Au IAEA 240930.csv"
"393",6567.54159378678,3980.26268059717,17641.663,383.809,72.727,72.727,381.657,"Polyamide (PA)",87.1,"Comparstic Raman F2Ba Au IAEA 240930.csv"
"211",8575.63000078592,-3504.43047276327,1718.128,62.766,44.77,44.397,63.147,"Cellulose Acetate Butyrate (CAB)",86.99,"Comparstic Raman F2Ba Au IAEA 240930.csv"
"333",5759.82850383601,1295.34859267979,504.711,32.722,21.241,21.111,32.858,"Cellulose Acetate Butyrate (CAB)",86.98,"Comparstic Raman F2Ba Au IAEA 240930.csv"
"656",1505.41364269518,190.842562071918,641.97,36.514,22.086,22.086,38.567,"Cellulose Acetate Butyrate (CAB)",86.94,"Comparstic Raman F2Ba Au IAEA 240930.csv"
"105",8302.9478986348,3350.51054152397,765.883,39.037,26.981,26.766,39.037,"Cellulose Acetate Butyrate (CAB)",86.83,"Comparstic Raman F2Ba Au IAEA 240930.csv"
"473",1461.21043876752,2865.99750107021,332.849,20.702,20.702,19.837,22.138,"Polyethylene terephtalate (PET)",86.82,"Comparstic Raman F2Ba Au IAEA 240930.csv"
"277",5972.23350972214,562.264288580907,347.679,31.236,18.191,17.335,32.88,"Cellulose Acetate Butyrate (CAB)",86.72,"Comparstic Raman F2Ba Au IAEA 240930.csv"
"204",4129.47656676409,6595.71459091396,678.716,33.587,27.467,27.465,33.985,"Polyacrylamide/acrylate",86.69,"Comparstic Raman F2Ba Au IAEA 240930.csv"
"411",8788.60907425552,410.13637895976,2265.516,73.525,44.424,44.424,73.168,"Polyacrylamide/acrylate",86.66,"Comparstic Raman F2Ba Au IAEA 240930.csv"
"610",6594.52277021015,3724.22853836687,1558.788,56.601,44.629,44.629,56.833,"Polyacrylamide/acrylate",86.63,"Comparstic Raman F2Ba Au IAEA 240930.csv"
"488",8375.85448173626,2813.18328339041,4904.581,94.228,71.388,69.839,97.017,"Polyethylene terephtalate (PET)",86.6,"Comparstic Raman F2Ba Au IAEA 240930.csv"
"578",5561.77518753678,5842.53792139341,2588.314,74.965,45.955,45.642,75.097,"Polyamide (PA)",86.57,"Comparstic Raman F2Ba Au IAEA 240930.csv"
"591",1737.33694641949,1848.74974315068,905.778,39.537,32.605,32.605,40.82,"Cellulose Acetate Butyrate (CAB)",86.37,"Comparstic Raman F2Ba Au IAEA 240930.csv"
"305",5929.75250854491,4994.64010059932,1065.612,41.078,34.709,34.709,41.334,"Polyacrylamide/acrylate",86.35,"Comparstic Raman F2Ba Au IAEA 240930.csv"
"266",1234.45374329449,-2327.01785905394,635.709,34.91,28.009,26.914,37.215,"Cellulose Acetate Butyrate (CAB)",86.25,"Comparstic Raman F2Ba Au IAEA 240930.csv"
"384",6917.14875212368,4013.55860043878,696.347,35.018,27.555,27.278,36.456,"Cellulose Acetate Butyrate (CAB)",86.2,"Comparstic Raman F2Ba Au IAEA 240930.csv"
"541",1771.78100142805,4689.81021377354,787.963,35.316,29.227,29.116,36.779,"Polyacrylamide/acrylate",86.13,"Comparstic Raman F2Ba Au IAEA 240930.csv"
"358",8836.25668368403,-1507.82341743365,749.734,31.662,30.249,29.886,34.659,"Polyacrylamide/acrylate",85.96,"Comparstic Raman F2Ba Au IAEA 240930.csv"
"342",2355.60773382317,1287.31164651113,674.102,33.945,29.219,28.934,37.996,"Polyacrylamide/acrylate",85.66,"Comparstic Raman F2Ba Au IAEA 240930.csv"
"676",6258.1191662932,-835.590277183219,314.394,20.301,20.301,19.566,21.815,"Polyamide (PA)",85.53,"Comparstic Raman F2Ba Au IAEA 240930.csv"
"625",2546.77223912069,3713.8953218643,711.836,32.564,27.373,26.791,34.222,"Polyacrylamide/acrylate",85.48,"Comparstic Raman F2Ba Au IAEA 240930.csv"
"431",11358.1355778942,-482.538713345462,692.886,36.396,30.861,30.861,36.74,"Cellulose Acetate Butyrate (CAB)",85.46,"Comparstic Raman F2Ba Au IAEA 240930.csv"
"217",1143.1769975218,633.448668931935,518.223,31.691,21.781,21.781,31.574,"Polyethylene terephtalate (PET)",85.41,"Comparstic Raman F2Ba Au IAEA 240930.csv"
"433",6610.022594964,2897.57121816139,1523.691,54.425,41.245,40.287,56.424,"Polyamide (PA)",85.39,"Comparstic Raman F2Ba Au IAEA 240930.csv"
"327",5762.69884175339,488.783637895976,4953.026,112.58,60.62,60.395,112.184,"Polyamide (PA)",85.32,"Comparstic Raman F2Ba Au IAEA 240930.csv"
"259",2307.96012439466,1363.08856752997,792.247,39.433,26.697,26.697,39.375,"Polyamide (PA)",85.17,"Comparstic Raman F2Ba Au IAEA 240930.csv"
"725",9922.96661920415,-1917.70767203553,539.809,31.522,21.99,21.99,32.88,"Cellulose Acetate Butyrate (CAB)",85.09,"Comparstic Raman F2Ba Au IAEA 240930.csv"
"409",7500.9754845188,3981.41081576413,765.223,33.511,30.834,30.241,35.37,"Cellulose Acetate Butyrate (CAB)",84.92,"Comparstic Raman F2Ba Au IAEA 240930.csv"
"469",1720.11491891521,2846.47920323202,3365.566,87.167,63.385,63.385,86.684,"Polyacrylamide/acrylate",84.88,"Comparstic Raman F2Ba Au IAEA 240930.csv"
"207",1242.49068946316,-227.07863869863,649.715,39.705,23.05,22.914,40.185,"Cellulose Acetate Butyrate (CAB)",84.73,"Comparstic Raman F2Ba Au IAEA 240930.csv"
"600",5039.37368657359,-4265.64408845248,827.015,43.571,27.627,27.627,45.058,"Polyacrylamide/acrylate",84.44,"Comparstic Raman F2Ba Au IAEA 240930.csv"
"169",7127.2574876759,2333.83685118793,401.891,23.537,22.389,22.389,23.755,"Polyamide (PA)",84.41,"Comparstic Raman F2Ba Au IAEA 240930.csv"
"762",5855.12372269303,-4774.26796741224,1530.776,63.635,35.778,35.778,64.325,"Polyamide (PA)",84.3,"Comparstic Raman F2Ba Au IAEA 240930.csv"
"661",842.365583780365,-836.164344766696,1948.98,82.778,37.283,37.283,83.369,"Polyamide (PA)",84.24,"Comparstic Raman F2Ba Au IAEA 240930.csv"
"619",4409.62154750039,4576.14483224529,3068.473,68.439,65.633,62.199,74.413,"Polyamide (PA)",84.19,"Comparstic Raman F2Ba Au IAEA 240930.csv"
"537",4630.63756713866,1113.94323630137,717.109,38.674,25.727,24.505,40.664,"Cellulose Acetate Butyrate (CAB)",83.97,"Comparstic Raman F2Ba Au IAEA 240930.csv"
"622",5275.88953096572,4596.23719766695,402.055,24.68,22.164,22.164,25.316,"Cellulose Acetate Butyrate (CAB)",83.4,"Comparstic Raman F2Ba Au IAEA 240930.csv"
"533",9310.43650763523,2777.01702563142,2741.721,76.506,47.752,47.752,76.506,"Polyamide (PA)",83.37,"Comparstic Raman F2Ba Au IAEA 240930.csv"
"248",5361.99966848712,-1363.15838639769,6327.099,181.286,63.243,63.243,180.995,"Polyamide (PA)",83.36,"Comparstic Raman F2Ba Au IAEA 240930.csv"
"437",7455.05007784071,-479.668375428082,696.182,47.314,19.763,19.763,47.088,"Polyacrylamide/acrylate",83.08,"Comparstic Raman F2Ba Au IAEA 240930.csv"
"738",8385.03956307188,5548.04125107021,3252.859,93.363,56.424,56.424,94.02,"Polyethylene terephtalate (PET)",83.02,"Comparstic Raman F2Ba Au IAEA 240930.csv"
"43",8753.01688408001,-1085.30967599529,1206.99,43.993,40.405,40.405,47.478,"Cellulose Acetate Butyrate (CAB)",83,"Comparstic Raman F2Ba Au IAEA 240930.csv"
"499",5866.60507436255,-1646.74777263485,364.486,23.401,23.139,20.53,27.23,"Cellulose Acetate Butyrate (CAB)",82.9,"Comparstic Raman F2Ba Au IAEA 240930.csv"
"278",7026.7956605676,4100.81687312714,649.385,29.852,28.129,25.912,34.91,"Polyacrylamide/acrylate",82.8,"Comparstic Raman F2Ba Au IAEA 240930.csv"
"535",9387.36156382102,2786.77617455051,1105.158,55.622,26.021,26.021,55.454,"Polyamide (PA)",82.58,"Comparstic Raman F2Ba Au IAEA 240930.csv"
"555",5941.23386021443,-1712.76554473459,678.88,32.148,28.129,28.129,33.632,"Cellulose Acetate Butyrate (CAB)",82.54,"Comparstic Raman F2Ba Au IAEA 240930.csv"
"691",7495.23480868404,-2911.99272661601,506.524,26.867,24.326,24.326,27.344,"Polyacrylamide/acrylate",82.28,"Comparstic Raman F2Ba Au IAEA 240930.csv"
"366",5088.16943116906,480.172624143835,606.873,31,26.981,26.157,36.128,"Cellulose Acetate Butyrate (CAB)",82.27,"Comparstic Raman F2Ba Au IAEA 240930.csv"
"127",1302.76778572814,-113.413257170377,461.045,28.478,24.706,24.523,32.88,"Cellulose Acetate Butyrate (CAB)",82.22,"Comparstic Raman F2Ba Au IAEA 240930.csv"
"370",2952.06395305476,-1534.80459385702,694.04,38.451,24.518,24.389,39.537,"Polyacrylamide/acrylate",81.96,"Comparstic Raman F2Ba Au IAEA 240930.csv"
"770",8434.40937525082,3390.69527236729,12349.526,329.486,108.098,108.098,329.899,"Polyamide (PA)",81.93,"Comparstic Raman F2Ba Au IAEA 240930.csv"
"495",7076.73954033001,5984.90668209546,1391.046,44.713,40.432,40.411,45.925,"Cellulose Acetate Butyrate (CAB)",81.85,"Comparstic Raman F2Ba Au IAEA 240930.csv"
"254",7699.02880081803,3115.1428322988,1056.878,42.141,34.876,34.876,44.777,"Polyamide (PA)",81.82,"Comparstic Raman F2Ba Au IAEA 240930.csv"
"642",4659.91501389594,200.027643407534,868.703,37.314,29.852,29.852,37.76,"Polyamide (PA)",81.8,"Comparstic Raman F2Ba Au IAEA 240930.csv"
"209",7645.64051555476,-2234.01891053082,825.037,39.611,31,31,41.441,"Polyacrylamide/acrylate",81.76,"Comparstic Raman F2Ba Au IAEA 240930.csv"
"185",9089.99455558044,3176.56806373074,5918.782,138.258,56.566,56.566,138.247,"Polyamide (PA)",81.69,"Comparstic Raman F2Ba Au IAEA 240930.csv"
"687",9652.58078738694,3647.87754976455,483.29,25.833,25.259,25.231,28.821,"Cellulose Acetate Butyrate (CAB)",81.68,"Comparstic Raman F2Ba Au IAEA 240930.csv"
"547",8941.31105146015,2760.94313329409,2083.603,67.74,39.611,39.611,68.277,"Polyamide (PA)",81.62,"Comparstic Raman F2Ba Au IAEA 240930.csv"
"467",1466.37704701881,4807.49406838613,1417.41,47.744,39.212,38.897,49.131,"Polyamide (PA)",81.46,"Comparstic Raman F2Ba Au IAEA 240930.csv"
"788",4856.82019502822,2510.64966689854,1124.931,44.154,31.431,31.406,46.047,"Polyacrylamide/acrylate",81.33,"Comparstic Raman F2Ba Au IAEA 240930.csv"
"536",6969.96296980347,-2670.3102739726,605.555,35.772,25.073,24.91,37.314,"Polyacrylamide/acrylate",81.23,"Comparstic Raman F2Ba Au IAEA 240930.csv"
"239",10364.4245908972,4082.44671045591,35471.83,426.172,250.3,242.64,481.892,"Polyethylene terephtalate (PET)",81.1,"Comparstic Raman F2Ba Au IAEA 240930.csv"
"181",9358.65818464722,3208.71584840539,9978.883,119.974,110.443,106.569,127.464,"Polyethylene terephtalate (PET)",80.93,"Comparstic Raman F2Ba Au IAEA 240930.csv"
"493",2269.49759630177,4759.27239137414,4039.174,94.151,57.665,57.295,94.721,"Polyamide (PA)",80.9,"Comparstic Raman F2Ba Au IAEA 240930.csv"
"223",9019.95831039636,3167.9570499786,712.001,32.474,31.256,30.06,33.375,"Polyacrylamide/acrylate",80.85,"Comparstic Raman F2Ba Au IAEA 240930.csv"
"636",7213.36762519731,3688.06228060788,646.914,40.083,20.975,20.975,40.593,"Polyacrylamide/acrylate",80.84,"Comparstic Raman F2Ba Au IAEA 240930.csv"
"246",7202.46034111126,6452.19769504495,381.788,50.111,15.284,15.284,49.806,"Cellulose Acetate Butyrate (CAB)",80.79,"Comparstic Raman F2Ba Au IAEA 240930.csv"
"160",7142.75731242976,-155.320190764127,370.089,30.834,21.621,21.37,33.888,"Polyacrylamide/acrylate",80.71,"Comparstic Raman F2Ba Au IAEA 240930.csv"
"677",6110.58379733986,986.500232769692,372.89,25.474,20.808,20.488,28.009,"Cellulose Acetate Butyrate (CAB)",80.43,"Comparstic Raman F2Ba Au IAEA 240930.csv"
"392",2613.36407880391,3997.48470810146,2427.492,70.215,45.218,45.195,71.443,"Polyamide (PA)",80.39,"Comparstic Raman F2Ba Au IAEA 240930.csv"
"7",9445.91645733557,1605.91915534033,2402.61,65.042,50.408,50.057,70.737,"Polyacrylamide/acrylate",80.3,"Comparstic Raman F2Ba Au IAEA 240930.csv"
"121",3828.66515302266,2390.66954195205,412.766,31.965,21.345,21.345,31.835,"Polyacrylamide/acrylate",80.25,"Comparstic Raman F2Ba Au IAEA 240930.csv"
"338",7269.05218079448,-413.650603328339,11281.279,149.996,111.704,111.704,163.995,"Polyethylene terephtalate (PET)",80.21,"Comparstic Raman F2Ba Au IAEA 240930.csv"
"724",1750.54050083944,1713.84386103382,582.156,40.16,19.818,19.818,39.611,"Polyacrylamide/acrylate",79.8,"Comparstic Raman F2Ba Au IAEA 240930.csv"
"674",6673.74409672984,-2891.32629361087,422.158,32.56,24.171,24.171,32.148,"Cellulose Acetate Butyrate (CAB)",79.66,"Comparstic Raman F2Ba Au IAEA 240930.csv"
"695",9238.67805970073,2629.48165667808,748.251,32.024,28.45,28.45,35.316,"Polyacrylamide/acrylate",79.44,"Comparstic Raman F2Ba Au IAEA 240930.csv"
"323",4959.00422488695,6308.68079917594,1477.883,47.384,44.272,42.935,51.012,"Polyacrylamide/acrylate",79.1,"Comparstic Raman F2Ba Au IAEA 240930.csv"
"96",1966.9639798099,2395.26208261986,2744.028,73.561,53.734,51.65,79.254,"Polyamide (PA)",78.96,"Comparstic Raman F2Ba Au IAEA 240930.csv"
"614",7703.04727390236,-2816.12344017551,959.825,42.129,31.875,31.261,43.629,"Cellulose Acetate Butyrate (CAB)",78.95,"Comparstic Raman F2Ba Au IAEA 240930.csv"
"707",6837.35335802051,-2945.28864645762,897.045,38.152,34.406,34.406,39.28,"Polyacrylamide/acrylate",78.9,"Comparstic Raman F2Ba Au IAEA 240930.csv"
"565",3531.87221236555,-2759.29074941139,5365.297,111.024,68.403,68.403,110.439,"Polyamide (PA)",78.5,"Comparstic Raman F2Ba Au IAEA 240930.csv"
"420",6794.29828925981,-1574.98932470034,411.118,36.813,16.733,16.733,37.226,"Cellulose Acetate Butyrate (CAB)",78.42,"Comparstic Raman F2Ba Au IAEA 240930.csv"
"461",9102.62404241691,363.062837114726,4896.013,168.502,53.361,53.361,169.678,"Polyamide (PA)",78.3,"Comparstic Raman F2Ba Au IAEA 240930.csv"
"19",606.423806971718,-1046.8471479024,750.064,34.915,32.091,31,40.307,"Cellulose Acetate Butyrate (CAB)",77.82,"Comparstic Raman F2Ba Au IAEA 240930.csv"
"544",7349.9957100646,-2684.6619635595,767.366,70.679,33.82,33.82,69.819,"Polyacrylamide/acrylate",77.82,"Comparstic Raman F2Ba Au IAEA 240930.csv"
"498",7308.08877647085,1954.37817851027,626.976,38.261,25.669,25.669,38.486,"Polyacrylamide/acrylate",77.29,"Comparstic Raman F2Ba Au IAEA 240930.csv"
"350",8015.91410689679,4946.9924911708,573.588,34.484,22.166,22.166,34.444,"Polyacrylamide/acrylate",77.26,"Comparstic Raman F2Ba Au IAEA 240930.csv"
"225",11765.1494945787,616.80070901113,579.52,27.698,27.366,25.887,30.317,"Polyacrylamide/acrylate",77.16,"Comparstic Raman F2Ba Au IAEA 240930.csv"
"40",8976.90324163566,4308.05527076199,7157.41,335.248,77.726,77.726,321.478,"Polyamide (PA)",77.09,"Comparstic Raman F2Ba Au IAEA 240930.csv"
"678",7496.38294385099,167.879858732877,593.856,33.888,23.363,23.363,33.888,"Polyacrylamide/acrylate",77.05,"Comparstic Raman F2Ba Au IAEA 240930.csv"
"285",2200.03541870117,-2337.35107555651,432.21,30.662,29.503,29.503,36.939,"Cellulose Acetate Butyrate (CAB)",76.98,"Comparstic Raman F2Ba Au IAEA 240930.csv"
"269",6299.45203230347,-308.596235552226,967.075,38.517,33.331,31.574,40.759,"Polyamide (PA)",76.88,"Comparstic Raman F2Ba Au IAEA 240930.csv"
"509",2180.51712086298,2825.81277022688,374.043,26.181,20.964,20.964,30.808,"Polyacrylamide/acrylate",76.67,"Comparstic Raman F2Ba Au IAEA 240930.csv"
"492",5826.42034351923,4773.05001337757,559.252,29.59,25.052,24.878,29.852,"Polyamide (PA)",76.53,"Comparstic Raman F2Ba Au IAEA 240930.csv"
"122",8462.53868684114,-3331.06206255351,784.502,41.907,25.833,25.833,41.77,"Polyacrylamide/acrylate",76,"Comparstic Raman F2Ba Au IAEA 240930.csv"
"463",2333.21909806761,-2556.64489244435,614.123,34.444,23.537,23.537,35.686,"Cellulose Acetate Butyrate (CAB)",76,"Comparstic Raman F2Ba Au IAEA 240930.csv"
"768",9467.15695792419,2545.09372190711,775.44,40.656,25.34,25.34,40.05,"Polyamide (PA)",75.88,"Comparstic Raman F2Ba Au IAEA 240930.csv"
"481",7262.16336979277,4794.29051396618,510.808,28.158,24.701,24.701,28.821,"Polyacrylamide/acrylate",75.83,"Comparstic Raman F2Ba Au IAEA 240930.csv"
"228",3585.26049762882,3154.75349555865,602.589,31.727,29.162,27.882,34.504,"Polyacrylamide/acrylate",75.57,"Comparstic Raman F2Ba Au IAEA 240930.csv"
"435",4078.9586194182,-483.686848512414,736.058,42.59,24.328,24.305,43.84,"Cellulose Acetate Butyrate (CAB)",75.39,"Comparstic Raman F2Ba Au IAEA 240930.csv"
"573",5539.38655178121,1074.33257304152,942.029,43.055,37.888,35.204,51.959,"Cellulose Acetate Butyrate (CAB)",75.02,"Comparstic Raman F2Ba Au IAEA 240930.csv"
"602",9422.95375399653,-2790.29039891909,321.315,31.256,15.831,15.831,31.256,"Cellulose Acetate Butyrate (CAB)",74.23,"Comparstic Raman F2Ba Au IAEA 240930.csv"
"545",5010.09623981632,-4145.66396350599,463.517,36.279,22.565,22.565,36.713,"Cellulose Acetate Butyrate (CAB)",73.93,"Comparstic Raman F2Ba Au IAEA 240930.csv"
"147",7763.32437016734,3298.27039142765,1888.013,66.129,35.144,35.144,66.166,"Polyamide (PA)",73.52,"Comparstic Raman F2Ba Au IAEA 240930.csv"
"119",8746.1280730783,-108.246648919093,795.048,37.036,29.099,27.508,43.434,"Cellulose Acetate Butyrate (CAB)",73.4,"Comparstic Raman F2Ba Au IAEA 240930.csv"
"752",5472.794712098,-3047.47267631635,854.368,38.639,31.936,31.936,39.023,"Polyacrylamide/acrylate",73.33,"Comparstic Raman F2Ba Au IAEA 240930.csv"
"53",6397.61758907787,2450.37257063356,1765.583,49.117,46.682,46.63,50.319,"Polyamide (PA)",73.25,"Comparstic Raman F2Ba Au IAEA 240930.csv"
"415",-126.660497127167,6160.57136263913,500.427,35.722,18.673,18.673,37.483,"Polyacrylamide/acrylate",72.76,"Comparstic Raman F2Ba Au IAEA 240930.csv"
"651",7589.95595995758,-804.016560092037,429.408,37.432,19.115,19.115,36.939,"Polyacrylamide/acrylate",72.75,"Comparstic Raman F2Ba Au IAEA 240930.csv"
"542",2492.80988627394,-2684.08789597603,1373.415,47.303,40.07,39.085,51.666,"Polyacrylamide/acrylate",72.48,"Comparstic Raman F2Ba Au IAEA 240930.csv"
"73",9797.81988600638,3390.69527236729,319.502,32.068,22.732,22.732,35.018,"Polyacrylamide/acrylate",72.1,"Comparstic Raman F2Ba Au IAEA 240930.csv"
"201",4332.69649131461,2236.245361997,9582.43,120.396,107.152,102.984,128.642,"Polyethylene terephtalate (PET)",71.58,"Comparstic Raman F2Ba Au IAEA 240930.csv"
"594",2174.20237744475,-1767.87603274829,807.077,42.334,24.514,24.389,42.725,"Polyamide (PA)",71.19,"Comparstic Raman F2Ba Au IAEA 240930.csv"
"500",10187.0377076031,3866.02323148545,484.114,25.573,25.167,24.634,26.187,"Polyamide (PA)",71.04,"Comparstic Raman F2Ba Au IAEA 240930.csv"
"559",2198.88728353422,-2709.92093723245,332.52,23.122,21.518,20.361,23.758,"Polyacrylamide/acrylate",70.93,"Comparstic Raman F2Ba Au IAEA 240930.csv"
"440",10996.4730003043,2035.89577536387,793.235,37.669,28.31,28.31,37.888,"Polyacrylamide/acrylate",70.24,"Comparstic Raman F2Ba Au IAEA 240930.csv"
"512",6481.43145626537,-596.204094873716,535.03,29.57,26.101,26.101,30.85,"Polyacrylamide/acrylate",70.21,"Comparstic Raman F2Ba Au IAEA 240930.csv"
"118",9996.44726988908,1511.19800406678,410.953,30.732,18.962,18.962,32.003,"Polyacrylamide/acrylate",70.17,"Comparstic Raman F2Ba Au IAEA 240930.csv"
"769",10563.0519747799,898.093824914384,554.309,32.942,23.762,23.762,32.88,"Polyacrylamide/acrylate",70.17,"Comparstic Raman F2Ba Au IAEA 240930.csv"
"78",8469.42749784285,-3262.17395253639,586.935,31.574,25.833,24.783,34.098,"Polyacrylamide/acrylate",70.03,"Comparstic Raman F2Ba Au IAEA 240930.csv"
"427",7035.40667431974,4849.97506956336,495.154,40.877,22.762,22.762,40.795,"Polyacrylamide/acrylate",69.8,"Comparstic Raman F2Ba Au IAEA 240930.csv"
"93",4440.6211970081,-3288.00699379281,411.283,26.47,20.142,20.142,27.555,"Polyacrylamide/acrylate",69.78,"Comparstic Raman F2Ba Au IAEA 240930.csv"
"696",4972.2077793069,4499.79384364298,351.634,25.043,20.095,20.018,26.43,"Polyacrylamide/acrylate",69.48,"Comparstic Raman F2Ba Au IAEA 240930.csv"
"608",5630.08922997043,1836.12025631421,753.03,39.773,31.985,31.985,40.934,"Cellulose Acetate Butyrate (CAB)",69.14,"Comparstic Raman F2Ba Au IAEA 240930.csv"
"308",5457.29488734414,4062.92841261772,592.208,48.688,18.032,18.032,48.222,"Polyacrylamide/acrylate",69.09,"Comparstic Raman F2Ba Au IAEA 240930.csv"
"116",6476.26484801409,-1187.49370585402,484.609,26.981,26.407,24.366,29.781,"Polyacrylamide/acrylate",68.88,"Comparstic Raman F2Ba Au IAEA 240930.csv"
"399",11662.96546472,2080.673046875,694.205,34.886,28.173,28.173,36.199,"Polyacrylamide/acrylate",68.57,"Comparstic Raman F2Ba Au IAEA 240930.csv"
"249",4678.28517656717,4131.24245505137,349.162,34.603,17.133,16.929,36.533,"Polyacrylamide/acrylate",68.36,"Comparstic Raman F2Ba Au IAEA 240930.csv"
"585",3835.55396402437,1859.08295965325,705.409,40.185,24.111,24.111,40.656,"Cellulose Acetate Butyrate (CAB)",68.28,"Comparstic Raman F2Ba Au IAEA 240930.csv"
"458",1838.94690869475,2016.37747752569,789.775,44.762,24.539,24.539,44.671,"Polyacrylamide/acrylate",68.25,"Comparstic Raman F2Ba Au IAEA 240930.csv"
"304",979.567736231136,3074.95810145548,413.59,32.723,19.022,19.022,32.722,"Polyurethane (PU)",68.2,"Comparstic Raman F2Ba Au IAEA 240930.csv"
"86",6938.38925271229,1516.36461231807,3342.497,85.642,51.682,51.68,86.11,"Polyethylene terephtalate (PET)",67.26,"Comparstic Raman F2Ba Au IAEA 240930.csv"
"496",7473.42024051195,5987.20295242937,751.217,36.589,28.497,28.497,36.939,"Polyacrylamide/acrylate",67.26,"Comparstic Raman F2Ba Au IAEA 240930.csv"
"456",10319.0732518026,2880.34919065711,538.326,28.129,25.259,25.259,29.339,"Polyamide (PA)",66.75,"Comparstic Raman F2Ba Au IAEA 240930.csv"
"167",9301.82549388309,3266.122606753,348.173,34.833,27.152,27.152,36.166,"Polyacrylamide/acrylate",66.46,"Comparstic Raman F2Ba Au IAEA 240930.csv"
"767",3955.53408897086,4411.96150337115,697.171,36.128,29.227,28.703,38.463,"Cellulose Acetate Butyrate (CAB)",66.28,"Comparstic Raman F2Ba Au IAEA 240930.csv"
"234",1339.5081110706,2229.35655099529,437.153,24.087,23.809,23.749,25.979,"Polyethylene (PE)",66.19,"Comparstic Raman F2Ba Au IAEA 240930.csv"
"39",7948.7481996301,2475.05747672303,401.067,25.602,23.564,19.178,32.068,"Polyacrylamide/acrylate",65.75,"Comparstic Raman F2Ba Au IAEA 240930.csv"
"340",3004.30410315108,3045.6806546982,498.12,34.051,20.281,20.281,33.87,"Polyacrylamide/acrylate",65.53,"Comparstic Raman F2Ba Au IAEA 240930.csv"
"89",5618.03381071743,6866.67449031464,637.357,37.248,26.651,26.651,37.314,"Polyacrylamide/acrylate",65.25,"Comparstic Raman F2Ba Au IAEA 240930.csv"
"297",451.999627016667,-1418.84294199486,572.435,36.633,21.244,20.955,36.633,"Polyvinyl Chloride (PVC)",65.07,"Comparstic Raman F2Ba Au IAEA 240930.csv"
"787",8233.48572103421,5502.11584439212,876.613,37.018,31.209,31.209,37.888,"Polyacrylamide/acrylate",64.71,"Comparstic Raman F2Ba Au IAEA 240930.csv"
"317",6744.35440949739,5929.79619408176,32707.864,870.001,94.551,94.551,869.496,"Polyamide (PA)",63.2,"Comparstic Raman F2Ba Au IAEA 240930.csv"
"700",10626.7734765458,3622.61857609161,1298.935,72.907,34.444,34.113,74.409,"Polyamide (PA)",63.2,"Comparstic Raman F2Ba Au IAEA 240930.csv"
"353",5300.00036947171,4038.24350652825,649.056,30.213,27.726,27.698,32.862,"Polyamide (PA)",63.12,"Comparstic Raman F2Ba Au IAEA 240930.csv"
"144",5299.42630188823,4266.72240475171,917.148,48.008,29.924,29.924,48.522,"Cellulose Acetate (CA)",62.87,"Comparstic Raman F2Ba Au IAEA 240930.csv"
"268",10578.5517995338,-2327.01785905394,614.782,29.59,27.775,25.673,33.118,"Polyacrylamide/acrylate",62.51,"Comparstic Raman F2Ba Au IAEA 240930.csv"
"85",6353.9884527337,-1157.06812392979,361.026,36.456,23.619,23.619,36.939,"Polyacrylamide/acrylate",61.53,"Comparstic Raman F2Ba Au IAEA 240930.csv"
"692",9935.59610604062,1745.417578125,731.444,31.942,30.909,28.703,34.669,"Polyvinyl Chloride (PVC)",61.42,"Comparstic Raman F2Ba Au IAEA 240930.csv"
"16",5042.81809207445,5447.5794239619,920.608,37.191,32.619,31.803,39.168,"Polyethylene terephtalate (PET)",61.4,"Comparstic Raman F2Ba Au IAEA 240930.csv"
"387",11249.0627370338,1244.25657775043,545.246,27.555,25.833,25.667,30.85,"Polyacrylamide/acrylate",61.29,"Comparstic Raman F2Ba Au IAEA 240930.csv"
"413",4689.76652823669,1225.31234749572,377.833,31.321,17.458,17.458,31.321,"Polyvinyl Chloride (PVC)",61.07,"Comparstic Raman F2Ba Au IAEA 240930.csv"
"348",5618.60787830091,-2431.49815924658,528.274,35.392,24.838,24.036,39.037,"Polyacrylamide/acrylate",60.75,"Comparstic Raman F2Ba Au IAEA 240930.csv"
"137",1256.26831146658,1464.69852980522,1980.617,65.448,40.495,40.078,66.247,"Polyethylene terephtalate (PET)",60.54,"Comparstic Raman F2Ba Au IAEA 240930.csv"
"538",11457.4492698356,1899.26769049658,838.22,40.971,29.078,27.176,43.388,"Polyacrylamide/acrylate",60.26,"Comparstic Raman F2Ba Au IAEA 240930.csv"
"161",5153.61313568532,-155.894258347603,652.681,37.023,26.055,26.053,37.033,"Polyacrylamide/acrylate",60.15,"Comparstic Raman F2Ba Au IAEA 240930.csv"
"153",5896.4565887033,1479.6242869756,346.361,33.109,17.656,17.118,34.145,"Polyacrylamide/acrylate",60.14,"Comparstic Raman F2Ba Au IAEA 240930.csv"
"156",10815.6417115094,682.818481110873,779.724,40.759,28.102,28.102,41.491,"Polyvinyl Chloride (PVC)",59.94,"Comparstic Raman F2Ba Au IAEA 240930.csv"
"187",9857.52291468788,-2209.90807202483,529.593,29.519,26.43,26.407,32.474,"Polyacrylamide/acrylate",59.84,"Comparstic Raman F2Ba Au IAEA 240930.csv"
"759",5480.83165826666,2545.66778949058,815.316,38.866,31.347,29.203,42.216,"Polyacrylamide/acrylate",59.54,"Comparstic Raman F2Ba Au IAEA 240930.csv"
"275",3503.16883319175,-3658.85465271832,403.209,35.111,22.856,22.856,35.028,"Polyacrylamide/acrylate",59.46,"Comparstic Raman F2Ba Au IAEA 240930.csv"
"70",620.201428975143,2439.46528654752,754.678,33.592,30.438,30.438,36.713,"Polyacrylamide/acrylate",59.33,"Comparstic Raman F2Ba Au IAEA 240930.csv"
"649",1307.36032639595,183.37968348673,657.459,42.18,20.694,20.694,39.84,"Polyamide (PA)",59.23,"Comparstic Raman F2Ba Au IAEA 240930.csv"
"154",9004.45848564251,4268.44460750214,351.469,33.557,19.385,19.385,32.148,"Polyacrylamide/acrylate",59.04,"Comparstic Raman F2Ba Au IAEA 240930.csv"
"295",2427.36618175767,-2369.49886023116,438.965,29.499,28.388,25.069,34.915,"Polyacrylamide/acrylate",58.55,"Comparstic Raman F2Ba Au IAEA 240930.csv"
"616",8080.78374382958,-2813.25310225813,812.02,44.64,27.275,27.275,44.777,"Polyacrylamide/acrylate",58.22,"Comparstic Raman F2Ba Au IAEA 240930.csv"
"638",7932.10023970929,1789.04671446918,330.872,35.227,19.812,19.812,34.1,"Polyvinyl Chloride (PVC)",58.2,"Comparstic Raman F2Ba Au IAEA 240930.csv"
"324",5818.38339735056,1297.07079543022,438.801,27.693,23.561,22.451,31,"Polyvinyl Chloride (PVC)",58.12,"Comparstic Raman F2Ba Au IAEA 240930.csv"
"723",5736.86580049697,111.04716796875,508.831,42.54,18.219,18.219,42.481,"Cellulose Acetate Butyrate (CAB)",57.71,"Comparstic Raman F2Ba Au IAEA 240930.csv"
"751",4604.80452588224,-3045.75047356592,648.561,34.659,23.619,23.619,38.157,"Polyacrylamide/acrylate",57.47,"Comparstic Raman F2Ba Au IAEA 240930.csv"
"570",9414.34274024439,3759.2466609589,2044.386,62.249,47.296,47.296,64.296,"Polyamide (PA)",57.42,"Comparstic Raman F2Ba Au IAEA 240930.csv"
"288",6886.72317019945,-324.670127889554,341.418,31.835,22.336,20.282,35.722,"Polyacrylamide/acrylate",56.69,"Comparstic Raman F2Ba Au IAEA 240930.csv"
"34",4460.71356242976,-36.4882009845887,1234.673,51.115,32.086,32.086,52.24,"Polyacrylamide/acrylate",56.64,"Comparstic Raman F2Ba Au IAEA 240930.csv"
"757",6175.45343427265,4419.42438195634,1746.634,56.246,46.528,46.528,56.248,"Polyamide (PA)",56.57,"Comparstic Raman F2Ba Au IAEA 240930.csv"
"583",190.224808951599,1852.19414865154,1445.257,44.954,42.715,41.299,46.725,"Polyacrylamide/acrylate",56.22,"Comparstic Raman F2Ba Au IAEA 240930.csv"
"550",2279.83081280434,4674.88445660317,1575.596,61.157,39.716,39.233,62.573,"Polyacrylamide/acrylate",56.08,"Comparstic Raman F2Ba Au IAEA 240930.csv"
"748",10062.4650419888,4428.03539570848,620.22,29.972,29.65,25.736,37.751,"Cellulose Acetate Butyrate (CAB)",56.01,"Comparstic Raman F2Ba Au IAEA 240930.csv"
"136",10195.6487213553,715.540333369006,327.411,39.7,14.657,14.657,40.759,"Polyamide (PA)",55.64,"Comparstic Raman F2Ba Au IAEA 240930.csv"
"104",7447.58719925552,-1171.99388110017,450.994,27.716,25.998,25.622,29.633,"Polyacrylamide/acrylate",54.6,"Comparstic Raman F2Ba Au IAEA 240930.csv"
"709",4324.65954514594,-4550.38160985659,619.89,32.334,25.219,25.064,34.145,"Polyacrylamide/acrylate",54.53,"Comparstic Raman F2Ba Au IAEA 240930.csv"
"307",7108.31325742119,3065.77302011986,884.851,39.068,29.652,29.652,40.759,"Polyacrylamide/acrylate",54.4,"Comparstic Raman F2Ba Au IAEA 240930.csv"
"221",9622.15520546272,5128.39784754923,666.687,31.207,28.818,27.958,32.441,"Polyacrylamide/acrylate",54.14,"Comparstic Raman F2Ba Au IAEA 240930.csv"
"166",7672.62169197813,680.52221077697,352.128,30.381,22.137,22.137,32.88,"Polyacrylamide/acrylate",53.88,"Comparstic Raman F2Ba Au IAEA 240930.csv"
"688",3562.29779428978,2643.25927868151,398.101,29.339,22.479,22.168,30.445,"Polyacrylamide/acrylate",53.87,"Comparstic Raman F2Ba Au IAEA 240930.csv"
"71",2702.91862182617,-3251.26666845034,468.296,42.231,16.856,16.856,42.216,"Polycarbonate (PC)",53.53,"Comparstic Raman F2Ba Au IAEA 240930.csv"
"69",896.327936627112,-2075.00218990796,412.601,26.101,21.843,20.738,27.603,"Polyvinyl Chloride (PVC)",53.44,"Comparstic Raman F2Ba Au IAEA 240930.csv"
"325",4261.51211096358,-2408.53545590753,834.265,33.766,33.584,32.722,37.76,"Polyacrylamide/acrylate",53.3,"Comparstic Raman F2Ba Au IAEA 240930.csv"
"780",7836.80502085227,1650.69642685146,1228.905,97.517,33.386,33.386,99.888,"Polyamide (PA)",52.56,"Comparstic Raman F2Ba Au IAEA 240930.csv"
"576",6428.0431710021,-2747.23533015839,395.959,26.76,22.249,22.249,29.796,"Polyacrylamide/acrylate",51.94,"Comparstic Raman F2Ba Au IAEA 240930.csv"
"309",6303.47050538781,-1425.1576854131,519.376,32.409,21.563,21.563,32.605,"Polyethylene (PE)",51.93,"Comparstic Raman F2Ba Au IAEA 240930.csv"
"240",660.960227401941,1393.51414945419,490.376,31,20.666,20.666,31,"Polyvinyl Chloride (PVC)",51.86,"Comparstic Raman F2Ba Au IAEA 240930.csv"
"648",9757.63515516306,4528.49722281678,1442.127,75.777,29.852,29.852,75.777,"Polyurethane (PU)",51.7,"Comparstic Raman F2Ba Au IAEA 240930.csv"
"148",9554.98929819602,-3393.6354291524,683.988,37.172,26.4,25.968,40.185,"Polyacrylamide/acrylate",51.46,"Comparstic Raman F2Ba Au IAEA 240930.csv"
"510",131.669915437045,1945.76716475813,629.942,30.33,30.33,27.226,36.939,"Polyacrylamide/acrylate",51.3,"Comparstic Raman F2Ba Au IAEA 240930.csv"
"472",5994.04807789423,6040.01717010916,1847.477,63.336,39.744,39.744,63.429,"Polyacrylamide/acrylate",51.12,"Comparstic Raman F2Ba Au IAEA 240930.csv"
"120",9699.0802616485,4289.68510809075,1210.78,40.795,37.732,37.314,42.298,"Polyethylene terephtalate (PET)",51.07,"Comparstic Raman F2Ba Au IAEA 240930.csv"
"587",3167.91336444175,5838.51944830908,615.936,31.378,24.793,24.689,32.88,"Polyacrylamide/acrylate",50.31,"Comparstic Raman F2Ba Au IAEA 240930.csv"
"49",7602.01137921058,-3211.08193760702,393.157,25.833,21.241,21.088,27.47,"Polyurethane (PU)",49.83,"Comparstic Raman F2Ba Au IAEA 240930.csv"
"564",3971.03391372471,-663.944069723887,689.756,47.59,24.749,24.749,47.238,"Polyvinyl Chloride (PVC)",49.78,"Comparstic Raman F2Ba Au IAEA 240930.csv"
"686",8312.7070475539,-2976.28829596533,3750.485,139.39,44.087,44.085,142.999,"Polyamide (PA)",49.67,"Comparstic Raman F2Ba Au IAEA 240930.csv"
"715",9619.85893512881,-910.793130618579,595.339,28.306,28.035,27.962,32.722,"Polyacrylamide/acrylate",49.37,"Comparstic Raman F2Ba Au IAEA 240930.csv"
"6",11792.1306710021,12.8816111943497,430.232,27.205,21.843,21.72,28.497,"Polyvinyl Chloride (PVC)",48.82,"Comparstic Raman F2Ba Au IAEA 240930.csv"
"314",2794.76943518233,4057.76180436644,1440.149,50.026,41.038,41.038,51.516,"Polyvinyl Chloride (PVC)",48.47,"Comparstic Raman F2Ba Au IAEA 240930.csv"
"294",2491.08768352351,540.449720408818,836.572,39.575,28.864,28.635,39.964,"Polycarbonate (PC)",47.16,"Comparstic Raman F2Ba Au IAEA 240930.csv"
"47",5021.57759148584,5386.15419252997,1810.897,55.685,42.481,41.9,56.639,"Polyacrylamide/acrylate",46.45,"Comparstic Raman F2Ba Au IAEA 240930.csv"
"226",2162.72102577523,4141.57567155394,1224.786,64.298,27.794,27.794,63.206,"Polyvinyl Chloride (PVC)",46,"Comparstic Raman F2Ba Au IAEA 240930.csv"
"283",2956.65649372257,2182.28300915026,518.223,37.527,19.505,19.505,37.314,"Polyvinyl Chloride (PVC)",45.51,"Comparstic Raman F2Ba Au IAEA 240930.csv"
"743",3497.42815735699,5575.02242749358,703.762,42.889,23.343,23.343,43.131,"Polyacrylamide/acrylate",45.29,"Comparstic Raman F2Ba Au IAEA 240930.csv"
"460",3156.43201277223,-1604.26677145762,886.499,53.962,29.852,29.507,54.771,"Polyamide (PA)",44.94,"Comparstic Raman F2Ba Au IAEA 240930.csv"
"352",11404.6350521558,-380.928751070205,439.295,31.284,20.477,20.477,31.574,"Polyvinyl Chloride (PVC)",44.83,"Comparstic Raman F2Ba Au IAEA 240930.csv"
"170",7653.67746172342,4820.69762280608,28243.567,684.286,88.538,88.538,681.487,"Polyacrylamide/acrylate",44.6,"Comparstic Raman F2Ba Au IAEA 240930.csv"
"617",9239.82619486768,1050.79580211901,667.84,32.148,29.852,25.274,38.969,"Polyacrylamide/acrylate",44.19,"Comparstic Raman F2Ba Au IAEA 240930.csv"
"698",8531.42679685826,4491.75689747432,395.959,32.091,30.294,29.848,35.018,"Polyacrylamide/acrylate",43.88,"Comparstic Raman F2Ba Au IAEA 240930.csv"
"785",9571.63725811683,863.075702322346,885.016,50.072,28.319,28.319,51.012,"Polycarbonate (PC)",43.73,"Comparstic Raman F2Ba Au IAEA 240930.csv"
"697",9264.51110095715,125.39885755565,1504.247,54.205,42.936,40.841,58.791,"Polyacrylamide/acrylate",43.48,"Comparstic Raman F2Ba Au IAEA 240930.csv"
"586",10258.7961555376,250.545590753424,2095.137,60.176,53.207,51.436,72.907,"Polymethylmethacrylate (PMMA)",43.33,"Comparstic Raman F2Ba Au IAEA 240930.csv"
"526",9887.37442902864,1925.67479933647,524.485,36.483,18.173,18.173,37.483,"Polyvinyl Chloride (PVC)",42.98,"Comparstic Raman F2Ba Au IAEA 240930.csv"
"667",2004.85244031932,1768.38028146404,750.558,32.474,30.445,29.867,39.037,"Cellulose Acetate Butyrate (CAB)",41.61,"Comparstic Raman F2Ba Au IAEA 240930.csv"
"190",5464.75776592933,2095.0247364619,129529.061,431.017,378.117,378.027,462.6,"Polyethylene terephtalate (PET)",41.55,"Comparstic Raman F2Ba Au IAEA 240930.csv"
"592",802.754920520519,-707.573206068065,315.218,28.882,22.181,22.181,29.277,"Polyacrylamide/acrylate",40.65,"Comparstic Raman F2Ba Au IAEA 240930.csv"
"515",3456.09529134671,2820.6461619756,392.334,31.574,17.222,17.222,31.574,"Polyamide (PA)",40.31,"Comparstic Raman F2Ba Au IAEA 240930.csv"
"792",1876.26130162069,-3120.95332700128,598.964,36.442,25.676,24.94,39.393,"Polyacrylamide/acrylate",40.26,"Comparstic Raman F2Ba Au IAEA 240930.csv"
"478",9202.51180194174,1976.19274668236,3448.943,68,65.376,64.789,73.474,"Polyethylene (PE)",39.86,"Comparstic Raman F2Ba Au IAEA 240930.csv"
"191",3654.72267522942,-3479.7455666738,652.351,37.88,24.281,23.824,36.74,"Polyacrylamide/acrylate",39.24,"Comparstic Raman F2Ba Au IAEA 240930.csv"
"598",7228.29338236768,-2779.38311483305,438.471,42.216,19.89,19.89,42.216,"Polyacrylamide/acrylate",37.76,"Comparstic Raman F2Ba Au IAEA 240930.csv"
"396",4205.8275553664,-2486.60864726027,540.962,40.615,20.787,19.927,43.055,"Polyvinyl Chloride (PVC)",37.71,"Comparstic Raman F2Ba Au IAEA 240930.csv"
"95",9449.93493041991,4306.90713559503,822.566,34.835,31.098,29.57,38.212,"Polyacrylamide/acrylate",37.47,"Comparstic Raman F2Ba Au IAEA 240930.csv"
"569",6478.56111834799,2758.64686296019,388.379,22.609,21.813,21.527,24.133,"Polypropylene (PP) Lab bench",37.36,"Comparstic Raman F2Ba Au IAEA 240930.csv"
"777",3940.034264217,-985.421916470463,324.281,29.633,17.455,17.455,30.551,"Polyacrylamide/acrylate",37.31,"Comparstic Raman F2Ba Au IAEA 240930.csv"
"281",8414.31700982915,-3815.57510300728,52697.926,288.12,270.639,260.875,328.653,"Polyethylene terephtalate (PET)",37.14,"Comparstic Raman F2Ba Au IAEA 240930.csv"
"227",3922.23816912925,-1327.56619622217,551.343,39.491,25.608,24.197,42.622,"Polyacrylamide/acrylate",36.7,"Comparstic Raman F2Ba Au IAEA 240930.csv"
"446",8824.77533201451,-511.242092519264,330.377,36.688,14.271,14.271,36.74,"Polyacrylamide/acrylate",36.6,"Comparstic Raman F2Ba Au IAEA 240930.csv"
"183",6527.93093052693,659.855777771832,615.112,29.76,26.333,26.117,31.366,"Polyacrylamide/acrylate",36.55,"Comparstic Raman F2Ba Au IAEA 240930.csv"
"502",9630.76621921485,340.100133775685,331.201,31.55,20.913,20.913,31.661,"Polyvinyl Chloride (PVC)",36.53,"Comparstic Raman F2Ba Au IAEA 240930.csv"
"632",4167.36502727351,4569.25602124358,339.77,28.836,24.559,24.559,29.852,"Polyvinyl Chloride (PVC)",36.33,"Comparstic Raman F2Ba Au IAEA 240930.csv"
"107",11052.1575559015,2388.37327161815,3338.378,69.477,62.933,62.933,69.578,"Polyethylene terephtalate (PET)",35.68,"Comparstic Raman F2Ba Au IAEA 240930.csv"
"519",10215.7410867769,4725.40240394906,506.853,26.589,24.997,24.997,28.497,"Polyurethane (PU)",35.35,"Comparstic Raman F2Ba Au IAEA 240930.csv"
"577",1462.93264151795,1861.95329757063,686.954,33.118,29.781,28.501,36.307,"Polyvinyl Chloride (PVC)",35.29,"Comparstic Raman F2Ba Au IAEA 240930.csv"
"80",5551.44197103421,-3254.7110739512,371.242,25.977,21.216,21.216,27.23,"Polyacrylamide/acrylate",35.12,"Comparstic Raman F2Ba Au IAEA 240930.csv"
"414",7387.31010299054,-1573.84118953339,528.274,38.755,28.879,28.879,38.184,"Polyacrylamide/acrylate",35.09,"Comparstic Raman F2Ba Au IAEA 240930.csv"
"145",10867.3077940222,3301.14072934503,1139.926,48.779,31.218,31.198,48.796,"Polymethylmethacrylate (PMMA)",35.05,"Comparstic Raman F2Ba Au IAEA 240930.csv"
"453",3631.75997189038,-1601.39643354024,810.537,45.697,27.237,26.957,46.468,"Polyvinyl Chloride (PVC)",35.05,"Comparstic Raman F2Ba Au IAEA 240930.csv"
"459",2739.08487958516,-3968.2770802119,550.19,35.722,21.514,21.514,37.311,"Polyacrylamide/acrylate",34.65,"Comparstic Raman F2Ba Au IAEA 240930.csv"
"397",5477.96132034928,6200.18202589897,452.148,35.707,19.059,19.059,35.722,"Polyacrylamide/acrylate",34.5,"Comparstic Raman F2Ba Au IAEA 240930.csv"
"629",9168.64181451665,5762.16845970676,557.44,63.616,33.132,33.132,66.237,"Polymethylmethacrylate (PMMA)",33.89,"Comparstic Raman F2Ba Au IAEA 240930.csv"
"474",6712.20662482274,1177.66473806721,565.02,27.92,26.354,26.354,29.409,"Polycarbonate (PC)",33.89,"Comparstic Raman F2Ba Au IAEA 240930.csv"
"271",9507.91575635099,563.41242374786,549.695,32.148,23.537,23.51,32.148,"Polyacrylamide/acrylate",33.86,"Comparstic Raman F2Ba Au IAEA 240930.csv"
"296",1777.52167726281,-353.373507063357,6534.718,173.913,86.092,86.092,173.657,"Polyamide (PA)",33.7,"Comparstic Raman F2Ba Au IAEA 240930.csv"
"624",2042.16683324526,227.582887414384,565.184,30.373,27.053,23.418,35.686,"Polyacrylamide/acrylate",33.04,"Comparstic Raman F2Ba Au IAEA 240930.csv"
"407",7419.4578876652,2066.3213572881,904.46,34.427,33.62,33.62,35.297,"Polyethylene terephtalate (PET)",32.95,"Comparstic Raman F2Ba Au IAEA 240930.csv"
"465",7120.36867667419,2017.52561269264,353.117,27.64,17.877,17.877,27.823,"Polyethylene terephtalate (PET)",32.67,"Comparstic Raman F2Ba Au IAEA 240930.csv"
"13",1665.57849848499,1605.34508775685,439.954,34.947,17.727,17.727,34.539,"Polyacrylamide/acrylate",32.28,"Comparstic Raman F2Ba Au IAEA 240930.csv"
"79",1083.4739688403,-2087.05760916096,511.797,35.316,21.514,21.514,36.969,"Polycarbonate (PC)",32.05,"Comparstic Raman F2Ba Au IAEA 240930.csv"
"214",11367.3206592298,-1298.86281704837,713.319,39.561,25.164,24.625,40.82,"Polyacrylamide/acrylate",31.99,"Comparstic Raman F2Ba Au IAEA 240930.csv"
"613",8754.16501924696,232.749495665667,324.281,34.976,16.508,16.508,34.098,"Polyacrylamide/acrylate",31.79,"Comparstic Raman F2Ba Au IAEA 240930.csv"
"655",5200.68667753036,1004.29632785745,483.126,32.605,20.025,20.025,32.605,"Polyvinyl Chloride (PVC)",31.62,"Comparstic Raman F2Ba Au IAEA 240930.csv"
"449",10508.5155543497,2030.72916711259,457.256,38.439,30.474,30.474,37.314,"Polyvinyl Chloride (PVC)",31.09,"Comparstic Raman F2Ba Au IAEA 240930.csv"
"721",6391.87691324311,946.31550192637,439.789,28.716,20.909,20.909,28.6,"Polyamide (PA)",31.06,"Comparstic Raman F2Ba Au IAEA 240930.csv"
"328",11165.2488698463,2972.20000401327,23629.816,226.443,141.155,141.155,228.479,"Polyethylene terephtalate (PET)",30.92,"Comparstic Raman F2Ba Au IAEA 240930.csv"
"563",5262.68597654577,2756.35059262628,1109.772,43.243,34.794,34.794,44.422,"Polyamide (PA)",30.38,"Comparstic Raman F2Ba Au IAEA 240930.csv"
"31",5986.58519930904,1586.40085750214,488.728,30.388,22.294,22.294,30.445,"Polyacrylamide/acrylate",30.35,"Comparstic Raman F2Ba Au IAEA 240930.csv"
"244",10436.1830388317,1367.68110819777,519.541,42.473,29.075,29.075,44.777,"Polyacrylamide/acrylate",30.26,"Comparstic Raman F2Ba Au IAEA 240930.csv"
"349",3823.49854477137,4045.13231752997,445.556,29.935,25.831,25.824,32.862,"Polyacrylamide/acrylate",30.01,"Comparstic Raman F2Ba Au IAEA 240930.csv"
"434",1222.3983240415,2024.98849127783,1200.564,56.755,31.033,31.033,57.637,"Polyacrylamide/acrylate",29.93,"Comparstic Raman F2Ba Au IAEA 240930.csv"
"322",8478.03851159499,-1456.1573349208,492.847,30.992,22.006,22.006,30.85,"Polycarbonate (PC)",29.63,"Comparstic Raman F2Ba Au IAEA 240930.csv"
"781",5922.8636975432,-3097.41655607877,336.145,22.326,20.702,20.702,23.537,"Polyacrylamide/acrylate",29.52,"Comparstic Raman F2Ba Au IAEA 240930.csv"
"265",5103.09518833943,5025.06568252354,2849.156,61.57,60.502,57.315,71.184,"Polycarbonate (PC)",29.33,"Comparstic Raman F2Ba Au IAEA 240930.csv"
"29",8276.54078979491,829.20571489726,555.298,33.019,31.842,31.842,36.456,"Polyacrylamide/acrylate",29.32,"Comparstic Raman F2Ba Au IAEA 240930.csv"
"110",9480.93457992761,749.984388377568,707.387,31.516,31.027,29.852,36.2,"Polyvinyl Chloride (PVC)",29.29,"Comparstic Raman F2Ba Au IAEA 240930.csv"
"215",3479.05799468576,2260.93026808647,862.442,38.014,29.857,29.857,40.185,"Polyacrylamide/acrylate",28.84,"Comparstic Raman F2Ba Au IAEA 240930.csv"
"424",5576.12687712368,6127.84951038099,468.296,71.017,32.456,32.456,70.542,"Polycarbonate (PC)",28.53,"Comparstic Raman F2Ba Au IAEA 240930.csv"
"683",2960.6749668069,3648.45161734803,611.651,31.841,25.042,23.965,35.316,"Polyacrylamide/acrylate",28.51,"Comparstic Raman F2Ba Au IAEA 240930.csv"
"658",962.345708726855,3649.02568493151,17029.352,279.471,109.12,109.12,281.338,"Polyamide (PA)",28.38,"Comparstic Raman F2Ba Au IAEA 240930.csv"
"659",7457.34634817462,5653.09561884632,84850.328,1185.804,415.348,415.348,1176.006,"Polycarbonate (PC)",28.18,"Comparstic Raman F2Ba Au IAEA 240930.csv"
"765",2456.64362851495,-1967.07748421447,318.843,33.561,14.015,14.015,32.722,"Polyacrylamide/acrylate",27.44,"Comparstic Raman F2Ba Au IAEA 240930.csv"
"126",4328.1039506468,4279.92595917166,1583.175,121.273,26.707,26.707,95.869,"Polycarbonate (PC)",27.39,"Comparstic Raman F2Ba Au IAEA 240930.csv"
"575",7123.23901459157,-4212.82987077269,386.072,32.164,26.083,25.698,32.722,"Polyethylene naphtalate (PEN)",27,"Comparstic Raman F2Ba Au IAEA 240930.csv"
"102",2761.47351534072,1516.93867990154,679.869,41.826,24.817,24.817,42.361,"Polyacrylamide/acrylate",26.96,"Comparstic Raman F2Ba Au IAEA 240930.csv"
"230",8980.34764713652,-263.24489645762,676.574,38.54,27.934,27.555,41.333,"Polyacrylamide/acrylate",26.81,"Comparstic Raman F2Ba Au IAEA 240930.csv"
"135",5341.90730306546,-2150.7791109268,1090.493,38.756,35.432,35.429,40.846,"Polycarbonate (PC)",26.43,"Comparstic Raman F2Ba Au IAEA 240930.csv"
"720",8462.53868684114,-914.811603702911,870.351,111.232,21.854,21.849,107.165,"Polycarbonate (PC)",26.42,"Comparstic Raman F2Ba Au IAEA 240930.csv"
"448",8963.12561963224,2879.20105549015,2879.145,95.239,40.25,40.25,95.212,"Polyamide (PA)",26.37,"Comparstic Raman F2Ba Au IAEA 240930.csv"
"375",5516.42384844217,-1524.47137735445,365.145,39.494,21.009,21.009,39.781,"Polycarbonate (PC)",26.31,"Comparstic Raman F2Ba Au IAEA 240930.csv"
"347",9842.02308993403,3930.89286841824,50541.327,316.428,221.644,221.644,317.421,"Polyethylene terephtalate (PET)",26.19,"Comparstic Raman F2Ba Au IAEA 240930.csv"
"633",11937.943837205,209.212724743151,740.342,31.827,30.572,29.277,33.947,"Polycarbonate (PC)",26.07,"Comparstic Raman F2Ba Au IAEA 240930.csv"
"356",830.310164527369,-3798.92714308647,727.16,37.614,25.403,25.403,37.226,"Polycarbonate (PC)",25.87,"Comparstic Raman F2Ba Au IAEA 240930.csv"
"645",2959.52683163995,5721.40966127997,315.712,30.081,15.385,15.385,30.445,"Polyacrylamide/acrylate",25.42,"Comparstic Raman F2Ba Au IAEA 240930.csv"
"539",4700.09974473926,-4153.12684209118,427.101,54.024,14.337,14.337,53.388,"Polyethylene terephtalate (PET)",25.03,"Comparstic Raman F2Ba Au IAEA 240930.csv"
"681",4041.64422649226,142.620885059931,487.08,56.924,33.3,33.193,58.048,"Polyacrylamide/acrylate",24.98,"Comparstic Raman F2Ba Au IAEA 240930.csv"
"623",3332.67076089937,-2821.2900484268,702.608,35.316,26.791,26.791,35.316,"Polyvinyl Chloride (PVC)",24.98,"Comparstic Raman F2Ba Au IAEA 240930.csv"
"345",6074.41753958087,1275.83029484161,672.454,36.5,25.286,24.915,38.439,"Polyvinyl Chloride (PVC)",24.93,"Comparstic Raman F2Ba Au IAEA 240930.csv"
"320",5103.09518833943,4931.49266641695,503.228,137.518,19.988,19.988,137.609,"Polycarbonate (PC)",24.35,"Comparstic Raman F2Ba Au IAEA 240930.csv"
"483",10459.1457421708,2855.66428456764,453.301,32.862,19.768,19.768,33.87,"Polycarbonate (PC)",24.27,"Comparstic Raman F2Ba Au IAEA 240930.csv"
"336",3444.03987209372,-360.836385648545,416.061,28.04,19.484,19.484,27.984,"Polyacrylamide/acrylate",24.02,"Comparstic Raman F2Ba Au IAEA 240930.csv"
"344",5867.17914194603,3034.77337061216,336.639,24.679,21.813,21.47,28.683,"Polyurethane (PU)",23.87,"Comparstic Raman F2Ba Au IAEA 240930.csv"
"708",4661.63721664637,5626.68851000642,1127.897,55.305,35.88,35.88,54.94,"Polycarbonate (PC)",23.74,"Comparstic Raman F2Ba Au IAEA 240930.csv"
"33",9734.09838424054,-1065.21731057363,379.811,31.321,24.389,22.618,34.504,"Polyvinyl Chloride (PVC)",23.57,"Comparstic Raman F2Ba Au IAEA 240930.csv"
"732",9930.42949778934,1710.97352311644,692.392,35.577,27.358,26.818,36.74,"Polyacrylamide/acrylate",23.21,"Comparstic Raman F2Ba Au IAEA 240930.csv"
"365",6682.92917806546,-2458.47933566995,626.976,29.157,29.06,26.71,34.504,"Polyvinyl Chloride (PVC)",23.18,"Comparstic Raman F2Ba Au IAEA 240930.csv"
"680",9654.30299013737,2642.68521109803,853.379,44.169,26.914,26.914,44.158,"Polyvinyl Chloride (PVC)",23.13,"Comparstic Raman F2Ba Au IAEA 240930.csv"
"635",2183.96152636384,-779.331654002569,618.572,46.276,23.544,23.544,46.81,"Polyether sulphone (PES)",22.99,"Comparstic Raman F2Ba Au IAEA 240930.csv"
"756",8420.05768566391,2560.01947907748,848.93,43.055,25.833,25.811,43.055,"Polyamide (PA)",22.83,"Comparstic Raman F2Ba Au IAEA 240930.csv"
"276",7057.22124249183,6420.04991037029,384.259,31.191,16.949,16.949,31.574,"Polyether sulphone (PES)",22.81,"Comparstic Raman F2Ba Au IAEA 240930.csv"
"750",2904.99041120973,-3042.88013564854,735.234,35.133,31.241,29.381,41.237,"Polyethylene terephtalate (PET)",22.67,"Comparstic Raman F2Ba Au IAEA 240930.csv"
"593",5757.5322335021,2723.62874036815,2787.364,77.359,50.34,50.34,77.97,"Polyamide (PA)",22.53,"Comparstic Raman F2Ba Au IAEA 240930.csv"
"416",5019.85538873541,3972.79980201199,721.887,35.664,28.489,28.483,37.314,"Polycarbonate (PC)",21.8,"Comparstic Raman F2Ba Au IAEA 240930.csv"
"51",9711.1356809015,4340.77712302012,1031.832,39.037,38.463,36.89,41.874,"Polyethylene naphtalate (PEN)",21.69,"Comparstic Raman F2Ba Au IAEA 240930.csv"
"605",6820.13133051623,-4279.99577803938,402.879,27.698,21.789,21.616,30.445,"Polyacrylamide/acrylate",21.6,"Comparstic Raman F2Ba Au IAEA 240930.csv"
"68",2266.62725838439,4332.16610926798,357.895,21.241,21.241,21.14,22.51,"Polyether sulphone (PES)",21.6,"Comparstic Raman F2Ba Au IAEA 240930.csv"
"321",3962.99696755605,-1446.39818600171,353.941,43.12,11.173,11.173,42.216,"Polycarbonate (PC)",21.55,"Comparstic Raman F2Ba Au IAEA 240930.csv"
"37",6301.74830263738,5406.8206255351,365.804,25.562,22.429,22.365,26.981,"Polyvinyl Chloride (PVC)",21.55,"Comparstic Raman F2Ba Au IAEA 240930.csv"
"609",9505.0454184336,3737.43209278682,337.628,27.742,18.579,18.579,28.129,"Polyphenylene sulphide (PPS)",21.38,"Comparstic Raman F2Ba Au IAEA 240930.csv"
"255",3641.51912080947,4088.76145387414,5635.531,92.649,83.17,79.862,103.463,"Polyethylene terephtalate (PET)",21.11,"Comparstic Raman F2Ba Au IAEA 240930.csv"
"197",6905.66740045416,2239.11569991438,667.84,110.737,26.686,26.686,103.906,"Polycarbonate (PC)",21.02,"Comparstic Raman F2Ba Au IAEA 240930.csv"
"504",2027.24107607488,3855.1159473994,1151.46,40.365,38.298,36.939,42.67,"Polycarbonate (PC)",20.86,"Comparstic Raman F2Ba Au IAEA 240930.csv"
"262",7905.11906328592,-296.54081629923,564.69,42.423,21.758,21.758,42.001,"Polyether sulphone (PES)",20.72,"Comparstic Raman F2Ba Au IAEA 240930.csv"
"372",4603.08232313181,-3839.11187392979,731.609,42.617,23.363,23.363,42.617,"Polyacrylamide/acrylate",20.32,"Comparstic Raman F2Ba Au IAEA 240930.csv"
"313",10592.9034891207,530.11650390625,450.17,30.135,19.969,19.969,30.135,"Polyether sulphone (PES)",20.09,"Comparstic Raman F2Ba Au IAEA 240930.csv"
"789",7289.71861379962,2525.00135648545,426.607,32.998,27.289,27.289,33.632,"Polycarbonate (PC)",20.02,"Comparstic Raman F2Ba Au IAEA 240930.csv"
"82",4621.45248580305,5232.30408015839,521.519,194.067,11.071,11.071,192.887,"Polyphenylene sulphide (PPS)",20.01,"Comparstic Raman F2Ba Au IAEA 240930.csv"
"662",3282.72688113695,186.824088987586,350.48,25.573,19.079,18.62,25.573,"Polyphenylene sulphide (PPS)",19.93,"Comparstic Raman F2Ba Au IAEA 240930.csv"
"523",531.220953536359,1131.16526380565,322.633,37.473,19.879,19.879,37.751,"Polycarbonate (PC)",19.82,"Comparstic Raman F2Ba Au IAEA 240930.csv"
"15",1097.25159084372,-8.9329569777401,766.542,31.366,30.729,30.729,33.403,"Polyphenylene sulphide (PPS)",19.65,"Comparstic Raman F2Ba Au IAEA 240930.csv"
"772",2832.65789569175,-1969.37375454837,398.925,28.096,22.284,22.284,28.129,"Polyacrylamide/acrylate",19.56,"Comparstic Raman F2Ba Au IAEA 240930.csv"
"143",4981.96692822599,-3375.26526648116,390.686,27.538,19.409,19.409,29.043,"Polyether sulphone (PES)",19.52,"Comparstic Raman F2Ba Au IAEA 240930.csv"
"252",8876.44141452735,3118.01317021618,642.63,43.055,23.537,23.537,43.261,"Polyether sulphone (PES)",19.46,"Comparstic Raman F2Ba Au IAEA 240930.csv"
"263",4322.93734239551,5027.93602044092,12484.973,441.838,69.273,69.273,440.951,"Polyphenylene sulphide (PPS)",19.34,"Comparstic Raman F2Ba Au IAEA 240930.csv"
"312",5260.38970621186,4986.02908684717,318.349,28.5,14.807,14.807,28.24,"Polyethylene (PE)",19.32,"Comparstic Raman F2Ba Au IAEA 240930.csv"
"150",5661.66294706161,1483.64276005993,314.724,24.206,17.788,17.788,23.619,"Polyether sulphone (PES)",19.06,"Comparstic Raman F2Ba Au IAEA 240930.csv"
"560",5761.55070658644,-4168.62666684503,318.514,21.208,19.552,19.552,23.417,"Polycarbonate (PC)",18.8,"Comparstic Raman F2Ba Au IAEA 240930.csv"
"531",5239.72327320673,314.267092519263,504.382,33.431,21.511,20.934,34.915,"Polyphenylene sulphide (PPS)",18.77,"Comparstic Raman F2Ba Au IAEA 240930.csv"
"429",7562.40071595073,3963.61472067637,448.358,28.569,24.199,24.183,30.445,"Polyether sulphone (PES)",18.77,"Comparstic Raman F2Ba Au IAEA 240930.csv"
"359",9889.67069936254,-1504.95307951627,341.418,41.119,19.29,19.29,40.593,"Polyphenylene sulphide (PPS)",18.69,"Comparstic Raman F2Ba Au IAEA 240930.csv"
"419",1395.19266666778,3969.92946409461,435.67,34.105,17.218,17.218,34.098,"Polyether sulphone (PES)",18.58,"Comparstic Raman F2Ba Au IAEA 240930.csv"
"186",10670.4026128899,-2203.01926102312,443.085,41.671,18.456,18.456,41.333,"Polycarbonate (PC)",18.54,"Comparstic Raman F2Ba Au IAEA 240930.csv"
"90",558.776197543208,764.336077964469,958.507,41.667,31.131,31,41.907,"Polycarbonate (PC)",18.52,"Comparstic Raman F2Ba Au IAEA 240930.csv"
"188",993.34535823456,2294.80025551156,572.764,33.692,22.326,22.326,33.834,"Polyether sulphone (PES)",18.3,"Comparstic Raman F2Ba Au IAEA 240930.csv"
"647",10176.1304235171,-784.498262253853,475.381,26.407,24.111,24.111,28.821,"Polyethylene terephtalate (PET)",18.26,"Comparstic Raman F2Ba Au IAEA 240930.csv"
"631",4891.26425003678,-2832.19733251284,467.966,45.112,14.534,14.534,44.777,"Polyether sulphone (PES)",18.05,"Comparstic Raman F2Ba Au IAEA 240930.csv"
"83",6755.83576116691,-69.7841208261989,598.799,29.194,26.417,26.417,29.227,"Polyurethane (PU)",18.04,"Comparstic Raman F2Ba Au IAEA 240930.csv"
"125",9677.83976105989,-1271.881640625,1758.663,131.165,57.157,57.157,127.055,"Polyether sulphone (PES)",17.84,"Comparstic Raman F2Ba Au IAEA 240930.csv"
"142",523.758074951171,719.558806453339,598.634,34.021,26.143,25.475,36.128,"Polycarbonate (PC)",17.83,"Comparstic Raman F2Ba Au IAEA 240930.csv"
"361",3844.16497777651,2113.39489913313,1165.961,63.897,26.405,26.405,62.899,"Polyacrylamide/acrylate",17.81,"Comparstic Raman F2Ba Au IAEA 240930.csv"
"36",6517.02364644089,5407.96876070206,645.101,32.29,26.491,26.491,36.939,"Polyacrylamide/acrylate",17.61,"Comparstic Raman F2Ba Au IAEA 240930.csv"
"213",411.814896173346,638.041209599744,486.915,33.584,19.969,19.9,34.504,"Polyphenylene sulphide (PPS)",17.43,"Comparstic Raman F2Ba Au IAEA 240930.csv"
"532",3558.27932120545,3801.15359455265,931.813,47.074,36.74,35.028,49.196,"Polyether sulphone (PES)",17.41,"Comparstic Raman F2Ba Au IAEA 240930.csv"
"447",7079.03581066392,1200.05337382277,378.657,28.962,18.21,18.21,29.046,"Polyether sulphone (PES)",17.31,"Comparstic Raman F2Ba Au IAEA 240930.csv"
"722",5142.1317840158,5602.00360391695,799.497,39.732,26.941,26.872,41.405,"Polyether sulphone (PES)",17.21,"Comparstic Raman F2Ba Au IAEA 240930.csv"
"778",1912.42755937968,-3092.24994782748,390.851,27.169,26.05,24.81,28.703,"Polyethylene naphtalate (PEN)",17.13,"Comparstic Raman F2Ba Au IAEA 240930.csv"
"331",5908.5120079563,2135.20946730522,1179.472,44.899,34.391,34.391,45.058,"Polycarbonate (PC)",17.03,"Comparstic Raman F2Ba Au IAEA 240930.csv"
"746",8282.28146562967,-3030.82471639555,331.366,29.674,17.971,17.551,32.068,"Polyacrylamide/acrylate",17.02,"Comparstic Raman F2Ba Au IAEA 240930.csv"
"343",4193.19806852993,-3807.53815683861,5925.209,114.322,72.226,70.408,117.839,"Polyether sulphone (PES)",16.93,"Comparstic Raman F2Ba Au IAEA 240930.csv"
"549",1470.39552010314,4670.86598351884,836.077,46.853,27.094,27.094,46.982,"Polyether sulphone (PES)",16.92,"Comparstic Raman F2Ba Au IAEA 240930.csv"
"584",9581.39640703592,1855.6385541524,669.818,31.095,29.513,29.513,34.39,"Polyether sulphone (PES)",16.76,"Comparstic Raman F2Ba Au IAEA 240930.csv"
"737",5793.12442367762,4424.59099020762,605.225,41.983,37.645,37.645,48.222,"Polycarbonate (PC)",16.58,"Comparstic Raman F2Ba Au IAEA 240930.csv"
"17",6556.06024211726,-1067.51358090753,2928.743,88.341,55.677,55.677,90.369,"Polyether sulphone (PES)",16.55,"Comparstic Raman F2Ba Au IAEA 240930.csv"
"175",11309.3398332988,2325.79990501926,340.758,24.142,19.385,19.385,24.685,"Polyether sulphone (PES)",16.54,"Comparstic Raman F2Ba Au IAEA 240930.csv"
"242",11172.7117484315,-1357.9917781464,554.474,38.602,22.218,22.218,39.496,"Polyether sulphone (PES)",16.41,"Comparstic Raman F2Ba Au IAEA 240930.csv"
"293",5408.49914274868,6348.86553001926,4178.575,89.012,62.056,62.056,89.21,"Polycarbonate (PC)",16.36,"Comparstic Raman F2Ba Au IAEA 240930.csv"
"210",5654.20006847642,628.282060680651,2219.873,73.641,38.635,38.635,75.222,"Polyether sulphone (PES)",16.33,"Comparstic Raman F2Ba Au IAEA 240930.csv"
"310",3251.72723162925,3046.25472228168,1991.657,65.98,43.388,43.388,66.632,"Polyphenylene sulphide (PPS)",16.3,"Comparstic Raman F2Ba Au IAEA 240930.csv"
"129",3659.8892834807,5271.91474341824,1169.091,70.315,23.656,23.656,70.344,"Polyether sulphone (PES)",16.3,"Comparstic Raman F2Ba Au IAEA 240930.csv"
"99",8319.02179097213,-1170.84574593322,554.309,29.931,25.513,24.067,35.429,"Polyphenylene sulphide (PPS)",16.1,"Comparstic Raman F2Ba Au IAEA 240930.csv"
"693",2087.51817233987,4504.38638431079,948.785,54.553,28.945,28.945,55.11,"Polycarbonate (PC)",16.08,"Comparstic Raman F2Ba Au IAEA 240930.csv"
"744",4797.69123393019,-1954.447997378,450.17,45.049,27.93,27.93,46.276,"Polyethylene terephtalate (PET)",16.08,"Comparstic Raman F2Ba Au IAEA 240930.csv"
"42",5683.4775152337,1578.36391133348,315.218,53.459,11.577,11.577,52.539,"Polyether sulphone (PES)",16.07,"Comparstic Raman F2Ba Au IAEA 240930.csv"
"100",6802.90930301195,6804.10112371575,389.697,90.706,60.149,57.718,92.727,"Polytetrafluoroethylene (PTFE)",16.05,"Comparstic Raman F2Ba Au IAEA 240930.csv"
"35",4616.28587755176,5406.8206255351,475.546,54.996,24.348,24.348,54.94,"Polyphenylene sulphide (PPS)",15.92,"Comparstic Raman F2Ba Au IAEA 240930.csv"
"48",1655.24528198242,-1080.71713532748,650.044,42.481,25.259,25.148,43.387,"Polycarbonate (PC)",15.83,"Comparstic Raman F2Ba Au IAEA 240930.csv"
"4",3320.0412740629,-1013.55122806079,581.827,31.13,29.614,28.903,36.456,"Polyvinyl Chloride (PVC)",15.81,"Comparstic Raman F2Ba Au IAEA 240930.csv"
"716",9812.17157559328,-2969.39948496361,742.979,37.457,28.217,28.217,37.345,"Polyacrylamide/acrylate",15.76,"Comparstic Raman F2Ba Au IAEA 240930.csv"
"222",6746.6506798313,6538.88190014983,466.648,45.733,15.925,15.925,45.185,"Polyacrylamide/acrylate",15.64,"Comparstic Raman F2Ba Au IAEA 240930.csv"
"626",5761.55070658644,-1820.11618284461,1149.648,51.335,45.292,41.523,58.535,"Polyether sulphone (PES)",15.62,"Comparstic Raman F2Ba Au IAEA 240930.csv"
"639",5124.90975651152,-4400.54997056935,560.9,33.213,26.112,23.963,38.053,"Polycarbonate (PC)",15.58,"Comparstic Raman F2Ba Au IAEA 240930.csv"
"760",3867.70174869902,4406.22082753639,348.338,56.605,22.706,22.706,52.365,"Polyether sulphone (PES)",15.47,"Comparstic Raman F2Ba Au IAEA 240930.csv"
"663",1783.26235309757,-818.368249678939,865.737,47.285,25.699,25.699,47.391,"Polyphenylene sulphide (PPS)",15.45,"Comparstic Raman F2Ba Au IAEA 240930.csv"
"699",10763.9756289965,2528.4457619863,1146.023,155.285,101.669,101.669,155.47,"Polyether sulphone (PES)",15.38,"Comparstic Raman F2Ba Au IAEA 240930.csv"
"138",6509.5607678557,3305.73327001284,984.047,49.874,28.357,28.357,52.116,"Polyether sulphone (PES)",15.3,"Comparstic Raman F2Ba Au IAEA 240930.csv"
"256",4038.77388857488,-2311.51803430008,657.624,40.374,23.023,23.023,40.464,"Polyphenylene sulphide (PPS)",15.27,"Comparstic Raman F2Ba Au IAEA 240930.csv"
"672",5162.79821702094,-4455.66045858305,645.101,31.574,28.703,28.703,31.662,"Polyphenylene sulphide (PPS)",15.26,"Comparstic Raman F2Ba Au IAEA 240930.csv"
"243",6143.87971718147,6472.86412805009,728.478,47.068,23.313,23.291,47.493,"Polyacrylamide/acrylate",15.03,"Comparstic Raman F2Ba Au IAEA 240930.csv"
"480",3794.79516559757,346.988944777398,391.839,34.168,21.303,21.303,33.87,"Polyether sulphone (PES)",14.75,"Comparstic Raman F2Ba Au IAEA 240930.csv"
"457",6915.42654937325,197.157305490154,1233.849,326.088,82.601,82.601,310.94,"Polycarbonate (PC)",14.71,"Comparstic Raman F2Ba Au IAEA 240930.csv"
"390",2745.97369058687,-2482.59017417594,602.754,33.588,23.231,23.231,33.913,"Polycarbonate (PC)",14.46,"Comparstic Raman F2Ba Au IAEA 240930.csv"
"652",7420.60602283215,-799.998087007705,660.425,35.047,24.568,24.568,34.915,"Polyacrylamide/acrylate",14.46,"Comparstic Raman F2Ba Au IAEA 240930.csv"
"163",4157.60587835442,1460.10598913741,1438.007,46.722,39.63,39.63,46.638,"Polycarbonate (PC)",14.25,"Comparstic Raman F2Ba Au IAEA 240930.csv"
"195",4221.32738012026,-3496.39352659461,631.425,42.187,34.489,34.489,44.203,"Polyvinyl Chloride (PVC)",14.17,"Comparstic Raman F2Ba Au IAEA 240930.csv"
"261",8767.94264125039,-1370.62126498288,351.139,34.398,19.457,19.457,33.87,"Polyether sulphone (PES)",14.13,"Comparstic Raman F2Ba Au IAEA 240930.csv"
"450",2448.03261476281,-2550.90421660959,1060.668,66.857,23.727,23.727,67.384,"Polycarbonate (PC)",13.93,"Comparstic Raman F2Ba Au IAEA 240930.csv"
"588",1915.87196488053,-702.406597816781,856.675,34.808,32.441,30.984,36.904,"Polyethylene terephtalate (PET)",13.87,"Comparstic Raman F2Ba Au IAEA 240930.csv"
"103",10139.3900981746,3355.10308219178,391.674,36.533,25.979,25.979,36.779,"Polycarbonate (PC)",13.7,"Comparstic Raman F2Ba Au IAEA 240930.csv"
"178",923.309113050485,-1262.69655928938,772.309,32.277,31.238,30.426,36.199,"Polyether sulphone (PES)",13.7,"Comparstic Raman F2Ba Au IAEA 240930.csv"
"257",4810.89478835014,5053.76906169735,564.855,30.545,26.827,25.455,32.091,"Polycarbonate (PC)",13.65,"Comparstic Raman F2Ba Au IAEA 240930.csv"
"418",3199.48708153293,-3912.01845703125,679.869,34.958,26.53,26.385,35.346,"Polyether sulphone (PES)",13.57,"Comparstic Raman F2Ba Au IAEA 240930.csv"
"685",4248.30855654363,2644.40741384846,703.432,55.168,24.782,24.698,55.685,"Polyethylene terephtalate (PET)",13.52,"Comparstic Raman F2Ba Au IAEA 240930.csv"
"694",5561.2011199533,147.787493311216,833.935,33.87,32.148,30.551,35.763,"Polycarbonate (PC)",13.47,"Comparstic Raman F2Ba Au IAEA 240930.csv"
"766",8931.55190254105,899.816027664811,811.855,32.88,32.88,31.318,38.563,"Polyether sulphone (PES)",13.38,"Comparstic Raman F2Ba Au IAEA 240930.csv"
"45",5563.49739028721,4348.24000160531,383.106,23.537,22.389,21.786,25.573,"Polyether sulphone (PES)",13.31,"Comparstic Raman F2Ba Au IAEA 240930.csv"
"782",4083.55116008601,2513.52000481592,1802.329,62.841,37.07,37.07,63.722,"Polyphenylene sulphide (PPS)",13.23,"Comparstic Raman F2Ba Au IAEA 240930.csv"
"60",9725.4873704884,-1105.97610900043,827.674,51.811,23.145,23.145,51.092,"Polyphenylene sulphide (PPS)",13.18,"Comparstic Raman F2Ba Au IAEA 240930.csv"
"612",3594.44557896444,4599.10753558433,388.049,33.222,21.615,21.118,37.311,"Polyphenylene sulphide (PPS)",13.07,"Comparstic Raman F2Ba Au IAEA 240930.csv"
"455",7712.80642282145,386.599608037243,1512.157,64.948,36.939,36.939,65.268,"Polyvinyl Chloride (PVC)",13.03,"Comparstic Raman F2Ba Au IAEA 240930.csv"
"553",9374.73207698455,3800.57952696918,531.24,32.18,25.974,25.974,33.118,"Polyether sulphone (PES)",13.02,"Comparstic Raman F2Ba Au IAEA 240930.csv"
"479",6810.37218159714,2852.79394665026,935.273,36.199,33.632,33.632,36.901,"Polyphenylene sulphide (PPS)",12.94,"Comparstic Raman F2Ba Au IAEA 240930.csv"
"442",3472.74325126752,2898.71935332834,319.337,29.72,13.515,13.515,29.781,"Polyether sulphone (PES)",12.86,"Comparstic Raman F2Ba Au IAEA 240930.csv"
"490",4525.58319936255,4771.32781062714,1204.354,42.839,37.058,37.058,43.494,"Polycarbonate (PC)",12.83,"Comparstic Raman F2Ba Au IAEA 240930.csv"
"749",8166.89388135099,65.6958288741434,1131.852,41.951,35.49,35.49,42.298,"Polyethylene terephtalate (PET)",12.67,"Comparstic Raman F2Ba Au IAEA 240930.csv"
"464",6965.37042913566,4814.95694697132,1183.097,60.082,34.298,34.298,60.452,"Polycarbonate (PC)",12.61,"Comparstic Raman F2Ba Au IAEA 240930.csv"
"589",9959.13287696314,3761.54293129281,453.795,25.531,24.165,23.239,30.039,"Polyether sulphone (PES)",12.43,"Comparstic Raman F2Ba Au IAEA 240930.csv"
"200",6731.72492266092,5168.00851080908,592.702,32.725,25.864,25.811,32.722,"Polyphenylene sulphide (PPS)",12.39,"Comparstic Raman F2Ba Au IAEA 240930.csv"
"562",10179.5748290179,-2727.14296473673,329.883,31.299,17.216,17.181,32.091,"Polycarbonate (PC)",12.34,"Comparstic Raman F2Ba Au IAEA 240930.csv"
"108",6500.37568652008,-3299.48834546233,587.924,32.068,28.009,26.443,33.973,"Polyphenylene sulphide (PPS)",12.28,"Comparstic Raman F2Ba Au IAEA 240930.csv"
"394",7375.25468373755,6206.49676931721,882.05,36.128,32.555,32.54,36.166,"Polycarbonate (PC)",12.27,"Comparstic Raman F2Ba Au IAEA 240930.csv"
"524",8306.39230413566,4707.03224127783,1003.161,65.255,21.241,21.241,63.147,"Polylactic acid (PLA)",12.21,"Comparstic Raman F2Ba Au IAEA 240930.csv"
"117",8761.05383024867,4298.29612184289,489.552,30.048,24.281,24.133,30.498,"Polyether sulphone (PES)",12.19,"Comparstic Raman F2Ba Au IAEA 240930.csv"
"421",886.568787708019,1189.72015732021,2048.505,81.911,45.085,45.085,82.092,"Polystyrene (PS)",12.14,"Comparstic Raman F2Ba Au IAEA 240930.csv"
"604",7045.73989082231,3735.13582245291,1865.273,239.682,41.017,41.017,238.04,"Polycarbonate (PC)",12.11,"Comparstic Raman F2Ba Au IAEA 240930.csv"
"525",8095.13543341648,5946.44415400257,349.986,24.524,18.544,18.544,25.007,"Polyether sulphone (PES)",11.88,"Comparstic Raman F2Ba Au IAEA 240930.csv"
"289",9232.93738386597,-1411.38006340968,398.925,28.587,24.538,24.538,29.046,"Polyether sulphone (PES)",11.82,"Comparstic Raman F2Ba Au IAEA 240930.csv"
"705",7221.97863894945,5639.31799684289,744.626,249.305,9.549,9.549,247.616,"Polytetrafluoroethylene (PTFE)",11.78,"Comparstic Raman F2Ba Au IAEA 240930.csv"
"505",2720.14064933045,4739.75409353596,445.392,34.375,18.787,18.787,35.018,"Polyether sulphone (PES)",11.75,"Comparstic Raman F2Ba Au IAEA 240930.csv"
"389",4888.96797970288,-3848.87102284889,443.744,29.046,26.686,23.346,33.375,"Polyphenylene sulphide (PPS)",11.73,"Comparstic Raman F2Ba Au IAEA 240930.csv"
"282",11169.8414105141,562.838356164383,424.465,28.98,20.578,19.821,32.148,"Polyether sulphone (PES)",11.73,"Comparstic Raman F2Ba Au IAEA 240930.csv"
"76",1460.06230360057,-1140.42016400899,631.425,30.85,27.197,26.979,32.302,"Polyvinyl Chloride (PVC)",11.69,"Comparstic Raman F2Ba Au IAEA 240930.csv"
"236",6627.81869005176,5093.37972495719,661.744,30.426,28.129,28.129,32.162,"Polycarbonate (PC)",11.53,"Comparstic Raman F2Ba Au IAEA 240930.csv"
"771",8379.87295482059,-980.255308219179,399.254,40.301,36.307,36.307,41.077,"Polytetrafluoroethylene (PTFE)",11.39,"Comparstic Raman F2Ba Au IAEA 240930.csv"
"341",5178.87210935827,3017.55134310788,4635.171,79.795,78.647,75.908,83.951,"TEST",11.36,"Comparstic Raman F2Ba Au IAEA 240930.csv"
"405",9898.28171311468,4890.15980040668,367.452,43.453,13.579,13.579,43.901,"Polyvinyl Chloride (PVC)",11.22,"Comparstic Raman F2Ba Au IAEA 240930.csv"
"203",10788.0864675025,2145.54268380779,14861.713,394.132,71.39,71.39,394.384,"Polycarbonate (PC)",11.17,"Comparstic Raman F2Ba Au IAEA 240930.csv"
"22",9623.87740821314,-3159.98992267765,339.605,35.758,20.321,20.321,35.592,"Polyether sulphone (PES)",10.97,"Comparstic Raman F2Ba Au IAEA 240930.csv"
"668",174.724984197747,4539.9785744863,357.236,30.909,18.584,18.584,31,"Polyether sulphone (PES)",10.96,"Comparstic Raman F2Ba Au IAEA 240930.csv"
"274",2598.43832163353,-1387.26922490368,802.463,36.19,29.324,29.051,38.969,"Polyether sulphone (PES)",10.95,"Comparstic Raman F2Ba Au IAEA 240930.csv"
"355",9797.81988600638,3022.14388377569,738.859,39.098,28.002,26.966,41.077,"Polycarbonate (PC)",10.8,"Comparstic Raman F2Ba Au IAEA 240930.csv"
"218",8959.1071465479,-2243.77805944991,529.593,45.493,24.246,24.246,45.78,"Polyacrylamide/acrylate",10.76,"Comparstic Raman F2Ba Au IAEA 240930.csv"
"171",9847.76376576879,677.077805276113,535.03,40.185,25.833,25.833,40.185,"Polyether sulphone (PES)",10.72,"Comparstic Raman F2Ba Au IAEA 240930.csv"
"412",8422.92802358129,3981.41081576413,418.368,24.1,22.309,22.309,25.979,"Polyether sulphone (PES)",10.69,"Comparstic Raman F2Ba Au IAEA 240930.csv"
"111",9556.71150094645,1516.36461231807,349.821,21.793,21.046,21.046,22.336,"Polycarbonate (PC)",10.56,"Comparstic Raman F2Ba Au IAEA 240930.csv"
"46",6733.44712541135,5394.19113869863,716.614,35.581,31.406,30.283,41.59,"Polycarbonate (PC)",10.52,"Comparstic Raman F2Ba Au IAEA 240930.csv"
"403",7251.25608570672,-3886.18541577483,392.663,38.714,22.129,22.129,38.766,"Polyether sulphone (PES)",10.32,"Comparstic Raman F2Ba Au IAEA 240930.csv"
"671",9871.87460427479,-2903.38171286387,1451.519,55.399,34.825,34.825,56.259,"Polycarbonate (PC)",10.23,"Comparstic Raman F2Ba Au IAEA 240930.csv"
"300",11376.5057405655,3074.95810145548,412.766,27.981,20.497,20.282,28.497,"Polycarbonate (PC)",10.22,"Comparstic Raman F2Ba Au IAEA 240930.csv"
"650",5542.25688969859,5713.3727151113,317.195,29.807,16.884,16.884,30.039,"Polyether sulphone (PES)",10.1,"Comparstic Raman F2Ba Au IAEA 240930.csv"
"250",7273.07065387881,3116.86503504923,720.404,44.621,32.662,30.601,51.624,"Polyphenylene sulphide (PPS)",10.09,"Comparstic Raman F2Ba Au IAEA 240930.csv"
"326",4213.29043395159,2126.59845355308,4155.012,119.728,54.118,54.118,120.554,"Polyether sulphone (PES)",9.94,"Comparstic Raman F2Ba Au IAEA 240930.csv"
"232",10752.494277327,-263.24489645762,442.096,28.415,24.762,24.636,28.703,"Polyphenylene sulphide (PPS)",9.91,"Comparstic Raman F2Ba Au IAEA 240930.csv"
"81",5270.14885513096,-68.6359856592462,625.328,28.696,28.162,28.162,31.064,"Polyethylene terephtalate (PET)",9.77,"Comparstic Raman F2Ba Au IAEA 240930.csv"
"489",1056.49279241692,-1635.26642096532,328.4,37.86,13.476,13.476,38.51,"Polycarbonate (PC)",9.72,"Comparstic Raman F2Ba Au IAEA 240930.csv"
"527",4865.43120878036,5935.53686991652,531.57,39.754,20.608,20.608,39.781,"Polyethylene naphtalate (PEN)",9.66,"Comparstic Raman F2Ba Au IAEA 240930.csv"
"736",6831.03861460227,2585.27845275043,336.804,25.272,23.933,20.59,30.294,"Polyether sulphone (PES)",9.6,"Comparstic Raman F2Ba Au IAEA 240930.csv"
"482",7557.80817528292,6025.09141293878,340.594,27.717,18.842,18.842,28.009,"Polyether sulphone (PES)",9.59,"Comparstic Raman F2Ba Au IAEA 240930.csv"
"717",4624.8968913039,4460.18318038313,537.502,35.383,21.527,21.527,35.429,"Polyether sulphone (PES)",9.55,"Comparstic Raman F2Ba Au IAEA 240930.csv"
"546",8362.65092731631,-2677.77315255779,387.555,27.271,19.652,19.652,27.412,"Polyethylene (PE)",9.42,"Comparstic Raman F2Ba Au IAEA 240930.csv"
"173",6446.41333367334,2328.09617535317,620.385,30.428,27.7,27.7,32.987,"Polyether sulphone (PES)",9.41,"Comparstic Raman F2Ba Au IAEA 240930.csv"
"75",4285.62294946957,2438.31715138057,516.905,29.543,22.632,22.632,29.59,"Polyphenylene sulphide (PPS)",9.36,"Comparstic Raman F2Ba Au IAEA 240930.csv"
"92",9826.52326518018,1517.51274748502,316.042,30.848,18.802,18.802,30.861,"Polyurethane (PU)",9.33,"Comparstic Raman F2Ba Au IAEA 240930.csv"
"159",5860.29033094431,6697.32455318921,434.187,37.901,20.166,20.166,39.393,"Polyacrylamide/acrylate",9.25,"Comparstic Raman F2Ba Au IAEA 240930.csv"
"729",6067.52872857916,2578.38964174872,572.105,53.217,17.651,17.651,53.176,"Polyethylene naphtalate (PEN)",9.25,"Comparstic Raman F2Ba Au IAEA 240930.csv"
"653",10036.0579331489,4554.90433165668,558.429,28.415,25.167,25.167,29.267,"Polyphenylene sulphide (PPS)",9.24,"Comparstic Raman F2Ba Au IAEA 240930.csv"
"382",8701.92486915064,-409.632130244006,356.907,35.532,19.641,19.641,35.316,"Polyethylene naphtalate (PEN)",9.23,"Comparstic Raman F2Ba Au IAEA 240930.csv"
"466",4226.49398837154,3920.55965191567,363.662,28.366,17.592,17.474,29.277,"Polyphenylene sulphide (PPS)",9.18,"Comparstic Raman F2Ba Au IAEA 240930.csv"
"229",1557.07972520802,4166.83464522688,598.469,35.383,22.659,22.659,35.172,"Polyether sulphone (PES)",9.17,"Comparstic Raman F2Ba Au IAEA 240930.csv"
"477",5486.57233410142,6030.25802119007,928.352,35.835,33.62,32.023,40.516,"Polyphenylene sulphide (PPS)",9.13,"Comparstic Raman F2Ba Au IAEA 240930.csv"
"580",8600.88897445886,1863.10143273759,477.688,42.693,21.033,20.686,42.622,"Polyether sulphone (PES)",9.12,"Comparstic Raman F2Ba Au IAEA 240930.csv"
"245",3747.14755616906,1371.69958128211,1980.288,62.517,41.054,41.054,62.413,"Polyethylene terephtalate (PET)",9.1,"Comparstic Raman F2Ba Au IAEA 240930.csv"
"287",5530.77553802907,-2370.07292781464,484.444,47.441,18.956,18.679,48.222,"Polyether sulphone (PES)",9.09,"Comparstic Raman F2Ba Au IAEA 240930.csv"
"666",7034.83260673626,-2881.56714469178,1056.054,39.52,34.828,34.741,39.611,"Polycarbonate (PC)",9.08,"Comparstic Raman F2Ba Au IAEA 240930.csv"
"733",2187.4059318647,-3000.39913447132,689.426,37.098,23.087,23.018,39.403,"Polyacrylamide/acrylate",9.05,"Comparstic Raman F2Ba Au IAEA 240930.csv"
"199",8219.13403144731,-2227.13009952911,846.129,43.666,28.534,28.534,44.203,"Polyethylene terephtalate (PET)",8.91,"Comparstic Raman F2Ba Au IAEA 240930.csv"
"202",5697.8292048206,5156.52715913955,699.148,39.63,23.53,23.53,39.542,"Polyether sulphone (PES)",8.83,"Comparstic Raman F2Ba Au IAEA 240930.csv"
"220",8207.65267977779,4189.22328098245,328.4,22.389,19.518,19.518,22.51,"Polyphenylene sulphide (PPS)",8.77,"Comparstic Raman F2Ba Au IAEA 240930.csv"
"740",8329.3550074747,5568.13361649187,323.786,34.807,13.614,13.614,35.226,"Polytetrafluoroethylene (PTFE)",8.75,"Comparstic Raman F2Ba Au IAEA 240930.csv"
"426",6024.47365981846,4856.86388056507,619.066,29.524,27.47,27.47,31.662,"Polyphenylene sulphide (PPS)",8.73,"Comparstic Raman F2Ba Au IAEA 240930.csv"
"112",5116.87281034286,3341.89952777183,730.291,36.652,32.208,30.122,41.847,"Polytetrafluoroethylene (PTFE)",8.68,"Comparstic Raman F2Ba Au IAEA 240930.csv"
"194",9864.98579327307,1436.5692182149,320.82,28.487,24.876,24.683,31.064,"Polyphenylene sulphide (PPS)",8.63,"Comparstic Raman F2Ba Au IAEA 240930.csv"
"205",8904.57072611768,-3492.94912109375,450.829,39.63,21.081,20.695,37.888,"Polyacrylamide/acrylate",8.61,"Comparstic Raman F2Ba Au IAEA 240930.csv"
"20",249.927837633106,1590.41933058647,708.375,34.444,29.277,29.137,36.128,"Polyphenylene sulphide (PPS)",8.6,"Comparstic Raman F2Ba Au IAEA 240930.csv"
"386",8012.46970139594,-3849.44509043236,388.708,35.282,19.518,19.518,35.429,"Polyphenylene sulphide (PPS)",8.51,"Comparstic Raman F2Ba Au IAEA 240930.csv"
"439",6294.85949163567,3942.37422008776,1081.265,41.027,33.584,33.555,41.405,"Polycarbonate (PC)",8.49,"Comparstic Raman F2Ba Au IAEA 240930.csv"
"54",10121.0199355034,-1092.198486997,597.151,29.634,26.877,26.407,31.574,"Polystyrene (PS)",8.48,"Comparstic Raman F2Ba Au IAEA 240930.csv"
"443",9471.17543100852,-1588.76694670377,345.372,26.706,21.009,19.484,29.524,"Polyphenylene sulphide (PPS)",8.34,"Comparstic Raman F2Ba Au IAEA 240930.csv"
"130",8390.20617132316,-110.542919252996,314.229,28.5,15.922,15.884,28.553,"Polycarbonate (PC)",8.32,"Comparstic Raman F2Ba Au IAEA 240930.csv"
"615",10096.3350294139,-736.276585241866,496.967,35.316,19.079,19.079,35.316,"Polyethylene terephtalate (PET)",8.25,"Comparstic Raman F2Ba Au IAEA 240930.csv"
"534",9503.32321568318,3823.54223030822,362.674,28.209,17.729,17.592,28.821,"Polyphenylene sulphide (PPS)",8.13,"Comparstic Raman F2Ba Au IAEA 240930.csv"
"660",3139.78405285142,-2867.78952268836,550.519,31.338,26.105,26.105,33.87,"Polycarbonate (PC)",8.12,"Comparstic Raman F2Ba Au IAEA 240930.csv"
"208",9598.04436695672,1422.217528628,1201.717,86.589,34.178,34.178,86.684,"Polycarbonate (PC)",8.09,"Comparstic Raman F2Ba Au IAEA 240930.csv"
"522",3487.09494085442,3829.85697372646,925.222,37.455,35.425,33.37,42.298,"Polyphenylene sulphide (PPS)",7.99,"Comparstic Raman F2Ba Au IAEA 240930.csv"
"311",4732.8215969974,-2378.68394156678,334.332,27.891,18.895,18.37,29.852,"Polyphenylene sulphide (PPS)",7.96,"Comparstic Raman F2Ba Au IAEA 240930.csv"
"140",9153.71605734628,2379.76225786601,405.021,23.363,22.336,22.022,25.234,"Polycarbonate (PC)",7.8,"Comparstic Raman F2Ba Au IAEA 240930.csv"
"438",1252.24983838225,4773.05001337757,34294.335,291.91,221.603,221.603,317.841,"Polyacrylamide/acrylate",7.79,"Comparstic Raman F2Ba Au IAEA 240930.csv"
"66",10170.3897476823,2432.00240796233,2465.885,57.642,56.424,54.793,59.87,"Polycarbonate (PC)",7.78,"Comparstic Raman F2Ba Au IAEA 240930.csv"
"292",8398.24311749183,5010.71399293664,408.811,32.393,22.813,20.681,35.983,"Polyether sulphone (PES)",7.76,"Comparstic Raman F2Ba Au IAEA 240930.csv"
"264",5929.75250854491,4117.46483304794,326.588,23.11,19.334,19.334,23.138,"Polyethylene (PE)",7.74,"Comparstic Raman F2Ba Au IAEA 240930.csv"
"603",3555.40898328807,-4270.81069670377,814.492,43.569,29.548,28.752,45.464,"Polyvinyl Chloride (PVC)",7.6,"Comparstic Raman F2Ba Au IAEA 240930.csv"
"786",9945.92932254319,-989.440389554795,358.225,23.544,20.296,20.132,24.201,"Polycarbonate (PC)",7.47,"Comparstic Raman F2Ba Au IAEA 240930.csv"
"486",5484.85013135099,2855.66428456764,334.497,30.445,17.049,17.049,30.038,"Polyphenylene sulphide (PPS)",7.4,"Comparstic Raman F2Ba Au IAEA 240930.csv"
"558",6821.27946568318,1105.33222254923,442.755,27.955,22.315,22.273,28.129,"Polyvinyl Chloride (PVC)",7.39,"Comparstic Raman F2Ba Au IAEA 240930.csv"
"134",9153.71605734628,-1208.73420644264,632.249,41.458,23.065,23.065,41.907,"Polyvinyl Chloride (PVC)",7.34,"Comparstic Raman F2Ba Au IAEA 240930.csv"
"741",1895.2055318754,-1938.37410504067,795.707,33.229,30.662,30.662,38.463,"Polyphenylene sulphide (PPS)",7.25,"Comparstic Raman F2Ba Au IAEA 240930.csv"
"224",7911.43380670416,2244.85637574914,633.567,28.821,28.009,28.009,29.796,"Polyphenylene sulphide (PPS)",7.23,"Comparstic Raman F2Ba Au IAEA 240930.csv"
"783",10126.1865437547,4388.42473244863,858.487,38.463,28.703,28.666,38.696,"Polyphenylene sulphide (PPS)",7.22,"Comparstic Raman F2Ba Au IAEA 240930.csv"
"162",4572.65674120759,2342.44786494007,776.758,42.555,29.54,29.54,43.901,"Polyphenylene sulphide (PPS)",7.13,"Comparstic Raman F2Ba Au IAEA 240930.csv"
"196",3179.96878369475,4223.66733599101,381.294,33.869,20.856,20.856,33.754,"Polyethylene naphtalate (PEN)",7.05,"Comparstic Raman F2Ba Au IAEA 240930.csv"
"189",10521.1450411862,-198.375259524829,402.714,33.435,23.373,23.373,33.766,"Polyacrylamide/acrylate",7.05,"Comparstic Raman F2Ba Au IAEA 240930.csv"
"452",6384.9881022414,2886.08986649187,321.48,29.9,22.733,22.733,32.727,"Polyphenylene sulphide (PPS)",6.94,"Comparstic Raman F2Ba Au IAEA 240930.csv"
"529",10910.3628627829,-4110.64584091396,415.238,31.818,20.901,20.901,32.605,"Polyphenylene sulphide (PPS)",6.78,"Comparstic Raman F2Ba Au IAEA 240930.csv"
"451",10239.8519252829,2884.36766374144,788.457,32.148,32.148,30.631,34.504,"Polyphenylene sulphide (PPS)",6.68,"Comparstic Raman F2Ba Au IAEA 240930.csv"
"428",9717.45042431974,-1583.02627086901,548.212,27.77,26.274,26.274,33.286,"Polycarbonate (PC)",6.45,"Comparstic Raman F2Ba Au IAEA 240930.csv"
"11",3836.70209919132,-1024.45851214683,326.917,23.326,22.485,22.485,25.529,"Polytetrafluoroethylene (PTFE)",6.41,"Comparstic Raman F2Ba Au IAEA 240930.csv"
"513",11170.4154780976,-1670.85861114084,1706.099,67.894,36.67,36.67,66.75,"Polytetrafluoroethylene (PTFE)",6.29,"Comparstic Raman F2Ba Au IAEA 240930.csv"
"301",8980.92171471999,1321.75570151969,448.193,38.073,17.605,17.605,37.751,"Polytetrafluoroethylene (PTFE)",6.23,"Comparstic Raman F2Ba Au IAEA 240930.csv"
"566",2514.05038686255,-2740.92058674015,628.623,40.267,22.152,22.131,40.593,"Polytetrafluoroethylene (PTFE)",6.01,"Comparstic Raman F2Ba Au IAEA 240930.csv"
"24",1678.78205290494,2482.52035530822,329.883,48.306,24.504,23.978,49.036,"Polytetrafluoroethylene (PTFE)",5.76,"Comparstic Raman F2Ba Au IAEA 240930.csv"
"94",8615.24066404576,5311.52540667808,699.972,31.835,30.038,28.73,35.581,"Polycarbonate (PC)",5.71,"Comparstic Raman F2Ba Au IAEA 240930.csv"
"174",7542.88241811255,2329.8183781036,338.781,21.815,20.092,20.092,23.138,"Polycarbonate (PC)",5.68,"Comparstic Raman F2Ba Au IAEA 240930.csv"
"332",9745.57973591006,4059.48400711687,509.655,30.377,22.827,22.675,31,"Polytetrafluoroethylene (PTFE)",5.68,"Comparstic Raman F2Ba Au IAEA 240930.csv"
"233",2438.27346584372,4165.68651005993,330.377,22.963,19.518,18.267,26.112,"Polytetrafluoroethylene (PTFE)",5.65,"Comparstic Raman F2Ba Au IAEA 240930.csv"
"391",8974.60697130176,-2490.62712034461,331.696,30.773,21.693,21.693,30.85,"Polyvinyl Chloride (PVC)",5.6,"Comparstic Raman F2Ba Au IAEA 240930.csv"
"530",10092.3165563296,1112.79510113442,334.991,47.409,18.139,18.139,47.238,"Polytetrafluoroethylene (PTFE)",5.57,"Comparstic Raman F2Ba Au IAEA 240930.csv"
"151",8460.81648409071,3261.53006608519,3238.523,117.698,39.782,39.782,118.18,"Polyvinyl Chloride (PVC)",5.51,"Comparstic Raman F2Ba Au IAEA 240930.csv"
"286",8570.46339253463,4100.24280554366,406.999,57.443,24.415,24.415,59.048,"Polytetrafluoroethylene (PTFE)",5.48,"Comparstic Raman F2Ba Au IAEA 240930.csv"
"64",3626.01929605562,5357.45081335616,578.367,28.24,27.47,25.673,31.574,"Polytetrafluoroethylene (PTFE)",5.38,"Comparstic Raman F2Ba Au IAEA 240930.csv"
"2",2395.21839708302,4381.53592144692,721.393,31.317,29.923,29.277,34.696,"Polyvinyl Chloride (PVC)",5.3,"Comparstic Raman F2Ba Au IAEA 240930.csv"
"379",8921.21868603849,2095.59880404538,540.797,45.903,24.734,24.734,45.87,"Polytetrafluoroethylene (PTFE)",5.27,"Comparstic Raman F2Ba Au IAEA 240930.csv"
"727",7212.79355761383,2582.40811483305,997.064,38.157,32.88,32.88,39.756,"Polyethylene naphtalate (PEN)",5.19,"Comparstic Raman F2Ba Au IAEA 240930.csv"
"346",1481.30280418918,2120.85777771832,1444.104,45.63,41.396,40.669,49.071,"Polyphenylene sulphide (PPS)",5.11,"Comparstic Raman F2Ba Au IAEA 240930.csv"
"158",10327.1101979713,-2178.90842251712,1012.059,40.651,33.254,33.065,41.575,"Polycarbonate (PC)",4.95,"Comparstic Raman F2Ba Au IAEA 240930.csv"
"571",9046.93948681974,257.434401755137,945.819,56.217,32.732,32.732,57.365,"Polytetrafluoroethylene (PTFE)",4.81,"Comparstic Raman F2Ba Au IAEA 240930.csv"
"747",11626.2251393775,919.908393086473,355.753,31.246,21.396,21.396,31.662,"Polyethylene terephtalate (PET)",4.73,"Comparstic Raman F2Ba Au IAEA 240930.csv"
"621",6348.24777689894,226.434752247432,1376.216,58.092,30.683,30.672,58.791,"Polycarbonate (PC)",4.64,"Comparstic Raman F2Ba Au IAEA 240930.csv"
"470",5416.53608891734,2844.75700048159,1439.655,59.392,35.525,35.525,58.791,"Polytetrafluoroethylene (PTFE)",4.63,"Comparstic Raman F2Ba Au IAEA 240930.csv"
"380",7237.4784637033,1250.57132116866,654.164,37.771,28.725,28.725,41.907,"Polyvinyl Chloride (PVC)",4.61,"Comparstic Raman F2Ba Au IAEA 240930.csv"
"574",9584.2667449533,2750.60991679152,482.631,34.288,20.035,19.845,36.74,"Polyphenylene sulphide (PPS)",4.53,"Comparstic Raman F2Ba Au IAEA 240930.csv"
"52",2233.33133854278,1561.71595141267,385.083,31.898,16.048,16.048,31.835,"Polycarbonate (PC)",4.46,"Comparstic Raman F2Ba Au IAEA 240930.csv"
"180",4831.56122135527,-1266.71503237372,438.801,32.037,24.266,24.111,34.915,"Polyethylene naphtalate (PEN)",4.42,"Comparstic Raman F2Ba Au IAEA 240930.csv"
"115",11000.4914733887,741.373374625428,497.296,29.479,22.569,22.316,29.524,"Polycarbonate (PC)",4.34,"Comparstic Raman F2Ba Au IAEA 240930.csv"
"572",9748.45007382744,1868.26804098887,441.931,26.101,23.499,22.727,29.409,"Polytetrafluoroethylene (PTFE)",4.34,"Comparstic Raman F2Ba Au IAEA 240930.csv"
"497",1779.24388001324,-579.556134952911,800.98,32.722,31.574,31.465,33.221,"Polyethylene terephtalate (PET)",4.3,"Comparstic Raman F2Ba Au IAEA 240930.csv"
"679",2229.88693304192,3656.4885635167,363.498,25.943,19.24,19.237,25.93,"Polyether sulphone (PES)",4.24,"Comparstic Raman F2Ba Au IAEA 240930.csv"
"5",7932.67430729277,10.5853408604453,537.831,35.902,22.365,22.234,37.345,"Polytetrafluoroethylene (PTFE)",4.22,"Comparstic Raman F2Ba Au IAEA 240930.csv"
"521",5731.69919224568,4711.05071436216,497.296,39.648,19.159,19.159,39.793,"Polytetrafluoroethylene (PTFE)",4.21,"Comparstic Raman F2Ba Au IAEA 240930.csv"
"334",8968.29222788352,-2415.42426690925,909.074,37.769,35.458,34.711,39.939,"Polytetrafluoroethylene (PTFE)",4.16,"Comparstic Raman F2Ba Au IAEA 240930.csv"
"63",5213.31616436683,2454.39104371789,462.199,24.685,24.111,23.881,25.416,"Polyethylene naphtalate (PEN)",4.07,"Comparstic Raman F2Ba Au IAEA 240930.csv"
"351",8916.62614537068,-3789.74206175086,334.991,21.241,20.666,19.625,22.592,"Polyvinyl Chloride (PVC)",4.04,"Comparstic Raman F2Ba Au IAEA 240930.csv"
"124",5431.46184608772,-2132.98301583904,327.906,25.16,16.431,16.431,25.573,"Polyethylene naphtalate (PEN)",4.04,"Comparstic Raman F2Ba Au IAEA 240930.csv"
"430",10726.6612360706,1212.10879307577,656.306,30.888,26.908,26.866,33.416,"Polycarbonate (PC)",4.03,"Comparstic Raman F2Ba Au IAEA 240930.csv"
"673",7297.75555996828,2655.3146979345,653.505,30.426,28.129,27.624,33.286,"Polycarbonate (PC)",4.01,"Comparstic Raman F2Ba Au IAEA 240930.csv"
"713",3576.64948387668,2607.66708850599,473.404,26.84,22.931,22.931,26.957,"Polytetrafluoroethylene (PTFE)",3.99,"Comparstic Raman F2Ba Au IAEA 240930.csv"
"710",4195.49433886384,4479.70147822132,539.15,28.009,25.167,24.067,30.294,"Polyvinyl Chloride (PVC)",3.96,"Comparstic Raman F2Ba Au IAEA 240930.csv"
"425",4694.3590689045,-2529.66371602098,516.905,29.929,27.862,24.838,36.456,"Polyether sulphone (PES)",3.91,"Comparstic Raman F2Ba Au IAEA 240930.csv"
"290",8847.73803535356,2163.33877889555,1236.815,45.109,35.741,35.741,45.109,"Polycarbonate (PC)",3.87,"Comparstic Raman F2Ba Au IAEA 240930.csv"
"88",2864.23161278293,-77.2469994113872,706.398,32.778,29.723,29.72,32.862,"Polyvinyl Chloride (PVC)",3.84,"Comparstic Raman F2Ba Au IAEA 240930.csv"
"444",10338.5915496408,4841.93812339469,644.607,35.036,24.507,24.507,35.014,"Polyethylene terephtalate (PET)",3.78,"Comparstic Raman F2Ba Au IAEA 240930.csv"
"378",8822.47906168061,1248.27505083476,547.553,32.662,23.558,22.979,35.686,"Polytetrafluoroethylene (PTFE)",3.73,"Comparstic Raman F2Ba Au IAEA 240930.csv"
"739",4548.54590270159,-3004.99167513913,449.676,25.167,22.326,22.326,28.703,"Polycarbonate (PC)",3.68,"Comparstic Raman F2Ba Au IAEA 240930.csv"
"72",6602.55971637882,-3250.69260086687,811.196,38.563,29.678,29.678,38.463,"Polytetrafluoroethylene (PTFE)",3.65,"Comparstic Raman F2Ba Au IAEA 240930.csv"
"177",11398.3203087375,-185.745772688356,712.824,46.725,23.363,23.363,48.796,"Polytetrafluoroethylene (PTFE)",3.59,"Comparstic Raman F2Ba Au IAEA 240930.csv"
"581",7629.56662321743,3764.41326921019,586.935,28.264,28.125,27.47,29.772,"Polyethylene (PE)",3.5,"Comparstic Raman F2Ba Au IAEA 240930.csv"
"97",5848.80897927479,4304.03679767765,443.25,49.528,24.96,24.96,49.292,"Polyether sulphone (PES)",3.49,"Comparstic Raman F2Ba Au IAEA 240930.csv"
"607",5124.90975651152,3732.83955211901,470.767,33.438,21.539,21.29,34.145,"Polyvinyl Chloride (PVC)",3.47,"Comparstic Raman F2Ba Au IAEA 240930.csv"
"299",3957.25629172129,5000.95484401755,448.358,25.99,23.877,23.537,26.7,"Polytetrafluoroethylene (PTFE)",3.2,"Comparstic Raman F2Ba Au IAEA 240930.csv"
"1",9359.80631981417,5325.87709626498,150249.579,784.432,326.916,326.916,778.189,"Polyethylene terephtalate (PET)",3.17,"Comparstic Raman F2Ba Au IAEA 240930.csv"
"235",4735.69193491478,5098.54633320848,664.05,37.224,26.784,26.784,39.793,"Polytetrafluoroethylene (PTFE)",2.9,"Comparstic Raman F2Ba Au IAEA 240930.csv"
"654",7550.91936428121,-2862.0488468536,627.8,30.043,28.537,28.501,36.533,"Polyvinyl Chloride (PVC)",2.85,"Comparstic Raman F2Ba Au IAEA 240930.csv"
"548",7015.88837648155,-2693.84704489512,397.277,33.988,19.483,19.483,35.172,"Polytetrafluoroethylene (PTFE)",2.83,"Comparstic Raman F2Ba Au IAEA 240930.csv"
"87",6315.5259246408,-2112.89065041738,1413.95,49.113,42.119,42.119,50.104,"Polystyrene (PS)",2.81,"Comparstic Raman F2Ba Au IAEA 240930.csv"
"298",7317.27385780647,2163.33877889555,588.747,39.879,19.372,19.372,39.375,"Polyethylene terephtalate (PET)",2.69,"Comparstic Raman F2Ba Au IAEA 240930.csv"
"253",8854.62684635527,4124.35364404966,1169.915,40.593,36.128,36.128,42.298,"Polyethylene naphtalate (PEN)",2.57,"Comparstic Raman F2Ba Au IAEA 240930.csv"
"388",10296.684616047,2090.43219579409,740.836,38.157,27.603,26.416,40.563,"Polyether sulphone (PES)",2.56,"Comparstic Raman F2Ba Au IAEA 240930.csv"
"146",9524.56371627179,1484.21682764341,649.55,37.007,23.215,23.215,36.969,"Polyethylene terephtalate (PET)",2.55,"Comparstic Raman F2Ba Au IAEA 240930.csv"
"774",10480.9603103429,45.0293958690072,986.189,43.492,31.896,31.896,44.008,"Polyacrylamide/acrylate",2.55,"Comparstic Raman F2Ba Au IAEA 240930.csv"
"267",7820.15706093147,3102.51334546233,1153.108,50.757,34.638,34.54,57.236,"Polytetrafluoroethylene (PTFE)",2.29,"Comparstic Raman F2Ba Au IAEA 240930.csv"
"354",11045.8428124833,-1499.21240368151,341.912,25.845,18.932,18.736,29.455,"Polyvinyl Chloride (PVC)",2.17,"Comparstic Raman F2Ba Au IAEA 240930.csv"
"114",8653.12912455518,747.688118043664,354.6,29.835,16.775,16.775,31,"Polyethylene terephtalate (PET)",2.09,"Comparstic Raman F2Ba Au IAEA 240930.csv"
"206",8282.85553321315,2271.26348458904,543.763,36.939,20.38,20.38,36.969,"Polyethylene naphtalate (PEN)",2.08,"Comparstic Raman F2Ba Au IAEA 240930.csv"
"755",7871.82314344431,3558.89707432577,683.824,54.294,22.516,22.516,52.814,"Polycarbonate (PC)",1.97,"Comparstic Raman F2Ba Au IAEA 240930.csv"
"280",892.30946354278,3090.45792620933,773.627,32.933,28.906,28.906,35.018,"Polyethylene naphtalate (PEN)",1.95,"Comparstic Raman F2Ba Au IAEA 240930.csv"
"65",5508.96096985698,2446.35409754923,810.867,38.719,29.498,29.173,41.81,"Polyethylene terephtalate (PET)",1.89,"Comparstic Raman F2Ba Au IAEA 240930.csv"
"520",10210.0004109422,-615.7223927119,376.515,30.377,19.165,19.015,31,"Polyphenylene sulphide (PPS)",1.86,"Comparstic Raman F2Ba Au IAEA 240930.csv"
"644",4328.67801823027,2662.20350893622,1772.834,66.434,46.164,45.955,75.203,"Polycarbonate (PC)",1.86,"Comparstic Raman F2Ba Au IAEA 240930.csv"
"441",5304.01884255604,3938.9298145869,536.184,30.052,25.02,22.792,34.444,"Polyvinyl Chloride (PVC)",1.83,"Comparstic Raman F2Ba Au IAEA 240930.csv"
"128",6235.15646295416,3326.97377060146,317.854,20.599,20.411,20.282,21.822,"Polystyrene (PS)",1.76,"Comparstic Raman F2Ba Au IAEA 240930.csv"
"302",3981.36713022728,1318.31129601884,621.868,34.33,25.757,22.939,38.969,"Polytetrafluoroethylene (PTFE)",1.66,"Comparstic Raman F2Ba Au IAEA 240930.csv"
"364",9561.30404161426,-2452.16459225171,395.135,28.212,19.113,19.079,29.011,"Polytetrafluoroethylene (PTFE)",1.59,"Comparstic Raman F2Ba Au IAEA 240930.csv"
"318",8293.18874971571,-352.225371896404,629.283,30.426,28.129,28.129,31.578,"Polytetrafluoroethylene (PTFE)",1.55,"Comparstic Raman F2Ba Au IAEA 240930.csv"
"164",7700.17693598498,3259.80786333476,643.124,36.831,24.35,23.208,39.28,"Polycarbonate (PC)",1.46,"Comparstic Raman F2Ba Au IAEA 240930.csv"
"77",6832.18674976922,5337.3584479345,445.392,25.167,23.544,23.544,25.219,"Polyethylene naphtalate (PEN)",1.37,"Comparstic Raman F2Ba Au IAEA 240930.csv"
"172",4119.717417845,-181.727299604024,617.583,41.891,21.429,21.421,42.048,"Polytetrafluoroethylene (PTFE)",1.3,"Comparstic Raman F2Ba Au IAEA 240930.csv"
"400",8344.28076464508,446.30263671875,1502.764,46.865,42.858,41.333,49.706,"Polyvinyl Chloride (PVC)",1.25,"Comparstic Raman F2Ba Au IAEA 240930.csv"
"643",5243.16767870758,204.046116491866,415.897,28.703,19.518,19.518,29.267,"Polyethylene naphtalate (PEN)",1.24,"Comparstic Raman F2Ba Au IAEA 240930.csv"
"503",9039.47660823455,1146.09102097603,702.279,49.508,18.875,18.875,49.357,"Polycarbonate (PC)",1.2,"Comparstic Raman F2Ba Au IAEA 240930.csv"
"56",11786.3899951673,-50.8398905714894,988.331,38.759,34.754,31.96,45.351,"Polyethylene terephtalate (PET)",1.15,"Comparstic Raman F2Ba Au IAEA 240930.csv"
"182",2128.27697076666,-190.912380939641,1223.632,45.784,37.097,36.531,50.319,"Polycarbonate (PC)",1.13,"Comparstic Raman F2Ba Au IAEA 240930.csv"
"362",10079.1130019096,1257.46013217038,775.44,38.289,29.432,28.719,38.563,"Polytetrafluoroethylene (PTFE)",1.13,"Comparstic Raman F2Ba Au IAEA 240930.csv"
"590",10871.90033469,1857.9348244863,399.419,24.087,21.163,21.163,26.063,"Polyether sulphone (PES)",0.66,"Comparstic Raman F2Ba Au IAEA 240930.csv"
"155",3592.14930863053,4253.51885033176,1194.137,48.186,33.1,33.063,48.47,"Polycarbonate (PC)",0.45,"Comparstic Raman F2Ba Au IAEA 240930.csv"
"231",10752.494277327,3151.30909005779,668.499,38.555,26.031,25.894,40.185,"Polypropylene (PP) Lab bench",0.34,"Comparstic Raman F2Ba Au IAEA 240930.csv"
"184",3717.87010941178,1427.95820446276,1171.893,55.137,32.186,31.973,60.845,"Polypropylene (PP) Lab bench",0.34,"Comparstic Raman F2Ba Au IAEA 240930.csv"
"436",964.641979060759,1201.20150898973,1188.7,42.275,37.018,36.991,43.785,"Polypropylene (PP) Lab bench",0.33,"Comparstic Raman F2Ba Au IAEA 240930.csv"
"149",7635.88136663566,-2161.11232742937,495.154,35.358,20.289,20.27,35.592,"Polyethylene (PE)",0.01,"Comparstic Raman F2Ba Au IAEA 240930.csv"
"306",4142.68012118404,-336.725547142551,656.636,40.626,24.976,24.976,40.846,"Polyethylene (PE)",0.01,"Comparstic Raman F2Ba Au IAEA 240930.csv"
