"match_id","ldir_idx","raman_idx","match_distance","match_score","ldir_particle_id","ldir_x_um","ldir_y_um","ldir_area_um2","ldir_major_um","ldir_minor_um","ldir_feret_min_um","ldir_feret_max_um","ldir_material","ldir_quality","ldir_source_file","ldir_diameter_um","ldir_aspect_ratio","ldir_coord_match_cost","ldir_coord_source","ldir_x_norm","ldir_y_norm","ldir_x_aligned","ldir_y_aligned","ldir_align_method","raman_particle_id","raman_x_um","raman_y_um","raman_area_um2","raman_major_um","raman_minor_um","raman_feret_min_um","raman_feret_max_um","raman_material","raman_quality","raman_source_file","raman_x_norm","raman_y_norm","n_ref_candidates","next_best_distance","ambiguity_score","ambiguity_flag"
1,1,753,33.4211915203165,33.4741446593753,"A1",-4803.942,3503.604,134687.5,739,323,323,739,"Polyethylene terephthalate",0.839804702046538,"Comparstic LDIR F2Ba Au MP2 240925.xlsx",414.112848365656,0.436986952993901,0.112641827172931,"circle_calibrated",3440.70330693069,4223.93590495049,3979.37208004465,3023.58089302771,"landmark_ransac","1",9359.80631981417,5325.87709626498,150249.579,784.432,326.916,326.916,778.189,"Polyethylene terephtalate (PET)",3.17,"Comparstic Raman F2Ba Au IAEA 240930.csv",4002.7253667582,2999.67273453918,1,361.438951084485,0.0924670443515769,FALSE
2,2,136,19.0353582432276,19.0636401477176,"A2",-819.52,-2274.116,127225,648,282,282,648,"Polyethylene terephthalate",0.844333495567771,"Comparstic LDIR F2Ba Au MP2 240925.xlsx",402.477205663788,2.29917670131412,0.119907804622066,"circle_calibrated",-2337.01669306931,239.513904950495,-1382.91028690916,-611.16220811865,"landmark_ransac","506",3980.7930626438,1697.19590111301,136970.052,656.575,292.589,292.589,656.253,"Polyethylene terephtalate (PET)",90.42,"Comparstic Raman F2Ba Au IAEA 240930.csv",-1376.28789041217,-629.008460612794,1,199.905837617894,0.0952216226902406,FALSE
3,3,411,12.3073219480582,12.3492244002059,"A3",-1252.082,-651.846,122862.5,427,367,367,427,"Polyethylene terephthalate",0.812781291857113,"Comparstic LDIR F2Ba Au MP2 240925.xlsx",395.516616041632,0.859259087827103,0.125819119847476,"circle_calibrated",-714.746693069307,672.075904950495,117.627418245716,-223.936999617307,"landmark_ransac","190",5464.75776592933,2095.0247364619,129529.061,431.017,378.117,378.027,462.6,"Polyethylene terephtalate (PET)",41.55,"Comparstic Raman F2Ba Au IAEA 240930.csv",107.676812873357,-231.179625263904,1,308.184187075376,0.0399349559912626,FALSE
4,4,33,61.9178368288918,62.0251744453762,"A4",964.47,-5975.372,110687.5,633,331,331,633,"Polyethylene terephthalate",0.877067095480206,"Comparstic LDIR F2Ba Au MP2 240925.xlsx",375.408713414957,1.91130130013285,0.0344202709498904,"circle_calibrated",-6038.27269306931,-1544.4760950495,-4812.338056683,-2230.32779213806,"landmark_ransac","579",606.423806971718,101.288019049657,130536.836,733.367,340.6,340.6,739.551,"Polyethylene terephtalate (PET)",93.29,"Comparstic Raman F2Ba Au IAEA 240930.csv",-4750.65714608426,-2224.91634267615,0,459.052148191851,0.1348819237047,FALSE
5,5,41,113.75833790566,113.791775066834,"A5",-1997.554,-3572.244,83125,656,200,200,656,"Polyethylene terephthalate",0.750639130991263,"Comparstic LDIR F2Ba Au MP2 240925.xlsx",325.327584376287,0.305047015828511,0.0801291039972072,"circle_calibrated",-3635.14469306931,1417.5479049505,-2572.33284020135,485.767124230567,"landmark_ransac","360",2679.95591848713,2856.23835215111,91420.473,660.172,211.368,211.368,656.27,"Polyethylene terephtalate (PET)",93.07,"Comparstic Raman F2Ba Au IAEA 240930.csv",-2677.12503456884,530.033990425306,0,320.663076185977,0.354759703732408,FALSE
6,6,476,40.4966663750243,40.531631190184,"A6",-3227.874,4056.468,46587.5,308,219,219,308,"Polyethylene terephthalate",0.855330065989846,"Comparstic LDIR F2Ba Au MP2 240925.xlsx",243.550913137991,1.40574005859434,0.0708684627993401,"circle_calibrated",3993.56730693069,2647.8679049505,4477.97672106587,1564.79536229326,"landmark_ransac","347",9842.02308993403,3930.89286841824,50541.327,316.428,221.644,221.644,317.421,"Polyethylene terephtalate (PET)",26.19,"Comparstic Raman F2Ba Au IAEA 240930.csv",4484.94213687806,1604.68850669244,1,179.314575935919,0.22584146416238,FALSE
7,7,58,69.8234373469966,69.9183974369237,"A7",-487.214,-4736.862,43325,362,175,175,362,"Polyethylene terephthalate",0.784742605201264,"Comparstic LDIR F2Ba Au MP2 240925.xlsx",234.868267919808,2.06825403298173,0.132001940622531,"circle_calibrated",-4799.76269306931,-92.7920950495053,-3658.45218450265,-899.62347638978,"landmark_ransac","26",1720.68898649869,1492.82784139555,49919.954,411.058,170.931,170.931,411.529,"Polyethylene terephtalate (PET)",92.53,"Comparstic Raman F2Ba Au IAEA 240930.csv",-3636.39196655728,-833.376520330254,0,181.793730416491,0.384080557602458,FALSE
8,8,422,14.0778727933577,14.2060149789274,"A8",5120.83,2575.924,41987.5,272,264,264,272,"Polyethylene terephthalate",0.810669600094303,"Comparstic LDIR F2Ba Au MP2 240925.xlsx",231.21450080946,0.974011960996269,0.155431062400871,"circle_calibrated",2513.02330693069,-5700.83609504951,3049.58043193017,-6129.96515516168,"landmark_ransac","281",8414.31700982915,-3815.57510300728,52697.926,288.12,270.639,260.875,328.653,"Polyethylene terephtalate (PET)",37.14,"Comparstic Raman F2Ba Au IAEA 240930.csv",3057.23605677318,-6141.77946473308,1,343.728139667465,0.0409564163323293,FALSE
9,9,466,284.709332780547,284.975945449089,"A9",-4863.768,1642.472,39200,1113,318,318,1113,"Cellulosic",0.932922337685594,"Comparstic LDIR F2Ba Au MP2 240925.xlsx",223.407677024802,0.286009461614576,0.246035765173966,"circle_calibrated",1579.57130693069,4283.76190495049,2262.01747399363,3092.59300883008,"landmark_ransac","659",7457.34634817462,5653.09561884632,84850.328,1185.804,415.348,415.348,1176.006,"Polycarbonate (PC)",28.18,"Comparstic Raman F2Ba Au IAEA 240930.csv",2100.26539511865,3326.89125712052,0,454.239444256794,0.626782496280954,FALSE
10,10,451,25.5103913883194,25.609855767069,"A10",-2216.474,5507.476,30512.5,235,171,171,235,"Polyethylene terephthalate",0.893747145334681,"Comparstic LDIR F2Ba Au MP2 240925.xlsx",197.10332723912,1.37198063330004,0.399363864131095,"circle_calibrated",5444.57530693069,1636.4679049505,5809.7402999972,620.533755479219,"landmark_ransac","328",11165.2488698463,2972.20000401327,23629.816,226.443,141.155,141.155,228.479,"Polyethylene terephtalate (PET)",30.92,"Comparstic Raman F2Ba Au IAEA 240930.csv",5808.16791679033,645.995642287466,1,245.780285345461,0.103793481045328,FALSE
11,11,131,13.5957510245038,13.6429976373573,"A11",154.05,3334.318,27050,269,177,177,269,"Cellulosic",0.777987093272813,"Comparstic LDIR F2Ba Au MP2 240925.xlsx",185.583214987472,1.52002962514685,0.100203085799629,"circle_calibrated",3271.41730693069,-734.056095049505,3786.37791642664,-1551.31958784148,"landmark_ransac","10",9153.1419897628,784.42844338613,30271.969,274.763,170.819,170.819,276.242,"Polyethylene terephtalate (PET)",90.65,"Comparstic Raman F2Ba Au IAEA 240930.csv",3796.06103670683,-1541.77591833967,1,234.00112470357,0.0581012208455268,FALSE
12,12,114,3.66723396817647,4.0218671689989,"A12",813.202,-4177.81,24787.5,297,147,147,297,"Polyethylene terephthalate",0.85274100878399,"Comparstic LDIR F2Ba Au MP2 240925.xlsx",177.652540694252,2.02253527198147,1.31015547080538,"circle_calibrated",-4240.71069306931,-1393.20809504951,-3152.0931434386,-2104.03204749344,"landmark_ransac","554",2206.92422970288,225.286617080479,13331.267,175.542,110.84,109.476,181.979,"Polyethylene terephtalate (PET)",91.03,"Comparstic Raman F2Ba Au IAEA 240930.csv",-3150.15672335309,-2100.91774464532,1,162.910848776029,0.0225106798947332,FALSE
13,13,21,7.31859393204255,7.43169572539036,"A13",-3966.872,-3.32800000000052,23425,263,130,130,263,"Polyethylene terephthalate",0.781167895347737,"Comparstic LDIR F2Ba Au MP2 240925.xlsx",172.701002705315,0.495667293872211,0.117721855188525,"circle_calibrated",-66.2286930693074,3386.8659049505,736.320556422658,2276.96860370901,"landmark_ransac","514",6091.06549950168,4596.23719766695,29412.328,294.63,158.382,158.382,297.294,"Polyethylene terephtalate (PET)",93.92,"Comparstic Raman F2Ba Au IAEA 240930.csv",733.984546445708,2270.03283594115,1,201.236329455565,0.0363681545565985,FALSE
14,14,117,59.8361883592212,60.0826505104205,"A14",1978.99,-3868.202,21112.5,437,191,191,437,"Polyethylene terephthalate",0.906822932618016,"Comparstic LDIR F2Ba Au MP2 240925.xlsx",163.955084972138,0.437253457896217,0.471714059538831,"circle_calibrated",-3931.10269306931,-2558.99609504951,-2874.96953660188,-3182.33218833554,"landmark_ransac","561",2472.1434532688,-797.127749090326,32605.538,573.006,160.833,160.833,571.113,"Polyethylene terephtalate (PET)",90.96,"Comparstic Raman F2Ba Au IAEA 240930.csv",-2884.93749978717,-3123.33211081613,0,307.881485458192,0.194348121551292,FALSE
15,15,165,3.81843649823859,3.96125823221531,"A15",-3745.69,-2614.82,18800,220,120,120,220,"Polyethylene terephthalate",0.87095202394214,"Comparstic LDIR F2Ba Au MP2 240925.xlsx",154.715556557901,1.83333333333333,0.542816037179382,"circle_calibrated",-2677.72069306931,3165.6839049505,-1675.68817075679,2092.1756001677,"landmark_ransac","714",3679.98164890236,4414.83184128853,16199.536,172.347,122.889,122.889,171.532,"Polyethylene terephtalate (PET)",88.89,"Comparstic Raman F2Ba Au IAEA 240930.csv",-1677.09930415361,2088.62747956273,1,140.894339059195,0.0271014188627857,FALSE
16,16,387,554.19751525148,555.743329136973,"A16",-5566.782,475.332,18375,831,79,79,831,"Polyvinyl chloride",0.692078609187708,"Comparstic LDIR F2Ba Au MP2 240925.xlsx",152.956780282891,0.0946254456384251,0.500879156860194,"circle_calibrated",412.431306930694,4986.7759049505,1189.97439612143,3750.11492703855,"landmark_ransac","472",5994.04807789423,6040.01717010916,1847.477,63.336,39.744,39.744,63.429,"Polyacrylamide/acrylate",51.12,"Comparstic Raman F2Ba Au IAEA 240930.csv",636.967124838257,3713.81280838336,0,245.755847292621,2.25507356735076,TRUE
17,17,254,149.15183036632,149.45166246308,"A17",-3305.588,4718.168,16550,447,135,135,447,"Polyethylene terephthalate",0.884980070766979,"Comparstic LDIR F2Ba Au MP2 240925.xlsx",145.162372760185,0.302042575961249,0.114581946798668,"circle_calibrated",4655.26730693069,2725.5819049505,5089.29224889396,1631.62014505776,"landmark_ransac","239",10364.4245908972,4082.44671045591,35471.83,426.172,250.3,242.64,481.892,"Polyethylene terephtalate (PET)",81.1,"Comparstic Raman F2Ba Au IAEA 240930.csv",5007.34363784123,1756.24234873011,0,275.104294358483,0.542164675088508,FALSE
18,18,403,128.936015497149,129.176492745623,"A18",-4342.026,1624.662,14337.5,646,66,66,646,"Cellulosic",0.867312864284858,"Comparstic LDIR F2Ba Au MP2 240925.xlsx",135.111331769916,0.102597408274143,0.19184556655118,"circle_calibrated",1561.76130693069,3762.01990495049,2241.71226585781,2611.16466281821,"landmark_ransac","170",7653.67746172342,4820.69762280608,28243.567,684.286,88.538,88.538,681.487,"Polyacrylamide/acrylate",44.6,"Comparstic Raman F2Ba Au IAEA 240930.csv",2296.59650866745,2494.49326108028,0,263.410366992443,0.48948724748122,FALSE
19,19,193,61.0477987636518,61.1457771659439,"A19",-3266.146,456.82,13425,371,65,65,371,"Rubber",0.757959687261123,"Comparstic LDIR F2Ba Au MP2 240925.xlsx",130.74112164147,5.75074564753788,0.0730848015902548,"circle_calibrated",393.919306930693,2686.1399049505,1155.83716979206,1626.79827198052,"landmark_ransac","393",6567.54159378678,3980.26268059717,17641.663,383.809,72.727,72.727,381.657,"Polyamide (PA)",87.1,"Comparstic Raman F2Ba Au IAEA 240930.csv",1210.46064073081,1654.05831887137,0,218.317497746416,0.279628519902518,FALSE
20,20,24,15.1506813342551,15.2266378248759,"A20",2257.372,-5173.454,12862.5,152,110,110,152,"Polyethylene terephthalate",0.910899743593897,"Comparstic LDIR F2Ba Au MP2 240925.xlsx",127.97282385005,0.723684219607356,0.275003269839455,"circle_calibrated",-5236.35469306931,-2837.3780950495,-4081.76151033644,-3429.60102492911,"landmark_ransac","28",1290.13829889167,-1106.5501765839,11240.414,162.591,102.783,101.116,164.04,"Cellulose Acetate Butyrate (CAB)",93.58,"Comparstic Raman F2Ba Au IAEA 240930.csv",-4066.9426541643,-3432.7545383097,1,188.416199564739,0.0804107150513318,FALSE
21,21,11,31.3709181522607,32.9767451810342,"A21",-4921.878,2216.136,10525,497,95,95,497,"Polyethylene terephthalate",0.911626678055639,"Comparstic LDIR F2Ba Au MP2 240925.xlsx",115.762024033521,5.20911818823921,0.856542538545165,"circle_calibrated",2153.23530693069,4341.87190495049,2791.93175028093,3141.97605165087,"landmark_ransac","790",8141.63490767804,5498.67143889127,816.139,33.286,31.662,31.131,39.611,"Cellulose Acetate Butyrate (CAB)",95.03,"Comparstic Raman F2Ba Au IAEA 240930.csv",2784.55395462207,3172.46707716547,1,91.034631855654,0.344604218337511,FALSE
22,22,265,7.31423955855505,7.41535713702327,"A22",1464.814,1317.992,9250,143,106,106,143,"Polyethylene terephthalate",0.855234937742436,"Comparstic LDIR F2Ba Au MP2 240925.xlsx",108.524033231355,1.35475579425798,0.144393681662024,"circle_calibrated",1255.09130693069,-2044.8200950495,1915.62350518299,-2746.19207557775,"landmark_ransac","338",7269.05218079448,-413.650603328339,11281.279,149.996,111.704,111.704,163.995,"Polyethylene terephtalate (PET)",80.21,"Comparstic Raman F2Ba Au IAEA 240930.csv",1911.97122773851,-2739.85496505414,1,191.863770300988,0.0381220464242976,FALSE
23,23,465,120.102426319025,120.323212177851,"A23",-2841.956,-5675.358,9212.5,263,86,86,263,"Cellulosic",0.917786851676572,"Comparstic LDIR F2Ba Au MP2 240925.xlsx",108.303828675965,3.04473685574197,0.187061909227059,"circle_calibrated",-5738.25869306931,2261.9499049505,-4507.21854209958,1280.7249987771,"landmark_ransac","658",962.345708726855,3649.02568493151,17029.352,279.471,109.12,109.12,281.338,"Polyamide (PA)",28.38,"Comparstic Raman F2Ba Au IAEA 240930.csv",-4394.73524432912,1322.82132320571,0,85.7321664911508,1.40090273271493,TRUE
24,24,255,10.5789644952891,10.6720292500337,"A24",-2480.972,3535.402,9050,145,100,100,145,"Polyamide (naturally occurring)",0.781205877791979,"Comparstic LDIR F2Ba Au MP2 240925.xlsx",107.344389140063,0.689655172413793,0.270220143205093,"circle_calibrated",3472.50130693069,1900.9659049505,3991.50473223892,879.277410831677,"landmark_ransac","181",9358.65818464722,3208.71584840539,9978.883,119.974,110.443,106.569,127.464,"Polyethylene terephtalate (PET)",80.93,"Comparstic Raman F2Ba Au IAEA 240930.csv",4001.57723159125,882.511486679586,1,76.5756245341637,0.138150548032023,FALSE
25,25,519,187.093264171928,187.231338634692,"A25",-4213.456,-1882.582,8875,417,53,53,417,"Cellulosic",0.928891530055395,"Comparstic LDIR F2Ba Au MP2 240925.xlsx",106.30146264057,0.127386197322976,0.218028958698519,"circle_calibrated",-1945.48269306931,3633.4499049505,-996.376257413936,2518.48996987969,"landmark_ransac","263",4322.93734239551,5027.93602044092,12484.973,441.838,69.273,69.273,440.951,"Polyphenylene sulphide (PPS)",19.34,"Comparstic Raman F2Ba Au IAEA 240930.csv",-1034.14361066046,2701.73165871512,0,180.464864695548,1.03672958438509,TRUE
26,26,79,37.1109599607669,37.232573539484,"A26",-2540.018,5456.308,8087.5,175,72,72,175,"Polyethylene terephthalate",0.921203429248864,"Comparstic LDIR F2Ba Au MP2 240925.xlsx",101.475735119513,0.412422379390774,0.237207952143502,"circle_calibrated",5393.40730693069,1960.0119049505,5764.91088549288,919.539428397321,"landmark_ransac","141",11124.4900714195,3282.7705666738,11156.872,170.706,90.985,90.45,176.338,"Polyethylene terephtalate (PET)",91.82,"Comparstic Raman F2Ba Au IAEA 240930.csv",5767.40911836353,956.566204947997,1,260.639182418162,0.142384424384923,FALSE
27,27,621,53.6008307009708,53.8596472318223,"A27",-1293.5,5130.606,7062.5,375,54,54,375,"Cellulosic",0.910976576782371,"Comparstic LDIR F2Ba Au MP2 240925.xlsx",94.8274975136014,0.144067807594663,0.0805804654207147,"circle_calibrated",5067.70530693069,713.493904950495,5455.05420121898,-228.56480637905,"landmark_ransac","203",10788.0864675025,2145.54268380779,14861.713,394.132,71.39,71.39,394.384,"Polycarbonate (PC)",11.17,"Comparstic Raman F2Ba Au IAEA 240930.csv",5431.00551444653,-180.661677918014,0,194.403538664588,0.275719418839646,FALSE
28,28,544,5.2713789600945,5.3711475213512,"A28",5167.162,-1987.596,6925,107,89,89,107,"Polyethylene terephthalate",0.866495534103227,"Comparstic LDIR F2Ba Au MP2 240925.xlsx",93.8998607415954,0.830845715471495,0.0398501652581897,"circle_calibrated",-2050.49669306931,-5747.16809504951,-1162.82611060242,-6138.90688348329,"landmark_ransac","343",4193.19806852993,-3807.53815683861,5925.209,114.322,72.226,70.408,117.839,"Polyether sulphone (PES)",16.93,"Comparstic Raman F2Ba Au IAEA 240930.csv",-1163.88288452604,-6133.74251856441,1,151.666387534336,0.0347564087586717,FALSE
29,29,243,19.9603339941863,20.1937388244211,"A29",-2692.17,2554.604,6787.5,291,80,80,291,"Cellulosic",0.844400536822395,"Comparstic LDIR F2Ba Au MP2 240925.xlsx",92.9629679490168,3.62500035579862,0.034066508849147,"circle_calibrated",2491.70330693069,2112.1639049505,3087.80759187385,1081.47919884243,"landmark_ransac","770",8434.40937525082,3390.69527236729,12349.526,329.486,108.098,108.098,329.899,"Polyamide (PA)",81.93,"Comparstic Raman F2Ba Au IAEA 240930.csv",3077.32842219485,1064.49091064149,1,147.018853197531,0.135767172441266,FALSE
30,30,304,3.58723824991086,3.76186817976737,"A30",-1384.76,-1887.288,6725,140,71,71,140,"Polyethylene terephthalate",0.892760518130499,"Comparstic LDIR F2Ba Au MP2 240925.xlsx",92.5339718068125,1.98611115707511,0.0825945706315636,"circle_calibrated",-1950.18869306931,804.753904950495,-1021.68440493544,-92.3207726870736,"landmark_ransac","201",4332.69649131461,2236.245361997,9582.43,120.396,107.152,102.984,128.642,"Polyethylene terephtalate (PET)",71.58,"Comparstic Raman F2Ba Au IAEA 240930.csv",-1024.38446174136,-89.9589997288035,1,162.542312686922,0.0220695657063792,FALSE
31,31,109,9.98122002147496,10.0769004854735,"A31",-2806.18,5048.108,6600,113,74,74,113,"Cellulosic",0.927399984619523,"Comparstic LDIR F2Ba Au MP2 240925.xlsx",91.6699568847508,1.52380948711022,0.362020667405384,"circle_calibrated",4985.20730693069,2226.17390495049,5390.12080254394,1168.22844713634,"landmark_ransac","763",10754.7905476609,3500.91624839469,7920.161,115.464,88.396,88.396,123.443,"Polyethylene terephtalate (PET)",91.06,"Comparstic Raman F2Ba Au IAEA 240930.csv",5397.70959460493,1174.71188666889,1,175.882237068283,0.0567494488803887,FALSE
32,32,76,13.8673930998901,13.9329838731017,"A32",-1927.094,5573.932,6450,111,81,81,111,"Polyethylene terephthalate",0.881695252838208,"Comparstic LDIR F2Ba Au MP2 240925.xlsx",90.6222658265715,1.37755096363061,0.324015935919744,"circle_calibrated",5511.03130693069,1347.0879049505,5868.93352088757,352.947656570694,"landmark_ransac","601",11220.9334254434,2692.05502327697,6964.786,123.198,79.845,79.845,123.235,"Polyethylene terephtalate (PET)",91.94,"Comparstic Raman F2Ba Au IAEA 240930.csv",5863.85247238743,365.850661551166,1,299.28177454359,0.046335574964557,FALSE
33,33,512,36.6170691301197,37.6570269226655,"A33",-4674.67,-1610.622,6375,416,57,57,416,"Cellulosic",0.833985981033295,"Comparstic LDIR F2Ba Au MP2 240925.xlsx",90.0938516086789,7.29736184865589,0.592389832097992,"circle_calibrated",-1673.52269306931,4094.6639049505,-741.942860695366,2942.16823915543,"landmark_ransac","82",4621.45248580305,5232.30408015839,521.519,194.067,11.071,11.071,192.887,"Polyphenylene sulphide (PPS)",20.01,"Comparstic Raman F2Ba Au IAEA 240930.csv",-735.628467252923,2906.09971843259,1,138.452782353419,0.26447333529672,FALSE
34,34,412,960.006008013877,961.186338934343,"A34",1053.182,-6377.462,4662.5,97,65,65,97,"Polyethylene terephthalate",0.893210651413161,"Comparstic LDIR F2Ba Au MP2 240925.xlsx",77.0485520780741,1.48148141136173,0.046927548326225,"circle_calibrated",-6440.36269306931,-1633.18809504951,-5184.11880836789,-2309.22764202476,"landmark_ransac","592",802.754920520519,-707.573206068065,315.218,28.882,22.181,22.181,29.277,"Polyacrylamide/acrylate",40.65,"Comparstic Raman F2Ba Au IAEA 240930.csv",-4554.32603253545,-3033.77756779387,0,441.585108294584,2.1739999605545,TRUE
35,35,80,5.63429617365206,5.79703783571712,"A35",-3266.276,-1829.828,4650,97,62,62,97,"Polyamide (naturally occurring)",0.933982588596863,"Comparstic LDIR F2Ba Au MP2 240925.xlsx",76.9452005197108,0.638095174277552,0.0576958570157382,"circle_calibrated",-1892.72869306931,2686.2699049505,-954.704999184984,1643.86550679935,"landmark_ransac","402",4406.17714199954,3965.91099101027,6816.157,104.475,86.384,86.384,105.541,"Polyethylene terephtalate (PET)",91.82,"Comparstic Raman F2Ba Au IAEA 240930.csv",-950.903811056432,1639.70662928447,1,182.717616382951,0.0308360862252238,FALSE
36,36,22,9.40738606430669,9.5360901728983,"A36",4039.542,-4683.874,4600,94,66,66,94,"Polyethylene terephthalate",0.906023235391562,"Comparstic LDIR F2Ba Au MP2 240925.xlsx",76.5303985732581,1.43749992724326,0.420497605609093,"circle_calibrated",-4746.77469306931,-4619.54809504951,-3643.09459170733,-5078.14670725932,"landmark_ransac","567",1706.91136449526,-2758.14261424443,3354.526,94.069,53.152,53.027,98.64,"Cellulose Acetate Butyrate (CAB)",93.81,"Comparstic Raman F2Ba Au IAEA 240930.csv",-3650.16958856071,-5084.34697597023,1,231.122136129075,0.0407030941382998,FALSE
37,37,326,150.294206402599,151.510359943504,"A37",-1985.542,4530.292,4575,164,62,62,164,"Carbonate",0.796739607038821,"Comparstic LDIR F2Ba Au MP2 240925.xlsx",76.3221522047392,2.63671880999908,0.0407876482649021,"circle_calibrated",4467.39130693069,1405.5359049505,4906.10203038975,414.629143859042,"landmark_ransac","456",10319.0732518026,2880.34919065711,538.326,28.129,25.259,25.259,29.339,"Polyamide (PA)",66.75,"Comparstic Raman F2Ba Au IAEA 240930.csv",4961.99229874663,554.144828931306,0,145.417993497088,1.03353239023758,TRUE
38,38,248,32.8637387907975,33.0322526822076,"A38",-2466.126,3225.222,4550,110,57,57,110,"Polyethylene terephthalate",0.918361068411598,"Comparstic LDIR F2Ba Au MP2 240925.xlsx",76.1133360755196,0.516129006996268,0.325569828249742,"circle_calibrated",3162.32130693069,1886.1199049505,3705.10303523516,867.873632740279,"landmark_ransac","185",9089.99455558044,3176.56806373074,5918.782,138.258,56.566,56.566,138.247,"Polyamide (PA)",81.69,"Comparstic Raman F2Ba Au IAEA 240930.csv",3732.91360252447,850.363702004936,2,49.6519044407265,0.661882744699745,FALSE
39,39,592,88.6234110776624,89.5785591741283,"A39",2282.41,3974.152,4537.5,192,45,45,192,"Polyamide (naturally occurring)",0.878685457165586,"Comparstic LDIR F2Ba Au MP2 240925.xlsx",76.0087128836938,4.28308803841678,0.0209442402948286,"circle_calibrated",3911.25130693069,-2862.4160950495,4361.16136042021,-3520.50723982785,"landmark_ransac","60",9725.4873704884,-1105.97610900043,827.674,51.811,23.145,23.145,51.092,"Polyphenylene sulphide (PPS)",13.18,"Comparstic Raman F2Ba Au IAEA 240930.csv",4368.40641743243,-3432.18047072623,0,87.4690267257181,1.01319763572498,TRUE
40,40,273,15.2392480158795,15.3422438081701,"A40",4025.762,-2698.956,4150,104,59,59,104,"Polyamide (naturally occurring)",0.939859813213134,"Comparstic LDIR F2Ba Au MP2 240925.xlsx",72.6907429501923,0.566037701226032,0.0414145395182857,"circle_calibrated",-2761.85669306931,-4605.76809504951,-1810.94176956246,-5080.13897307668,"landmark_ransac","565",3531.87221236555,-2759.29074941139,5365.297,111.024,68.403,68.403,110.439,"Polyamide (PA)",78.5,"Comparstic Raman F2Ba Au IAEA 240930.csv",-1825.20874069042,-5085.49511113719,1,223.842628532907,0.0680801870303231,FALSE
41,41,6,13.9950750305393,14.1796699777549,"A41",-2957.396,-1400.516,4000,135,49,49,135,"Polyethylene terephthalate",0.892249441085367,"Comparstic LDIR F2Ba Au MP2 240925.xlsx",71.3649646461108,0.360902294401041,0.0727339748989135,"circle_calibrated",-1463.41669306931,2377.3899049505,-560.745444534146,1355.59192069162,"landmark_ransac","630",4810.32072076666,3682.32160477312,6329.736,147.861,65.828,65.828,148.421,"Polyethylene terephtalate (PET)",95.76,"Comparstic Raman F2Ba Au IAEA 240930.csv",-546.760232289313,1356.11724304732,1,332.515340734561,0.0420885093590652,FALSE
42,42,87,25.3181397805921,25.4300189366949,"A42",-6040.918,-1542.814,3912.5,105,47,47,105,"Cellulosic",0.910002468582759,"Comparstic LDIR F2Ba Au MP2 240925.xlsx",70.580094352277,2.23809512204187,0.161135907732921,"circle_calibrated",-1605.71469306931,5460.91190495049,-669.231253737945,4202.69289127978,"landmark_ransac","216",4703.54415024012,6509.03038580908,4894.859,113.922,63.7,63.7,114.022,"Cellulose Acetate Butyrate (CAB)",91.59,"Comparstic Raman F2Ba Au IAEA 240930.csv",-653.536802815853,4182.82602408328,1,349.313703243679,0.0724796638250699,FALSE
43,43,137,7.82366298824163,8.01270780944879,"A43",1934.114,-1254.942,3875,103,50,50,103,"Polyamide (naturally occurring)",0.93290560793875,"Comparstic LDIR F2Ba Au MP2 240925.xlsx",70.2410366940064,0.487684770546574,0.233460442658453,"circle_calibrated",-1317.84269306931,-2514.1200950495,-462.635643947602,-3160.28018395253,"landmark_ransac","664",4888.3939121194,-839.034682684075,5769.495,118.892,73.901,73.284,120.763,"Polyethylene terephtalate (PET)",90.36,"Comparstic Raman F2Ba Au IAEA 240930.csv",-468.687040936573,-3165.23904440988,1,437.185423646711,0.0178955257084782,FALSE
44,44,217,21.7181081540668,21.8120139044117,"A44",515.71,-318.292,3875,106,59,59,106,"Polypropylene",0.978589994635303,"Comparstic LDIR F2Ba Au MP2 240925.xlsx",70.2410366940064,1.81081079979626,0.212062854955057,"circle_calibrated",-381.192693069307,-1095.7160950495,412.391149645328,-1858.05562528157,"landmark_ransac","327",5762.69884175339,488.783637895976,4953.026,112.58,60.62,60.395,112.184,"Polyamide (PA)",85.32,"Comparstic Raman F2Ba Au IAEA 240930.csv",405.617888697418,-1837.42072382983,1,197.307687142059,0.110072285923812,FALSE
45,45,36,22.7518882816835,22.7894273328692,"A45",-557.882,-4904.328,3562.5,105,47,47,105,"Polyamide (naturally occurring)",0.925932956436204,"Comparstic LDIR F2Ba Au MP2 240925.xlsx",67.3492084446359,0.446808533806944,0.05138948993037,"circle_calibrated",-4967.22869306931,-22.1240950495046,-3812.49713947207,-833.156775043838,"landmark_ransac","123",1522.06160261598,1496.2722468964,3863.686,108.347,47.843,47.843,109.227,"Cellulose Acetate Butyrate (CAB)",93.26,"Comparstic Raman F2Ba Au IAEA 240930.csv",-3835.01935043999,-829.932114829404,1,165.07708054717,0.137825846000362,FALSE
46,46,231,63.181302607177,63.4114114332923,"A46",2541.89,-687.31,3475,167,43,43,167,"Cellulosic",0.894828861564227,"Comparstic LDIR F2Ba Au MP2 240925.xlsx",66.5169709018284,0.254237275107038,0.0963791168750561,"circle_calibrated",-750.210693069307,-3121.89609504951,56.7760405605461,-3725.45561209358,"landmark_ransac","248",5361.99966848712,-1363.15838639769,6327.099,181.286,63.243,63.243,180.995,"Polyamide (PA)",83.36,"Comparstic Raman F2Ba Au IAEA 240930.csv",4.91871543114758,-3689.36274812349,0,161.864263849015,0.390335093767897,FALSE
47,47,190,24.1455016310429,24.3606083857781,"A47",4806.126,980.538,3362.5,190,32,32,190,"Cellulosic",0.822389400336825,"Comparstic LDIR F2Ba Au MP2 240925.xlsx",65.4313989547219,5.98689921030809,0.646442388693304,"circle_calibrated",917.637306930693,-5386.13209504951,1579.39455303825,-5827.67386849658,"landmark_ransac","133",6931.50044171058,-3525.09690576841,5492.175,214.864,52.029,52.029,215.275,"Polyamide (PA)",87.21,"Comparstic Raman F2Ba Au IAEA 240930.csv",1574.41948865461,-5851.30126749421,1,417.598863930443,0.057819845111132,FALSE
48,48,119,3.98490916224373,4.15598359166325,"A48",-1180.218,-5640.518,3325,94,46,46,94,"Polyethylene terephthalate",0.877625051256687,"Comparstic LDIR F2Ba Au MP2 240925.xlsx",65.0655168752575,0.485294150366557,0.0476015677242057,"circle_calibrated",-5703.41869306931,600.211904950495,-4487.37751763531,-253.293427285631,"landmark_ransac","374",871.068962954167,2076.65457379067,4816.92,104.748,66.824,66.824,106.191,"Polyethylene terephtalate (PET)",90.93,"Comparstic Raman F2Ba Au IAEA 240930.csv",-4486.01199010181,-249.549787935134,1,254.01219632655,0.015687865464227,FALSE
49,49,77,12.3541393387264,12.5066673696447,"A49",2701.14,1706.796,3275,80,50,50,80,"Polyethylene terephthalate",0.911702241758719,"Comparstic LDIR F2Ba Au MP2 240925.xlsx",64.5744493511765,0.625,0.227366070486011,"circle_calibrated",1643.89530693069,-3281.14609504951,2265.3210932494,-3890.18472599127,"landmark_ransac","368",7610.04832537924,-1564.0820406143,4543.72,87.373,73.131,73.131,88.111,"Polyethylene terephtalate (PET)",91.93,"Comparstic Raman F2Ba Au IAEA 240930.csv",2252.96737232327,-3890.2864023401,1,235.298656363586,0.0525040794097723,FALSE
50,50,636,16.6748611128194,16.810142012227,"A50",-1270.334,-2000.804,3187.5,128,36,36,128,"Cellulosic",0.911693399418307,"Comparstic LDIR F2Ba Au MP2 240925.xlsx",63.7059734157114,0.282786881267485,0.10852471560203,"circle_calibrated",-2063.70469306931,690.327904950495,-1127.30609217119,-197.093009086823,"landmark_ransac","326",4213.29043395159,2126.59845355308,4155.012,119.728,54.118,54.118,120.554,"Polyether sulphone (PES)",9.94,"Comparstic Raman F2Ba Au IAEA 240930.csv",-1143.79051910438,-199.605908172724,1,148.561630212708,0.112242044523506,FALSE
51,51,37,14.6313065736879,14.8644372435162,"A51",-4212.676,1364.48,3100,96,48,48,96,"Polyamide (naturally occurring)",0.917033491970952,"Comparstic LDIR F2Ba Au MP2 240925.xlsx",62.8254931431422,0.5,0.0179224465704286,"circle_calibrated",1301.57930693069,3632.6699049505,2000.60936779523,2493.7047889573,"landmark_ransac","432",7356.31045348284,4834.4752448095,5169.542,120.584,59.27,58.943,124.514,"Cellulose Acetate Butyrate (CAB)",93.21,"Comparstic Raman F2Ba Au IAEA 240930.csv",1999.22950042687,2508.2708830837,1,98.9025425646621,0.14793660703032,FALSE
52,52,505,11.6233680908059,11.8608899644363,"A52",-3394.196,-2666.248,3087.5,103,41,41,103,"Cellulosic",0.969097963071682,"Comparstic LDIR F2Ba Au MP2 240925.xlsx",62.6987008985817,0.393333277173359,0.100658942983149,"circle_calibrated",-2729.14869306931,2814.1899049505,-1725.76053333524,1768.13285952844,"landmark_ransac","255",3641.51912080947,4088.76145387414,5635.531,92.649,83.17,79.862,103.463,"Polyethylene terephtalate (PET)",21.11,"Comparstic Raman F2Ba Au IAEA 240930.csv",-1715.5618322465,1762.55709214834,1,163.930372353062,0.0709042987212416,FALSE
53,53,203,12.6167849542429,12.8165125325138,"A53",-2034.734,2480.114,2987.5,100,44,44,100,"Polyamide (naturally occurring)",0.898473024242733,"Comparstic LDIR F2Ba Au MP2 240925.xlsx",61.6749798532298,2.26956480933648,0.215068793735458,"circle_calibrated",2417.21330693069,1454.7279049505,3014.18187947129,475.22732517208,"landmark_ransac","488",8375.85448173626,2813.18328339041,4904.581,94.228,71.388,69.839,97.017,"Polyethylene terephtalate (PET)",86.6,"Comparstic Raman F2Ba Au IAEA 240930.csv",3018.77352868029,486.978921664606,1,246.294116408306,0.0512264975641027,FALSE
54,54,130,2.05429268771125,2.25225789954845,"A54",1022.45,-841.49,2950,74,57,57,74,"Polyethylene terephthalate",0.922683503707088,"Comparstic LDIR F2Ba Au MP2 240925.xlsx",61.2866760150094,1.31250003161014,0.0272537070161607,"circle_calibrated",-904.390693069307,-1602.45609504951,-74.268709504482,-2321.8917125877,"landmark_ransac","784",5281.63020680048,5.99280019263733,4324.237,82.639,77.563,77.483,91.996,"Cellulose Acetate Butyrate (CAB)",90.65,"Comparstic Raman F2Ba Au IAEA 240930.csv",-75.450746255493,-2320.21156153317,1,74.0396159166609,0.0277458582446398,FALSE
55,55,233,9.94210092852297,9.99471605295572,"A55",-5000.866,2466.23,2887.5,99,59,59,99,"Polyethylene terephthalate",0.913073340982825,"Comparstic LDIR F2Ba Au MP2 240925.xlsx",60.633977153266,0.597484148081609,0.172225221097964,"circle_calibrated",2403.32930693069,4420.85990495049,3023.35031723605,3213.02729182079,"landmark_ransac","738",8385.03956307188,5548.04125107021,3252.859,93.363,56.424,56.424,94.02,"Polyethylene terephtalate (PET)",83.02,"Comparstic Raman F2Ba Au IAEA 240930.csv",3027.95861001591,3221.83688934441,1,58.6865238830341,0.169410288268874,FALSE
56,56,619,2.76136276902625,2.99699861571319,"A56",-2238.158,-980.85,2862.5,64,57,57,64,"Polyamide (naturally occurring)",0.910238033900315,"Comparstic LDIR F2Ba Au MP2 240925.xlsx",60.3709217819672,1.12359546800437,0.0351565017260782,"circle_calibrated",-1043.75069306931,1658.1519049505,-178.730333153226,688.635307896949,"landmark_ransac","341",5178.87210935827,3017.55134310788,4635.171,79.795,78.647,75.908,83.951,"TEST",11.36,"Comparstic Raman F2Ba Au IAEA 240930.csv",-178.208843697703,691.346981382076,1,271.898979966079,0.0101558408544627,FALSE
57,57,415,4.22281892938993,4.35951299142163,"A57",-1143.402,3388.528,2712.5,60,60,60,60,"Cellulosic",0.822302459045794,"Comparstic LDIR F2Ba Au MP2 240925.xlsx",58.7678676241884,1,0.00600290478559762,"circle_calibrated",3325.62730693069,563.395904950495,3846.02889127161,-354.19187161633,"landmark_ransac","478",9202.51180194174,1976.19274668236,3448.943,68,65.376,64.789,73.474,"Polyethylene (PE)",39.86,"Comparstic Raman F2Ba Au IAEA 240930.csv",3845.43084888577,-350.011615043444,1,262.839300228862,0.0160661625780962,FALSE
58,58,126,5.71894274110462,5.8898359136897,"A58",-710.19,3485.196,2700,80,45,45,80,"Cellulosic",0.870641190372022,"Comparstic LDIR F2Ba Au MP2 240925.xlsx",58.6323014283504,0.5625,0.120937439065733,"circle_calibrated",3422.29530693069,130.183904950495,3932.04135707043,-754.756745589847,"landmark_ransac","21",9285.75160154576,1576.06764099957,3950.524,84.124,66.733,65.01,87.716,"Polyethylene terephtalate (PET)",90.7,"Comparstic Raman F2Ba Au IAEA 240930.csv",3928.67064848979,-750.136720726234,1,155.875022125209,0.0366892826261207,FALSE
59,59,440,3.67188052861578,4.13946757028217,"A59",1437.488,-4633.252,2625,91,45,45,91,"Cellulosic",0.942414338697657,"Comparstic LDIR F2Ba Au MP2 240925.xlsx",57.8122288528111,0.492125970663283,0.0709452053529067,"circle_calibrated",-4696.15269306931,-2017.49409504951,-3577.08637115978,-2676.86356422066,"landmark_ransac","296",1777.52167726281,-353.373507063357,6534.718,173.913,86.092,86.092,173.657,"Polyamide (PA)",33.7,"Comparstic Raman F2Ba Au IAEA 240930.csv",-3579.55927579316,-2679.57786878916,1,228.89816347456,0.0160415464802271,FALSE
60,60,548,6.5054672715936,6.56665515982287,"A60",2169.518,553.592,2612.5,85,49,49,85,"Polyethylene terephthalate",0.918982893681545,"Comparstic LDIR F2Ba Au MP2 240925.xlsx",57.6744164306897,1.72881339107393,0.133797624674322,"circle_calibrated",490.691306930693,-2749.5240950495,1204.87048898428,-3390.95843762534,"landmark_ransac","17",6556.06024211726,-1067.51358090753,2928.743,88.341,55.677,55.677,90.369,"Polyether sulphone (PES)",16.55,"Comparstic Raman F2Ba Au IAEA 240930.csv",1198.97928906129,-3393.71794263333,1,149.690377637199,0.0434594886744205,FALSE
61,61,275,23.0332994005804,23.3052046272813,"A61",612.923999999999,3315.338,2600,132,39,39,132,"Cellulosic",0.955328688477602,"Comparstic LDIR F2Ba Au MP2 240925.xlsx",57.5362739175159,0.297640633911645,0.229036327466917,"circle_calibrated",3252.43730693069,-1192.9300950495,3765.45875460846,-1974.7130050274,"landmark_ransac","461",9102.62404241691,363.062837114726,4896.013,168.502,53.361,53.361,169.678,"Polyamide (PA)",78.3,"Comparstic Raman F2Ba Au IAEA 240930.csv",3745.54308936094,-1963.14152461108,1,120.673543765679,0.190872818364446,FALSE
62,62,256,4.54433572693882,4.75789478399783,"A62",-4106.934,-4149.938,2487.5,78,53,53,78,"Polyamide (naturally occurring)",0.93182349408159,"Comparstic LDIR F2Ba Au MP2 240925.xlsx",56.2777342074885,0.674157369262837,0.113820361839015,"circle_calibrated",-4212.83869306931,3526.9279049505,-3089.90262843823,2436.97596593937,"landmark_ransac","493",2269.49759630177,4759.27239137414,4039.174,94.151,57.665,57.295,94.721,"Polyamide (PA)",80.9,"Comparstic Raman F2Ba Au IAEA 240930.csv",-3087.5833567542,2433.06802964834,1,89.1977931560534,0.0509467282333814,FALSE
63,63,551,6.50524080822145,6.72979257152754,"A63",-5850.182,-767.286,2462.5,73,54,54,73,"Carbonate",0.860504115038641,"Comparstic LDIR F2Ba Au MP2 240925.xlsx",55.9942173702815,0.735849120257435,0.0313610165995284,"circle_calibrated",-830.186693069307,5270.1759049505,45.1562883689644,4020.89857083951,"landmark_ransac","293",5408.49914274868,6348.86553001926,4178.575,89.012,62.056,62.056,89.21,"Polycarbonate (PC)",16.36,"Comparstic Raman F2Ba Au IAEA 240930.csv",51.4181896927075,4022.66116829346,1,111.260086705119,0.0584687734916366,FALSE
64,64,263,11.8259525887426,11.9282677567601,"A64",-737.021999999999,3649.958,2437.5,55,55,55,55,"Carbonate",0.732827477267805,"Comparstic LDIR F2Ba Au MP2 240925.xlsx",55.7092576713418,1,0.231872748298315,"circle_calibrated",3587.05730693069,157.015904950494,4084.3131698345,-731.212312397493,"landmark_ransac","7",9445.91645733557,1605.91915534033,2402.61,65.042,50.408,50.057,70.737,"Polyacrylamide/acrylate",80.3,"Comparstic Raman F2Ba Au IAEA 240930.csv",4088.8355042796,-720.285206385474,1,138.521951338234,0.0853724083042028,FALSE
65,65,120,4.09387199673852,4.30462843833474,"A65",-4048.07,3775.096,2437.5,60,60,60,60,"Polyamide (naturally occurring)",0.92175196503736,"Comparstic LDIR F2Ba Au MP2 240925.xlsx",55.7092576713418,1,0.117355498496517,"circle_calibrated",3712.19530693069,3468.0639049505,4224.35321700353,2323.90980219228,"landmark_ransac","552",9584.2667449533,4653.06988843108,3575.492,77.04,61.54,61.54,77.221,"Polyethylene terephtalate (PET)",90.88,"Comparstic Raman F2Ba Au IAEA 240930.csv",4227.18579189733,2326.86552670528,1,214.096864793255,0.0191215877948134,FALSE
66,66,160,50.4730777515099,50.7373737062071,"A66",-890.084,3547.388,2387.5,180,30,30,180,"Cellulosic",0.94209901081891,"Comparstic LDIR F2Ba Au MP2 240925.xlsx",55.1349200875017,6,0.238086030729663,"circle_calibrated",3484.48730693069,310.077904950495,3990.77694142381,-589.178106855739,"landmark_ransac","640",9298.38108838224,1727.04741545377,5064.415,178.12,46.122,46.122,178.171,"Polyamide (PA)",89.23,"Comparstic Raman F2Ba Au IAEA 240930.csv",3941.30013532627,-599.156946272034,0,163.720961689217,0.308287205442394,FALSE
67,67,44,10.5966892754161,10.7485533532027,"A67",1671.072,4291.118,2387.5,64,53,53,64,"Polyamide (naturally occurring)",0.925614174181343,"Comparstic LDIR F2Ba Au MP2 240925.xlsx",55.1349200875017,0.833333308357424,0.0428487982844787,"circle_calibrated",4228.21730693069,-2251.0780950495,4658.24727413396,-2958.60024036169,"landmark_ransac","528",10013.0952298099,-622.037136130137,2866.128,66.863,66.21,53.371,83.748,"Cellulose Acetate Butyrate (CAB)",93.04,"Comparstic Raman F2Ba Au IAEA 240930.csv",4656.01427675393,-2948.24149785594,1,131.731936945867,0.0804413077124235,FALSE
68,68,154,10.9312636827009,11.0106633846034,"A68",5936.034,316.42,2287.5,70,45,45,70,"Polyamide (naturally occurring)",0.92593733437578,"Comparstic LDIR F2Ba Au MP2 240925.xlsx",53.9679113787229,1.55555555555556,0.0417932592562695,"circle_calibrated",253.519306930693,-6516.04009504951,958.049022961657,-6865.64062076016,"landmark_ransac","702",6305.19270813823,-4534.88178510274,2682.237,75.008,50.638,50.638,76.558,"Polyamide (PA)",89.65,"Comparstic Raman F2Ba Au IAEA 240930.csv",948.111755082257,-6861.08614682854,1,228.170230828744,0.0479083693039058,FALSE
69,69,324,5.10837577584159,5.26654811634824,"A69",-628.758,933.582,2237.5,76,46,46,76,"Cellulosic",0.93580260113498,"Comparstic LDIR F2Ba Au MP2 240925.xlsx",53.3748394034579,0.604166631325456,0.016094421833095,"circle_calibrated",870.681306930693,48.7519049504948,1576.33490265475,-811.006293591202,"landmark_ransac","86",6938.38925271229,1516.36461231807,3342.497,85.642,51.682,51.68,86.11,"Polyethylene terephtalate (PET)",67.26,"Comparstic Raman F2Ba Au IAEA 240930.csv",1581.30829965632,-809.839749407734,1,303.172726192174,0.0168497207516071,FALSE
70,70,8,2.70953966312928,2.7850177455328,"A70",1990.56,632.658,2175,75,40,40,75,"Polyethylene terephthalate",0.873115309564973,"Comparstic LDIR F2Ba Au MP2 240925.xlsx",52.6241010355424,0.533333333333333,0.0510887411332721,"circle_calibrated",569.757306930693,-2570.5660950495,1279.17359496503,-3226.36877323826,"landmark_ransac","706",6633.55936588652,-899.885846532534,2484.505,68.389,50.015,46.905,72.907,"Polyamide (PA)",95.31,"Comparstic Raman F2Ba Au IAEA 240930.csv",1276.47841283055,-3226.09020825834,1,185.571741374066,0.0146010359285659,FALSE
71,71,701,9.28089073503464,9.3770788328585,"A71",2795.728,5548.764,2125,64,42,42,64,"Polyethylene terephthalate",0.895910031452128,"Comparstic LDIR F2Ba Au MP2 240925.xlsx",52.015709478601,1.4999998876084,0.261904884751062,"circle_calibrated",5485.86330693069,-3375.73409504951,5810.7011304714,-4005.96242037046,"landmark_ransac","513",11170.4154780976,-1670.85861114084,1706.099,67.894,36.67,36.67,66.75,"Polytetrafluoroethylene (PTFE)",6.29,"Comparstic Raman F2Ba Au IAEA 240930.csv",5813.33452504163,-3997.06297286664,1,217.86674677158,0.0425989320195115,FALSE
72,72,2,2.14293331755063,2.60836241391367,"A72",-435.422,1197.196,2100,65,40,40,65,"Polyethylene terephthalate",0.930434884804005,"Comparstic LDIR F2Ba Au MP2 240925.xlsx",51.7088294582641,1.625,0.108854280608885,"circle_calibrated",1134.29530693069,-144.584095049505,1818.21393450972,-991.406380769787,"landmark_ransac","270",7175.47916468789,1332.66298560574,5471.084,113.791,67.845,67.831,116.501,"Polypropylene (PP)",97.95,"Comparstic Raman F2Ba Au IAEA 240930.csv",1818.39821163192,-993.541376120064,1,104.694447609205,0.0204684524011207,FALSE
73,73,201,3.93775496925288,4.01147536039991,"A73",550.680000000001,2957.006,2012.5,66,43,43,66,"Polyamide (naturally occurring)",0.91134245757931,"Comparstic LDIR F2Ba Au MP2 240925.xlsx",50.6201005903733,1.55555558037681,0.0347634725776,"circle_calibrated",2894.10530693069,-1130.68609504951,3435.18480019274,-1914.6069513021,"landmark_ransac","411",8788.60907425552,410.13637895976,2265.516,73.525,44.424,44.424,73.168,"Polyacrylamide/acrylate",86.66,"Comparstic Raman F2Ba Au IAEA 240930.csv",3431.52812119955,-1916.06798276604,1,182.861265840441,0.0215341119463147,FALSE
74,74,612,445.32564520912,446.052107386541,"A74",-4700.28,1481.662,1975,79,34,34,79,"Polyethylene terephthalate",0.89249911252012,"Comparstic LDIR F2Ba Au MP2 240925.xlsx",50.1462670679677,0.435643561363349,0.141639178396138,"circle_calibrated",1418.76130693069,4120.27390495049,2112.3804889404,2942.88776827773,"landmark_ransac","705",7221.97863894945,5639.31799684289,744.626,249.305,9.549,9.549,247.616,"Polytetrafluoroethylene (PTFE)",11.78,"Comparstic Raman F2Ba Au IAEA 240930.csv",1864.89768589348,3313.11363511709,0,384.194553503488,1.15911493577453,TRUE
75,75,682,6.35981515660065,6.48034816210179,"A75",-1643.304,4431.726,1975,65,45,45,65,"Polyamide (naturally occurring)",0.926064872381839,"Comparstic LDIR F2Ba Au MP2 240925.xlsx",50.1462670679677,1.44444444444444,0.194118344414079,"circle_calibrated",4368.82530693069,1063.29790495049,4812.59057335408,99.4789159933505,"landmark_ransac","66",10170.3897476823,2432.00240796233,2465.885,57.642,56.424,54.793,59.87,"Polycarbonate (PC)",7.78,"Comparstic Raman F2Ba Au IAEA 240930.csv",4813.30879462633,105.798046236526,1,143.607803315405,0.0442859998535916,FALSE
76,76,281,19.0224359709432,19.6375160220036,"A76",-3668.132,3102.944,1962.5,165,28,28,165,"Cellulosic",0.828862653882412,"Comparstic LDIR F2Ba Au MP2 240925.xlsx",49.9873244587341,5.98795227053529,0.579422813477055,"circle_calibrated",3040.04330693069,3088.1259049505,3601.15074308444,1978.21408912212,"landmark_ransac","40",8976.90324163566,4308.05527076199,7157.41,335.248,77.726,77.726,321.478,"Polyamide (PA)",77.09,"Comparstic Raman F2Ba Au IAEA 240930.csv",3619.82228857969,1981.85090903619,1,58.5750243084743,0.324753360250696,FALSE
77,77,63,7.01780921918008,7.14219330487635,"A77",-394.654,1838.46,1937.5,60,40,40,60,"Polyamide (naturally occurring)",0.971180570520754,"Comparstic LDIR F2Ba Au MP2 240925.xlsx",49.667913363905,0.666666666666667,0.109280427275816,"circle_calibrated",1775.55930693069,-185.352095049505,2409.78921235722,-1033.78731636967,"landmark_ransac","315",7773.65758666991,1294.20045751284,2415.793,65.173,55.075,54.427,67.895,"Cellulose Acetate Butyrate (CAB)",92.39,"Comparstic Raman F2Ba Au IAEA 240930.csv",2416.57663361394,-1032.00390421296,1,365.041092495018,0.0192247102133463,FALSE
78,78,72,4.88166378978952,4.96989063908608,"A78",1877.2,267.696,1862.5,60,45,45,60,"Polyamide (naturally occurring)",0.91894503916936,"Comparstic LDIR F2Ba Au MP2 240925.xlsx",48.6971113318772,1.33333333333333,0.195371493350196,"circle_calibrated",204.795306930693,-2457.20609504951,943.159086906498,-3119.03425102796,"landmark_ransac","646",6295.43355921914,-793.68334358947,1610.199,62.063,35.613,34.638,64.365,"Cellulose Acetate Butyrate (CAB)",92.03,"Comparstic Raman F2Ba Au IAEA 240930.csv",938.352606163167,-3119.88770531527,1,60.0218191193961,0.0813314868061374,FALSE
79,79,296,13.8960699051721,13.9833906373403,"A79",-2555.41,1808.482,1837.5,56,42,42,56,"Polyamide (naturally occurring)",0.914585244700799,"Comparstic LDIR F2Ba Au MP2 240925.xlsx",48.369180925987,1.31578952684855,1.02297142606545,"circle_calibrated",1745.58130693069,1975.40390495049,2398.13416223636,960.781494080845,"landmark_ransac","147",7763.32437016734,3298.27039142765,1888.013,66.129,35.144,35.144,66.166,"Polyamide (PA)",73.52,"Comparstic Raman F2Ba Au IAEA 240930.csv",2406.24341711137,972.066029701846,1,61.3827700276765,0.226383884254597,FALSE
80,80,711,10.2639175675647,10.4820853768211,"A80",-2536.274,2584.01,1825,106,31,31,106,"Cellulosic",0.900970428432625,"Comparstic LDIR F2Ba Au MP2 240925.xlsx",48.2043791490117,3.35483855329695,0.209673771929313,"circle_calibrated",2521.10930693069,1956.26790495049,3113.79349936051,937.371499312829,"landmark_ransac","151",8460.81648409071,3261.53006608519,3238.523,117.698,39.782,39.782,118.18,"Polyvinyl Chloride (PVC)",5.51,"Comparstic Raman F2Ba Au IAEA 240930.csv",3103.73553103474,935.325704359386,1,132.246159071794,0.077612216790301,FALSE
81,81,141,184.040866173466,184.754592630565,"A81",889.798,-4569.578,1812.5,60,42,42,60,"Polyamide (naturally occurring)",0.927072222024821,"Comparstic LDIR F2Ba Au MP2 240925.xlsx",48.0390120093293,1.4166666853986,0.0247644435456169,"circle_calibrated",-4632.47869306931,-1469.80409504951,-3514.25704152198,-2171.82550447992,"landmark_ransac","711",1661.56002540065,122.52851963827,347.844,29.286,19.317,19.317,29.524,"Cellulose Acetate Butyrate (CAB)",90.13,"Comparstic Raman F2Ba Au IAEA 240930.csv",-3695.52092765532,-2203.67584208753,0,212.359201517843,0.866648889513754,TRUE
82,82,169,279.352019154194,279.988471194615,"A82",-3983.304,-2799.446,1775,50,45,45,50,"Polyamide (naturally occurring)",0.804518698923528,"Comparstic LDIR F2Ba Au MP2 240925.xlsx",47.5394593143939,1.11111111111111,0.716756698110106,"circle_calibrated",-2862.34669306931,3403.2979049505,-1844.33425589863,2312.85823179439,"landmark_ransac","726",3301.09704380819,4456.73877488228,419.192,26.224,20.681,20.467,26.443,"Polyethylene terephtalate (PET)",88.76,"Comparstic Raman F2Ba Au IAEA 240930.csv",-2055.98390924778,2130.53441315648,0,90.9456647850186,3.07163645254052,TRUE
83,83,221,24.6367706547431,25.0071427348327,"A83",-2042.43,-4746.716,1750,50,40,40,50,"Polyethylene terephthalate",0.941419101723752,"Comparstic LDIR F2Ba Au MP2 240925.xlsx",47.2034871941315,0.8,0.33663779376662,"circle_calibrated",-4809.61669306931,1462.42390495049,-3656.0209676358,535.891498568281,"landmark_ransac","469",1720.11491891521,2846.47920323202,3365.566,87.167,63.385,63.385,86.684,"Polyacrylamide/acrylate",84.88,"Comparstic Raman F2Ba Au IAEA 240930.csv",-3636.96603414076,520.274841506216,1,239.881278615546,0.102704015907086,FALSE
84,84,176,8.20020450137016,8.83844282353613,"A84",2856.308,1311.596,1712.5,63,38,38,63,"Chitin",0.884059143024926,"Comparstic LDIR F2Ba Au MP2 240925.xlsx",46.6949967379693,1.6470589858636,2.06518276883839,"circle_calibrated",1248.69530693069,-3436.3140950495,1899.40718069165,-4030.47357013521,"landmark_ransac","551",7248.38574778934,-1703.0063958155,416.885,29.593,20.851,19.671,32.348,"Cellulose Acetate Butyrate (CAB)",88.47,"Comparstic Raman F2Ba Au IAEA 240930.csv",1891.30479473337,-4029.2107575413,1,184.731848213886,0.0443897713396761,FALSE
85,85,375,413.712753369061,414.376307469875,"A85",-94.8480000000001,2003.326,1700,60,39,39,60,"Polycarbonate",0.887871498426707,"Comparstic LDIR F2Ba Au MP2 240925.xlsx",46.5242649168128,1.54545453430827,0.0525665386906806,"circle_calibrated",1940.42530693069,-485.158095049505,2559.73617307601,-1311.7258181168,"landmark_ransac","166",7672.62169197813,680.52221077697,352.128,30.381,22.137,22.137,32.88,"Polyacrylamide/acrylate",53.88,"Comparstic Raman F2Ba Au IAEA 240930.csv",2315.54073892216,-1645.68215094883,0,314.227629047828,1.3166020907286,TRUE
86,86,656,5.53420160013343,5.65740014120661,"A86",-446.862,-2522.936,1637.5,53,42,42,53,"Carbonate",0.860705010415341,"Comparstic LDIR F2Ba Au MP2 240925.xlsx",45.6610310276042,1.2500000561958,0.0922554034797627,"circle_calibrated",-2585.83669306931,-133.144095049505,-1615.3294739797,-953.276065928573,"landmark_ransac","245",3747.14755616906,1371.69958128211,1980.288,62.517,41.054,41.054,62.413,"Polyethylene terephtalate (PET)",9.1,"Comparstic Raman F2Ba Au IAEA 240930.csv",-1609.93339688691,-954.504780443694,1,59.9884210893142,0.0922544967785331,FALSE
87,87,428,5.13431266280311,5.44055069173098,"A87",-1606.046,5391.36,1625,55,40,40,55,"Polyamide (naturally occurring)",0.925915615362264,"Comparstic LDIR F2Ba Au MP2 240925.xlsx",45.4864184146723,1.40000012063134,0.116657391682125,"circle_calibrated",5328.45930693069,1026.03990495049,5698.04278456281,57.9780946328174,"landmark_ransac","107",11052.1575559015,2388.37327161815,3338.378,69.477,62.933,62.933,69.578,"Polyethylene terephtalate (PET)",35.68,"Comparstic Raman F2Ba Au IAEA 240930.csv",5695.07660284553,62.1689098923462,1,176.152832730562,0.0291469207915401,FALSE
88,88,734,2.62047228482181,3.31078454567278,"A88",-1633.58,-939.77,1612.5,63,35,35,63,"Polyamide (naturally occurring)",0.956803703803018,"Comparstic LDIR F2Ba Au MP2 240925.xlsx",45.3111329132858,0.549999988690813,2.05831711490506,"circle_calibrated",-1002.67069306931,1053.5739049505,-145.294850573473,130.314071384191,"landmark_ransac","63",5213.31616436683,2454.39104371789,462.199,24.685,24.111,23.881,25.416,"Polyethylene naphtalate (PEN)",4.07,"Comparstic Raman F2Ba Au IAEA 240930.csv",-143.764788689143,128.186681992087,1,283.430977188945,0.00924553946365187,FALSE
89,89,226,7.33143210238201,7.53396349392447,"A89",1966.276,-5638.958,1487.5,60,35,35,60,"Polyamide (naturally occurring)",0.931131812857365,"Comparstic LDIR F2Ba Au MP2 240925.xlsx",43.5194648725551,0.583333333333333,0.109456881881882,"circle_calibrated",-5701.85869306931,-2546.28209504951,-4509.25756333994,-3157.47358126014,"landmark_ransac","661",842.365583780365,-836.164344766696,1948.98,82.778,37.283,37.283,83.369,"Polyamide (PA)",84.24,"Comparstic Raman F2Ba Au IAEA 240930.csv",-4514.71536927561,-3162.3687064925,1,131.650562714619,0.0556885739886616,FALSE
90,90,110,19.9632792739805,20.4112578759799,"A90",-1049.256,-5144.048,1475,65,31,31,65,"Polyamide (naturally occurring)",0.940899868441385,"Comparstic LDIR F2Ba Au MP2 240925.xlsx",43.3362242065961,0.471428559899464,0.0721843996772593,"circle_calibrated",-5206.94869306931,469.249904950495,-4030.11347714895,-377.848999144007,"landmark_ransac","508",1307.93439397942,1954.37817851027,635.874,37.134,23.522,23.522,36.778,"Polyacrylamide/acrylate",91.05,"Comparstic Raman F2Ba Au IAEA 240930.csv",-4049.14655907655,-371.826183215534,1,129.643140719502,0.153986390357307,FALSE
91,91,230,9.65597601360083,9.89249294991704,"A91",-2014.714,3487.484,1475,68,36,36,68,"Polycarbonate",0.869741025025116,"Comparstic LDIR F2Ba Au MP2 240925.xlsx",43.3362242065961,0.523364520461789,0.157231622928055,"circle_calibrated",3424.58330693069,1434.7079049505,3943.8214879574,449.283139003829,"landmark_ransac","533",9310.43650763523,2777.01702563142,2741.721,76.506,47.752,47.752,76.506,"Polyamide (PA)",83.37,"Comparstic Raman F2Ba Au IAEA 240930.csv",3953.35555457926,450.812663905616,1,87.1929703204465,0.11074259746071,FALSE
92,92,368,15.9597260411192,16.0746552631709,"A92",-4016.376,-4152.018,1475,50,45,45,50,"Polyamide (naturally occurring)",0.939254523355852,"Comparstic LDIR F2Ba Au MP2 240925.xlsx",43.3362242065961,0.9,0.108222940598193,"circle_calibrated",-4214.91869306931,3436.3699049505,-3092.4935993623,2353.40765340678,"landmark_ransac","550",2279.83081280434,4674.88445660317,1575.596,61.157,39.716,39.233,62.573,"Polyacrylamide/acrylate",56.08,"Comparstic Raman F2Ba Au IAEA 240930.csv",-3077.25014025163,2348.68009487737,1,79.8115657371568,0.199967584819465,FALSE
93,93,132,8.55991744103457,8.62482702394993,"A93",-986.284,5979.402,1475,63,36,36,63,"Polyamide (naturally occurring)",0.934617438466672,"Comparstic LDIR F2Ba Au MP2 240925.xlsx",43.3362242065961,1.76923072301354,0.0584023850377724,"circle_calibrated",5916.50130693069,406.277904950495,6236.20377182092,-518.411505208758,"landmark_ransac","618",11586.6144761177,1813.15755297517,1671.661,59.703,39.611,39.586,60.23,"Cellulose Acetate Butyrate (CAB)",90.59,"Comparstic Raman F2Ba Au IAEA 240930.csv",6229.53352306173,-513.046808750634,1,163.764819475547,0.0522695745548252,FALSE
94,94,42,11.0281735616987,11.0962001576109,"A94",4257.76,1870.856,1462.5,49,42,42,49,"Rubber",0.769118095199971,"Comparstic LDIR F2Ba Au MP2 240925.xlsx",43.1522054381369,0.857142884667332,0.0671294433792824,"circle_calibrated",1807.95530693069,-4837.76609504951,2405.20938526607,-5328.13845395441,"landmark_ransac","731",7751.26895091434,-3001.54726963827,1531.271,45.852,44.62,41.077,56.424,"Cellulose Acetate Butyrate (CAB)",93.07,"Comparstic Raman F2Ba Au IAEA 240930.csv",2394.18799785837,-5327.75163136407,1,195.02650870646,0.0565470490901189,FALSE
95,95,717,8.49371494967859,8.52551366225075,"A95",-1246.674,-4978.792,1462.5,45,40,40,45,"Cellulosic",0.936736016673243,"Comparstic LDIR F2Ba Au MP2 240925.xlsx",43.1522054381369,0.888888888888889,0.228775044461935,"circle_calibrated",-5041.69269306931,666.667904950495,-3876.12142964309,-196.859808886449,"landmark_ransac","346",1481.30280418918,2120.85777771832,1444.104,45.63,41.396,40.669,49.071,"Polyphenylene sulphide (PPS)",5.11,"Comparstic Raman F2Ba Au IAEA 240930.csv",-3875.77814886679,-205.346584007484,1,173.236548767198,0.0490295784008764,FALSE
96,96,459,6.55812191848657,6.86297948113019,"A96",-4411.862,-1086.072,1425,60,32,32,60,"Cellulosic",0.949829707431432,"Comparstic LDIR F2Ba Au MP2 240925.xlsx",42.5953794588991,1.88888877233464,0.0469233657764718,"circle_calibrated",-1148.97269306931,3831.8559049505,-259.738547603921,2695.71259849362,"landmark_ransac","265",5103.09518833943,5025.06568252354,2849.156,61.57,60.502,57.315,71.184,"Polycarbonate (PC)",29.33,"Comparstic Raman F2Ba Au IAEA 240930.csv",-253.985764716543,2698.86132079774,1,90.6071046917727,0.0723797757449153,FALSE
97,97,721,5.69403334084524,5.72774703358539,"A97",773.656,304.771999999999,1425,57,35,35,57,"Rubber",0.731294542350706,"Comparstic LDIR F2Ba Au MP2 240925.xlsx",42.5953794588991,1.5999998381561,0.226323982236288,"circle_calibrated",241.871306930693,-1353.6620950495,985.558498439864,-2100.75383600695,"landmark_ransac","621",6348.24777689894,226.434752247432,1376.216,58.092,30.683,30.672,58.791,"Polycarbonate (PC)",4.64,"Comparstic Raman F2Ba Au IAEA 240930.csv",991.166823842967,-2099.76960947837,1,472.272014005429,0.0120566816834075,FALSE
98,98,194,9.76974642213756,9.88583487019022,"A98",4802.408,2764.008,1425,53,35,35,53,"Polyamide (naturally occurring)",0.970435445372751,"Comparstic LDIR F2Ba Au MP2 240925.xlsx",42.5953794588991,0.666666666666667,0.1619312688674,"circle_calibrated",2701.10730693069,-5382.41409504951,3225.53920245883,-5837.46020495661,"landmark_ransac","211",8575.63000078592,-3504.43047276327,1718.128,62.766,44.77,44.397,63.147,"Cellulose Acetate Butyrate (CAB)",86.99,"Comparstic Raman F2Ba Au IAEA 240930.csv",3218.54904772995,-5830.63483448907,1,216.539506126716,0.0451176166275194,FALSE
99,99,83,8.80892180639772,8.88258194776967,"A99",-999.414,3888.274,1412.5,55,34,34,55,"Polyamide (naturally occurring)",0.94536476687416,"Comparstic LDIR F2Ba Au MP2 240925.xlsx",42.408146115321,0.618181835521351,0.180957250283015,"circle_calibrated",3825.37330693069,419.407904950495,4306.22009171721,-490.794533373793,"landmark_ransac","597",9672.09908522513,1834.97212114726,1628.819,58.434,37.118,37.107,60.427,"Polyamide (PA)",91.68,"Comparstic Raman F2Ba Au IAEA 240930.csv",4315.01813216916,-491.232240578544,1,84.3656981858111,0.104413547162219,FALSE
100,100,234,7.83086991453336,7.89195769500849,"A100",2177.656,2934.412,1412.5,49,43,43,49,"Polyamide (naturally occurring)",0.88344206265084,"Comparstic LDIR F2Ba Au MP2 240925.xlsx",42.408146115321,1.12903230457938,0.387001035973799,"circle_calibrated",2871.51130693069,-2757.6620950495,3402.27270564611,-3416.1148866653,"landmark_ransac","43",8753.01688408001,-1085.30967599529,1206.99,43.993,40.405,40.405,47.478,"Cellulose Acetate Butyrate (CAB)",83,"Comparstic Raman F2Ba Au IAEA 240930.csv",3395.93593102404,-3411.51403772109,1,280.842109016646,0.0278835319317062,FALSE
101,101,757,5.79114488101935,5.82987158586826,"A101",3303.508,290.654,1400,45,40,40,45,"Polyamide (naturally occurring)",0.92007180937491,"Comparstic LDIR F2Ba Au MP2 240925.xlsx",42.2200824564475,0.888888888888889,0.279578442864844,"circle_calibrated",227.753306930693,-3883.5140950495,953.778060923627,-4435.66611962324,"landmark_ransac","87",6315.5259246408,-2112.89065041738,1413.95,49.113,42.119,42.119,50.104,"Polystyrene (PS)",2.81,"Comparstic Raman F2Ba Au IAEA 240930.csv",958.444971584828,-4439.09501214318,1,510.146524634906,0.0113519245968869,FALSE
102,102,202,6.87407354035032,6.99032696115567,"A102",-3020.472,539.916,1387.5,45,40,40,45,"Polyamide (naturally occurring)",0.896877786873762,"Comparstic LDIR F2Ba Au MP2 240925.xlsx",42.0311773368298,1.125,0.0449377752145146,"circle_calibrated",477.015306930693,2440.4659049505,1230.71279308458,1399.42885529079,"landmark_ransac","610",6594.52277021015,3724.22853836687,1558.788,56.601,44.629,44.629,56.833,"Polyacrylamide/acrylate",86.63,"Comparstic Raman F2Ba Au IAEA 240930.csv",1237.44181715418,1398.02417664107,1,255.433579230088,0.0269113934082971,FALSE
103,103,553,7.71952159973949,7.84219398329485,"A103",-2263.794,-3068.52,1375,65,41,41,65,"Polyamide (naturally occurring)",0.805443938699752,"Comparstic LDIR F2Ba Au MP2 240925.xlsx",41.84141935942,0.627906964891254,0.297698440816278,"circle_calibrated",-3131.42069306931,1683.7879049505,-2105.4296422391,727.769508809349,"landmark_ransac","310",3251.72723162925,3046.25472228168,1991.657,65.98,43.388,43.388,66.632,"Polyphenylene sulphide (PPS)",16.3,"Comparstic Raman F2Ba Au IAEA 240930.csv",-2105.35372142672,720.050360555877,1,178.658489697612,0.0432082551061815,FALSE
104,104,748,6.98955128840924,7.24314989226874,"A104",1180.712,5790.668,1350,60,30,30,60,"Polyamide (naturally occurring)",0.878473654949501,"Comparstic LDIR F2Ba Au MP2 240925.xlsx",41.4592979365603,2,2.057418336628,"circle_calibrated",5727.76730693069,-1760.7180950495,6045.94455249342,-2517.11878512538,"landmark_ransac","177",11398.3203087375,-185.745772688356,712.824,46.725,23.363,23.363,48.796,"Polytetrafluoroethylene (PTFE)",3.59,"Comparstic Raman F2Ba Au IAEA 240930.csv",6041.23935568153,-2511.95013441416,1,190.021144508704,0.0367830185765937,FALSE
105,105,53,2.6251988541009,2.6837521554412,"A105",6048.874,99.45,1312.5,49,36,36,49,"Polyamide (naturally occurring)",0.957740705779612,"Comparstic LDIR F2Ba Au MP2 240925.xlsx",40.8794190573313,0.727272652371551,0.475328846631458,"circle_calibrated",36.5493069306931,-6628.88009504951,756.952539914721,-6968.18226379027,"landmark_ransac","728",6112.30600009029,-4643.95462596318,1298.771,54.022,30.77,30.77,54.684,"Polyacrylamide/acrylate",92.77,"Comparstic Raman F2Ba Au IAEA 240930.csv",755.225047034317,-6970.15898768898,1,219.115092615158,0.0119809129657338,FALSE
106,106,103,8.44399594027722,8.52466396635942,"A106",1469.546,4139.304,1312.5,40,40,40,40,"Polyamide (naturally occurring)",0.914073981047385,"Comparstic LDIR F2Ba Au MP2 240925.xlsx",40.8794190573313,1,0.410546665708097,"circle_calibrated",4076.40330693069,-2049.55209504951,4519.61872952461,-2771.46949499938,"landmark_ransac","404",9871.87460427479,-438.335509417808,1068.413,40.443,35.539,35.539,40.919,"Polyacrylamide/acrylate",91.18,"Comparstic Raman F2Ba Au IAEA 240930.csv",4514.79365121882,-2764.53987114361,1,223.275807686158,0.0378186782875569,FALSE
107,107,68,22.012627124111,22.1610863915661,"A107",3912.48,-4908.904,1300,60,33,33,60,"Polyamide (naturally occurring)",0.94860957659758,"Comparstic LDIR F2Ba Au MP2 240925.xlsx",40.6842894512822,1.82258054568935,0.0567594169507166,"circle_calibrated",-4971.80469306931,-4492.48609504951,-3849.85233056251,-4959.20252764803,"landmark_ransac","501",1504.26550752822,-2654.81044921875,1801.34,69.766,34.455,34.455,68.65,"Cellulose Acetate Butyrate (CAB)",92.29,"Comparstic Raman F2Ba Au IAEA 240930.csv",-3852.81544552775,-4981.01481094455,1,235.657230738258,0.0934095128553904,FALSE
108,108,335,133.662079761821,135.320941193187,"A108",-5276.96,748.098,1300,103,23,23,103,"Cellulosic",0.872267480562829,"Comparstic LDIR F2Ba Au MP2 240925.xlsx",40.6842894512822,4.51923051991095,0.211561183284515,"circle_calibrated",685.197306930693,4696.95390495049,1439.58549635938,3480.59182403939,"landmark_ransac","317",6744.35440949739,5929.79619408176,32707.864,870.001,94.551,94.551,869.496,"Polyamide (PA)",63.2,"Comparstic Raman F2Ba Au IAEA 240930.csv",1387.27345644142,3603.59183235596,0,331.910055824622,0.402705725289766,FALSE
109,109,166,5.25308778664251,5.31647951655201,"A109",-1141.374,5386.42,1287.5,46,35,35,46,"Polyamide (naturally occurring)",0.91345423626879,"Comparstic LDIR F2Ba Au MP2 240925.xlsx",40.4882194452476,0.769230817113582,0.12772948968308,"circle_calibrated",5323.51930693069,561.367904950495,5690.03936904375,-370.870848906772,"landmark_ransac","494",11049.2872179841,1960.11885434503,1372.755,51.553,35.316,35.272,51.553,"Polyacrylamide/acrylate",88.85,"Comparstic Raman F2Ba Au IAEA 240930.csv",5692.20626492813,-366.085507380774,1,95.160019710971,0.0552026765294678,FALSE
110,110,307,12.9982786868921,13.5647042792114,"A110",3980.912,-4147.988,1275,40,40,40,40,"Polyamide (naturally occurring)",0.911695689243465,"Comparstic LDIR F2Ba Au MP2 240925.xlsx",40.291195310357,1,2.10704697293709,"circle_calibrated",-4210.88869306931,-4560.9180950495,-3148.04501076874,-5028.00372433648,"landmark_ransac","559",2198.88728353422,-2709.92093723245,332.52,23.122,21.518,20.361,23.758,"Polyacrylamide/acrylate",70.93,"Comparstic Raman F2Ba Au IAEA 240930.csv",-3158.19366952175,-5036.12529895825,1,191.026899647252,0.0680442320473957,FALSE
111,111,112,12.4682938779107,12.6013830230058,"A111",-5736.406,1707.004,1262.5,42,39,39,42,"Carbonate",0.874503002090825,"Comparstic LDIR F2Ba Au MP2 240925.xlsx",40.0932029804073,0.9166666853986,0.0416541457125077,"circle_calibrated",1644.10330693069,5156.39990495049,2328.04704255151,3897.54702811874,"landmark_ransac","367",7696.73253048412,6228.3113374893,1460.911,49.795,39.778,39.778,53.988,"Polyacrylamide/acrylate",91.04,"Comparstic Raman F2Ba Au IAEA 240930.csv",2339.65157742815,3902.1069757635,1,235.957884105782,0.0528411836085164,FALSE
112,112,262,15.7323288334671,16.0038460783326,"A112",-3274.518,-3784.222,1250,62,28,28,62,"Cellulosic",0.916479030282102,"Comparstic LDIR F2Ba Au MP2 240925.xlsx",39.8942280401433,2.25000012894456,0.270868671059677,"circle_calibrated",-3847.12269306931,2694.5119049505,-2758.5213957664,1665.95753572189,"landmark_ransac","392",2613.36407880391,3997.48470810146,2427.492,70.215,45.218,45.195,71.443,"Polyamide (PA)",80.39,"Comparstic Raman F2Ba Au IAEA 240930.csv",-2743.71687425206,1671.28034637566,1,206.885630169036,0.0760436035147197,FALSE
113,113,14,4.89912648045568,4.98090688080558,"A113",-1880.138,-1516.008,1250,58,29,29,58,"Polyamide (naturally occurring)",0.914672228900686,"Comparstic LDIR F2Ba Au MP2 240925.xlsx",39.8942280401433,0.499999958990759,0.108826683905052,"circle_calibrated",-1578.90869306931,1300.1319049505,-675.326877501618,362.154276432224,"landmark_ransac","611",4684.02585240193,2684.01807710831,1473.269,63.629,33.694,33.694,63.441,"Polyamide (PA)",94.63,"Comparstic Raman F2Ba Au IAEA 240930.csv",-673.055100654043,357.813715382506,1,111.551813890387,0.0439179454784093,FALSE
114,114,392,11.6754106617912,12.2189944247704,"A114",4234.464,2475.538,1237.5,74,27,27,74,"Cellulosic",0.885332988884678,"Comparstic LDIR F2Ba Au MP2 240925.xlsx",39.6942557130092,2.77419330535399,0.07979587395605,"circle_calibrated",2412.63730693069,-4814.47009504951,2963.49480806835,-5311.11811772919,"landmark_ransac","686",8312.7070475539,-2976.28829596533,3750.485,139.39,44.087,44.085,142.999,"Polyamide (PA)",49.67,"Comparstic Raman F2Ba Au IAEA 240930.csv",2955.62609449793,-5302.49265769113,1,59.7851934141152,0.195289334951531,FALSE
115,115,227,6.4544325685633,6.88289315466545,"A115",-3926.338,-1833.364,1225,49,34,34,49,"Polyamide (naturally occurring)",0.932774540992415,"Comparstic LDIR F2Ba Au MP2 240925.xlsx",39.4932708483429,1.46666673301051,0.109557430934781,"circle_calibrated",-1896.26469306931,3346.3319049505,-953.076697395414,2253.1194219454,"landmark_ransac","619",4409.62154750039,4576.14483224529,3068.473,68.439,65.633,62.199,74.413,"Polyamide (PA)",84.19,"Comparstic Raman F2Ba Au IAEA 240930.csv",-947.459405555583,2249.94047051949,1,227.259732286628,0.0284011272195936,FALSE
116,116,718,10.3381788062988,10.4104840391068,"A116",3351.27,4650.698,1212.5,40,35,35,40,"Polyamide (naturally occurring)",0.899545375294274,"Comparstic LDIR F2Ba Au MP2 240925.xlsx",39.2912579079798,0.875,0.448485445642546,"circle_calibrated",4587.79730693069,-3931.2760950495,4977.68182180797,-4512.06375596875,"landmark_ransac","158",10327.1101979713,-2178.90842251712,1012.059,40.651,33.254,33.065,41.575,"Polycarbonate (PC)",4.95,"Comparstic Raman F2Ba Au IAEA 240930.csv",4970.02924491533,-4505.11278424292,1,281.706941230205,0.0366983460228289,FALSE
117,117,129,22.4381482509152,22.8258133465453,"A117",-2806.596,-2277.106,1212.5,67,27,27,67,"Polycarbonate",0.714527233622709,"Comparstic LDIR F2Ba Au MP2 240925.xlsx",39.2912579079798,0.395348846291433,0.00648860874498647,"circle_calibrated",-2340.00669306931,2226.5899049505,-1370.9430128887,1222.90244798057,"landmark_ransac","775",3984.23746814466,3526.74928965111,688.932,35.21,25.263,25.263,37.483,"Cellulose Acetate Butyrate (CAB)",90.68,"Comparstic Raman F2Ba Au IAEA 240930.csv",-1372.84348491131,1200.54492792531,2,18.955585644361,1.1837222374393,TRUE
118,118,572,832.178028261051,832.532158124989,"A118",6364.15,-188.448,1187.5,50,30,30,50,"Polyamide (naturally occurring)",0.899157106870072,"Comparstic LDIR F2Ba Au MP2 240925.xlsx",38.8840836252188,1.66666666666667,0.0932145714865953,"circle_calibrated",-251.348693069307,-6944.15609504951,488.890202862009,-7257.04374058966,"landmark_ransac","672",5162.79821702094,-4455.66045858305,645.101,31.574,28.703,28.703,31.662,"Polyphenylene sulphide (PPS)",15.26,"Comparstic Raman F2Ba Au IAEA 240930.csv",-194.282736035033,-6781.86482030885,0,156.838695360941,5.30594842265116,TRUE
119,119,161,11.9641016531469,12.1457272466925,"A119",-163.878000000001,-5591.482,1175,60,35,35,60,"Polyethylene terephthalate",0.87396817573455,"Comparstic LDIR F2Ba Au MP2 240925.xlsx",38.6788891394752,0.588235312784764,0.0699080800850176,"circle_calibrated",-5654.38269306931,-416.128095049505,-4449.65049172711,-1191.72401757821,"landmark_ransac","511",908.383355880108,1122.55425005351,1980.782,61.787,42.466,42.46,61.999,"Polyethylene terephtalate (PET)",89.17,"Comparstic Raman F2Ba Au IAEA 240930.csv",-4448.69759717586,-1203.65011167229,1,59.0478313370426,0.202617122123526,FALSE
120,120,474,12.1711487100781,12.5508847332598,"A120",-2114.008,3112.2,1175,69,25,25,69,"Cellulosic",0.955462782980767,"Comparstic LDIR F2Ba Au MP2 240925.xlsx",38.6788891394752,0.35483870191084,0.0461965973715381,"circle_calibrated",3049.29930693069,1534.00190495049,3598.17567408126,543.711446431273,"landmark_ransac","448",8963.12561963224,2879.20105549015,2879.145,95.239,40.25,40.25,95.212,"Polyamide (PA)",26.37,"Comparstic Raman F2Ba Au IAEA 240930.csv",3606.04466657627,552.996693764346,1,109.861380601918,0.110786416877285,FALSE
121,121,596,3.26773839532213,3.46274962297574,"A121",-2074.41,786.032,1175,50,30,30,50,"Polyamide (naturally occurring)",0.917022459004057,"Comparstic LDIR F2Ba Au MP2 240925.xlsx",38.6788891394752,0.6,0.187366922576884,"circle_calibrated",723.131306930694,1494.40390495049,1450.86267513328,524.403208340858,"landmark_ransac","479",6810.37218159714,2852.79394665026,935.273,36.199,33.632,33.632,36.901,"Polyphenylene sulphide (PPS)",12.94,"Comparstic Raman F2Ba Au IAEA 240930.csv",1453.29122854117,526.589584924456,1,203.416615927308,0.016064264860693,FALSE
122,122,365,3.60035736879965,3.66957577166736,"A122",1075.23,-1728.142,1150,57,28,28,57,"Polyamide (naturally occurring)",0.970035437145177,"Comparstic LDIR F2Ba Au MP2 240925.xlsx",38.2651992866291,0.5,0.0642528230375068,"circle_calibrated",-1791.04269306931,-1655.23609504951,-893.026894043916,-2364.03556522965,"landmark_ransac","34",4460.71356242976,-36.4882009845887,1234.673,51.115,32.086,32.086,52.24,"Polyacrylamide/acrylate",56.64,"Comparstic Raman F2Ba Au IAEA 240930.csv",-896.367390626213,-2362.69256271039,1,308.12066581461,0.0116848941608023,FALSE
123,123,39,8.42848719620309,8.62387006803268,"A123",5002.244,-1948.05,1150,42,35,35,42,"Polyamide (naturally occurring)",0.967228630447921,"Comparstic LDIR F2Ba Au MP2 240925.xlsx",38.2651992866291,1.19999994605203,0.266081733609347,"circle_calibrated",-2010.95069306931,-5582.2500950495,-1125.10345073245,-5986.98303840481,"landmark_ransac","272",4224.19771803764,-3664.02126096961,1391.87,58.361,33.689,33.689,60.077,"Cellulose Acetate Butyrate (CAB)",93.2,"Comparstic Raman F2Ba Au IAEA 240930.csv",-1132.88323501833,-5990.22562269541,1,151.796539822446,0.0555248967207141,FALSE
124,124,460,184.564475713729,184.905989851783,"A124",115.102,2195.076,1150,49,31,31,49,"Polyamide (naturally occurring)",0.927433535301946,"Comparstic LDIR F2Ba Au MP2 240925.xlsx",38.2651992866291,0.636363601116024,0.106637720831448,"circle_calibrated",2132.17530693069,-695.108095049505,2735.16263626824,-1506.92777539795,"landmark_ransac","29",8276.54078979491,829.20571489726,555.298,33.019,31.842,31.842,36.456,"Polyacrylamide/acrylate",29.32,"Comparstic Raman F2Ba Au IAEA 240930.csv",2919.45983673894,-1496.99864682854,0,441.967547979309,0.41759734749206,FALSE
125,125,180,9.50243299433168,9.9968431346797,"A125",1229.072,5408.65,1150,40,35,35,40,"Polyamide (naturally occurring)",0.948391180267762,"Comparstic LDIR F2Ba Au MP2 240925.xlsx",38.2651992866291,1.14285714285714,2.06448735851829,"circle_calibrated",5345.74930693069,-1809.0780950495,5692.98903191244,-2558.92308233177,"landmark_ransac","212",11045.8428124833,-224.20830078125,360.861,24.111,20.092,20.086,24.922,"Polyacrylamide/acrylate",88.07,"Comparstic Raman F2Ba Au IAEA 240930.csv",5688.76185942733,-2550.41266250705,1,299.137341685071,0.0317661210091776,FALSE
126,126,356,141.172136963785,141.771771236677,"A126",-3666.312,3004.872,1137.5,65,24,24,65,"Polyamide (naturally occurring)",0.951513394065782,"Comparstic LDIR F2Ba Au MP2 240925.xlsx",38.0566680377598,2.71428570009993,0.971588988134723,"circle_calibrated",2941.97130693069,3086.3059049505,3510.6182124652,1977.26110548696,"landmark_ransac","154",9004.45848564251,4268.44460750214,351.469,33.557,19.385,19.385,32.148,"Polyacrylamide/acrylate",59.04,"Comparstic Raman F2Ba Au IAEA 240930.csv",3647.37753258654,1942.24024577634,0,106.770546813892,1.32220112359129,TRUE
127,127,244,11.1168900175688,11.2219313742492,"A127",-5468.112,1038.7,1137.5,40,35,35,40,"Polyamide (naturally occurring)",0.932803804108519,"Comparstic LDIR F2Ba Au MP2 240925.xlsx",38.0566680377598,0.875,0.0262363764058342,"circle_calibrated",975.799306930693,4888.10590495049,1709.22365469355,3654.86859819617,"landmark_ransac","495",7076.73954033001,5984.90668209546,1391.046,44.713,40.432,40.411,45.925,"Cellulose Acetate Butyrate (CAB)",81.85,"Comparstic Raman F2Ba Au IAEA 240930.csv",1719.65858727404,3658.70232036966,1,326.008031909678,0.0341000494756177,FALSE
128,128,81,9.64471755904732,9.69454291543379,"A128",4624.724,-3827.408,1137.5,49,32,32,49,"Polyamide (naturally occurring)",0.909828476003282,"Comparstic LDIR F2Ba Au MP2 240925.xlsx",38.0566680377598,0.645161326411559,0.0859387753367786,"circle_calibrated",-3890.30869306931,-5204.7300950495,-2856.92583693205,-5624.60886143632,"landmark_ransac","109",2492.80988627394,-3304.65495371361,1132.84,53.915,28.289,28.264,53.962,"Polyacrylamide/acrylate",91.74,"Comparstic Raman F2Ba Au IAEA 240930.csv",-2864.27106678203,-5630.85931543941,1,208.170637652335,0.0463308258446847,FALSE
129,129,609,405.054545266443,405.821742545597,"A129",-3329.04,710.423999999999,1125,40,35,35,40,"Polyamide (naturally occurring)",0.925494398314711,"Comparstic LDIR F2Ba Au MP2 240925.xlsx",37.8469878303024,0.875,0.0273079007515944,"circle_calibrated",647.523306930692,2749.0339049505,1390.37613717901,1682.96896822341,"landmark_ransac","604",7045.73989082231,3735.13582245291,1865.273,239.682,41.017,41.017,238.04,"Polycarbonate (PC)",12.11,"Comparstic Raman F2Ba Au IAEA 240930.csv",1688.65893776634,1408.93146072711,0,169.748315784913,2.38620656348477,TRUE
130,130,90,9.82614705862914,10.0853048647599,"A130",-852.566,4059.12,1125,52,35,35,52,"Polyamide (naturally occurring)",0.937622494627555,"Comparstic LDIR F2Ba Au MP2 240925.xlsx",37.8469878303024,1.4705883994562,0.0393416093498207,"circle_calibrated",3996.21930693069,272.559904950495,4462.8201380407,-627.59932677609,"landmark_ransac","730",9813.89377834371,1706.38098244863,2039.937,66.21,47.665,47.665,66.572,"Polyethylene terephtalate (PET)",91.53,"Comparstic Raman F2Ba Au IAEA 240930.csv",4456.81282528774,-619.823379277174,1,111.218290696945,0.0883500995839259,FALSE
131,131,23,13.4719439606856,13.7347090432641,"A131",-1868.984,413.738,1125,74,23,23,74,"Polyamide (naturally occurring)",0.922771687456672,"Comparstic LDIR F2Ba Au MP2 240925.xlsx",37.8469878303024,0.306666677472898,0.0664441882361047,"circle_calibrated",350.837306930693,1288.9779049505,1105.71818850719,337.557189509845,"landmark_ransac","657",6476.26484801409,2663.35164410317,2253.323,80.059,35.944,35.944,80.058,"Polyamide (PA)",93.73,"Comparstic Raman F2Ba Au IAEA 240930.csv",1119.18389495812,337.147282377367,1,96.1855617711357,0.140062018795927,FALSE
132,132,302,9.15666552662276,9.25887523709932,"A132",3955.796,-3831.412,1112.5,50,30,30,50,"Polyamide (naturally occurring)",0.933069125103516,"Comparstic LDIR F2Ba Au MP2 240925.xlsx",37.6361394608675,0.6,0.0595224073531202,"circle_calibrated",-3894.31269306931,-4535.80209504951,-2855.6637829851,-5007.16828759868,"landmark_ransac","542",2492.80988627394,-2684.08789597603,1373.415,47.303,40.07,39.085,51.666,"Polyacrylamide/acrylate",72.48,"Comparstic Raman F2Ba Au IAEA 240930.csv",-2864.27106678203,-5010.29225770183,1,61.2731535736413,0.149440089053321,FALSE
133,133,463,100.08540112294,100.375246548876,"A133",-5507.112,-559.728000000001,1100,65,27,27,65,"Polyamide (naturally occurring)",0.9363918972627,"Comparstic LDIR F2Ba Au MP2 240925.xlsx",37.4241031850956,2.44186044224542,2.08445203186894,"circle_calibrated",-622.628693069307,4927.10590495049,234.186703003689,3702.7116137383,"landmark_ransac","424",5576.12687712368,6127.84951038099,468.296,71.017,32.456,32.456,70.542,"Polycarbonate (PC)",28.53,"Comparstic Raman F2Ba Au IAEA 240930.csv",219.045924067707,3801.64514865519,1,6.6610710583297,15.0254216246174,TRUE
134,134,73,4.8440516161174,4.94845259430746,"A134",-3601.728,-2664.168,1100,40,35,35,40,"Cellulosic",0.851687567362317,"Comparstic LDIR F2Ba Au MP2 240925.xlsx",37.4241031850956,1.14285714285714,0.184720546895609,"circle_calibrated",-2727.06869306931,3021.7219049505,-1722.30262214109,1959.66648739428,"landmark_ransac","131",3639.22285047557,4283.94443225599,1313.601,43.852,38.958,38.098,47.2,"Polyacrylamide/acrylate",92,"Comparstic Raman F2Ba Au IAEA 240930.csv",-1717.8581025804,1957.74007053019,1,53.5152816167461,0.0905171657473178,FALSE
135,135,147,13.7014636815143,13.7995181975494,"A135",-2774.798,-5439.46,1087.5,40,35,35,40,"Polyamide (naturally occurring)",0.93285967297164,"Comparstic LDIR F2Ba Au MP2 240925.xlsx",37.2108586960781,0.875,2.04035559843841,"circle_calibrated",-5502.36069306931,2194.7919049505,-4289.98582387308,1216.99080038273,"landmark_ransac","773",1071.4185495873,3530.19369515197,862.442,35.707,33.385,29.852,43.055,"Polyacrylamide/acrylate",90.01,"Comparstic Raman F2Ba Au IAEA 240930.csv",-4285.66240346867,1203.98933342617,1,141.427078016248,0.0968800591350701,FALSE
136,136,607,3.30126670720688,3.62972474830704,"A136",-3658.616,2886,1087.5,40,35,35,40,"Polyamide (naturally occurring)",0.935471825715886,"Comparstic LDIR F2Ba Au MP2 240925.xlsx",37.2108586960781,0.875,2.04035559843841,"circle_calibrated",2823.09930693069,3078.6099049505,3400.84403241995,1971.03881555057,"landmark_ransac","117",8761.05383024867,4298.29612184289,489.552,30.048,24.281,24.133,30.498,"Polyether sulphone (PES)",12.19,"Comparstic Raman F2Ba Au IAEA 240930.csv",3403.9728771927,1972.09176011709,1,198.096038821777,0.0166649809195678,FALSE
137,137,27,10.4338735215465,10.5511899545622,"A137",-1607.606,-5981.04,1062.5,40,35,35,40,"Polyamide (naturally occurring)",0.928388537933136,"Comparstic LDIR F2Ba Au MP2 240925.xlsx",36.7806609005481,0.875,0.0201599074863077,"circle_calibrated",-6043.94069306931,1027.59990495049,-4798.50687321655,143.703276463049,"landmark_ransac","50",562.220603044064,2460.13171955265,1161.512,48.731,32.719,32.719,50.063,"Cellulose Acetate Butyrate (CAB)",93.41,"Comparstic Raman F2Ba Au IAEA 240930.csv",-4794.86035001191,133.927357826846,1,68.7362126898932,0.151795874594072,FALSE
138,138,594,13.8022975325384,13.9796014254513,"A138",598.52,1797.484,1062.5,55,25,25,55,"Polyethylene terephthalate",0.913744115578168,"Comparstic LDIR F2Ba Au MP2 240925.xlsx",36.7806609005481,2.2,0.017581545065259,"circle_calibrated",1734.58330693069,-1178.5260950495,2364.60815249012,-1950.16890840108,"landmark_ransac","455",7712.80642282145,386.599608037243,1512.157,64.948,36.939,36.939,65.268,"Polyvinyl Chloride (PVC)",13.03,"Comparstic Raman F2Ba Au IAEA 240930.csv",2355.72546976548,-1939.60475368856,1,306.743570523756,0.044996208099721,FALSE
139,139,31,10.5569072240113,10.9309249537696,"A139",-3787.966,-1396.642,1050,49,40,40,49,"Polyamide (naturally occurring)",0.923709636857136,"Comparstic LDIR F2Ba Au MP2 240925.xlsx",36.5636639571573,0.818181800558012,0.038053179297773,"circle_calibrated",-1459.54269306931,3207.9599049505,-551.014117814331,2122.16734283445,"landmark_ransac","718",4814.33919385099,4441.8130177119,2405.412,70.344,49.292,49.292,70.981,"Cellulose Acetate Butyrate (CAB)",93.38,"Comparstic Raman F2Ba Au IAEA 240930.csv",-542.741759204982,2115.6086559861,1,173.916789536661,0.0607009090504512,FALSE
140,140,299,2.82835852670483,3.06105262191296,"A140",-1635.816,342.264,1050,40,35,35,40,"Polyamide (naturally occurring)",0.959788191092708,"Comparstic LDIR F2Ba Au MP2 240925.xlsx",36.5636639571573,0.875,0.0954656190682015,"circle_calibrated",279.363306930693,1055.8099049505,1038.02061744846,122.876209490692,"landmark_ransac","53",6397.61758907787,2450.37257063356,1765.583,49.117,46.682,46.63,50.319,"Polyamide (PA)",73.25,"Comparstic Raman F2Ba Au IAEA 240930.csv",1040.5366360219,124.168208907756,1,131.415832691179,0.0215222052684575,FALSE
141,141,48,1.42607033499139,1.54474796475505,"A141",-5383.976,-1568.398,1037.5,55,25,25,55,"Polyethylene terephthalate",0.948961338968528,"Comparstic LDIR F2Ba Au MP2 240925.xlsx",36.3453714750961,0.454545454545455,0.0399837395266709,"circle_calibrated",-1631.29869306931,4803.9699049505,-697.713772095826,3596.53451090646,"landmark_ransac","540",4659.91501389594,5924.055518247,929.176,65.932,19.271,19.271,64.953,"Cellulose Acetate Butyrate (CAB)",92.9,"Comparstic Raman F2Ba Au IAEA 240930.csv",-697.165939160032,3597.8511565212,1,88.3035126799712,0.0161496444672562,FALSE
142,142,771,20.9463407630863,21.2100654554009,"A142",-1862.536,-1916.304,1037.5,60,27,27,60,"Polyamide (naturally occurring)",0.953825080018043,"Comparstic LDIR F2Ba Au MP2 240925.xlsx",36.3453714750961,0.444444418117524,0.0468063998718984,"circle_calibrated",-1979.20469306931,1282.52990495049,-1044.92476890718,348.874635160292,"landmark_ransac","644",4328.67801823027,2662.20350893622,1772.834,66.434,46.164,45.955,75.203,"Polycarbonate (PC)",1.86,"Comparstic Raman F2Ba Au IAEA 240930.csv",-1028.4029348257,335.999147210416,1,70.8326588293973,0.295715861994342,FALSE
143,143,64,5.09342773663613,5.14102154122706,"A143",-3205.436,2269.982,1012.5,45,30,30,45,"Carbonate",0.802803126661236,"Comparstic LDIR F2Ba Au MP2 240925.xlsx",35.9048052361289,1.5,0.142926436068003,"circle_calibrated",2207.08130693069,2625.42990495049,2828.90960585886,1557.32576144086,"landmark_ransac","484",8188.70844952308,3887.83779965753,1086.703,42.248,37.705,36.74,44.839,"Cellulose Acetate Butyrate (CAB)",92.37,"Comparstic Raman F2Ba Au IAEA 240930.csv",2831.62749646711,1561.63343793173,1,222.532401000889,0.0228884769756103,FALSE
144,144,762,7.24387159931279,7.31438778541996,"A144",939.406,4794.374,987.5,50,25,25,50,"Polyamide (naturally occurring)",0.900482979042572,"Comparstic LDIR F2Ba Au MP2 240925.xlsx",35.4587654949516,2,0.193313103214497,"circle_calibrated",4731.47330693069,-1519.4120950495,5128.1679697843,-2287.0129003027,"landmark_ransac","774",10480.9603103429,45.0293958690072,986.189,43.492,31.896,31.896,44.008,"Polyacrylamide/acrylate",2.55,"Comparstic Raman F2Ba Au IAEA 240930.csv",5123.87935728693,-2281.1749658568,1,240.263351791853,0.0301497150742672,FALSE
145,145,367,9.19074176714613,9.38115442198383,"A145",-944.268,-6378.814,987.5,38,31,31,38,"Polyamide (naturally occurring)",0.97741251978851,"Comparstic LDIR F2Ba Au MP2 240925.xlsx",35.4587654949516,0.823529492931798,0.0711883661315575,"circle_calibrated",-6441.71469306931,364.261904950495,-5170.56279817634,-465.600073371431,"landmark_ransac","583",190.224808951599,1852.19414865154,1445.257,44.954,42.715,41.299,46.725,"Polyacrylamide/acrylate",56.22,"Comparstic Raman F2Ba Au IAEA 240930.csv",-5166.85614410437,-474.010213074264,1,101.296815780721,0.0907308062579329,FALSE
146,146,297,9.71276339837441,9.86017273758561,"A146",1103.908,2913.404,975,35,35,35,35,"Polyamide (naturally occurring)",0.93025516856779,"Comparstic LDIR F2Ba Au MP2 240925.xlsx",35.2336281997296,1,2.0535582879861,"circle_calibrated",2850.50330693069,-1683.9140950495,3390.84059283984,-2424.90526666731,"landmark_ransac","119",8746.1280730783,-108.246648919093,795.048,37.036,29.099,27.508,43.434,"Cellulose Acetate Butyrate (CAB)",73.4,"Comparstic Raman F2Ba Au IAEA 240930.csv",3389.04712002233,-2434.4510106449,1,284.774678793619,0.0341068364628493,FALSE
147,147,50,8.39430818407268,8.63617194342603,"A147",-5207.28,2590.666,975,46,28,28,46,"Polyamide (naturally occurring)",0.937900148445519,"Comparstic LDIR F2Ba Au MP2 240925.xlsx",35.2336281997296,0.620689730477352,0.0518718959779128,"circle_calibrated",2527.76530693069,4627.27390495049,3139.7327662223,3402.62219342072,"landmark_ransac","634",8505.01968801837,5730.59474261558,1697.86,56.72,39.247,39.247,56.83,"Cellulose Acetate Butyrate (CAB)",92.9,"Comparstic Raman F2Ba Au IAEA 240930.csv",3147.9387349624,3404.39038088978,1,113.341415395828,0.0740621436105838,FALSE
148,148,57,11.3134343956814,11.431505655686,"A148",1698.32,-4674.514,962.5,43,31,31,43,"Polyamide (naturally occurring)",0.899673539667777,"Comparstic LDIR F2Ba Au MP2 240925.xlsx",35.0070430314757,1.38709687839314,0.0334187277109339,"circle_calibrated",-4737.41469306931,-2278.3260950495,-3617.10373062262,-2917.3019303497,"landmark_ransac","507",1736.76287883601,-601.944770708476,1277.02,45.828,36.619,36.166,46.499,"Polyamide (PA)",92.56,"Comparstic Raman F2Ba Au IAEA 240930.csv",-3620.31807421996,-2928.14913243428,2,40.9276812032915,0.276425002909071,FALSE
149,149,783,10.9337976163323,10.9957656368981,"A149",1036.698,6208.982,962.5,40,30,30,40,"Polyamide (naturally occurring)",0.941494671029114,"Comparstic LDIR F2Ba Au MP2 240925.xlsx",35.0070430314757,1.33333333333333,0.0295276574899066,"circle_calibrated",6146.08130693069,-1616.70409504951,6433.1096870906,-2387.29622908504,"landmark_ransac","56",11786.3899951673,-50.8398905714894,988.331,38.759,34.754,31.96,45.351,"Polyethylene terephtalate (PET)",1.15,"Comparstic Raman F2Ba Au IAEA 240930.csv",6429.30904211133,-2377.04425229729,1,73.9989138368767,0.14775619058997,FALSE
150,150,35,11.8787864341634,12.1716291130344,"A150",3048.786,-3538.6,962.5,35,35,35,35,"Cellulosic",0.911131013108027,"Comparstic LDIR F2Ba Au MP2 240925.xlsx",35.0070430314757,1,2.08321449756899,"circle_calibrated",-3601.50069306931,-3628.79209504951,-2578.68032163703,-4172.18128069072,"landmark_ransac","670",2775.25113734415,-1857.43057577055,447.369,32.605,18.998,18.998,32.605,"Cellulose Acetate Butyrate (CAB)",93.26,"Comparstic Raman F2Ba Au IAEA 240930.csv",-2581.82981571182,-4183.63493749635,1,134.79847832368,0.0881225558469576,FALSE
151,151,407,6.40912501890227,6.6097702945125,"A151",857.558,3477.994,950,57,21,21,57,"Cellulosic",0.970433624467308,"Comparstic LDIR F2Ba Au MP2 240925.xlsx",34.7789816915102,0.375000021073426,0.0713619433381505,"circle_calibrated",3415.09330693069,-1437.5640950495,3913.77481856126,-2201.71216713014,"landmark_ransac","697",9264.51110095715,125.39885755565,1504.247,54.205,42.936,40.841,58.791,"Polyacrylamide/acrylate",43.48,"Comparstic Raman F2Ba Au IAEA 240930.csv",3907.43014790118,-2200.80550417015,1,197.555499936522,0.0324421492743134,FALSE
152,152,182,333.776077277518,334.079962814299,"A152",1746.888,-3845.192,937.5,35,30,30,35,"Rubber",0.772333042386798,"Comparstic LDIR F2Ba Au MP2 240925.xlsx",34.5494149471335,1.16666666666667,2.04028127662482,"circle_calibrated",-3908.09269306931,-2326.89409504951,-2852.01143927781,-2968.2759252013,"landmark_ransac","376",2269.49759630177,-405.613657159674,398.266,28.391,22.809,21.492,30.551,"Cellulose Acetate Butyrate (CAB)",87.79,"Comparstic Raman F2Ba Au IAEA 240930.csv",-3087.5833567542,-2731.81801888548,0,158.513551969809,2.10566272176584,TRUE
153,153,615,234.408656158128,234.713227389197,"A153",142.271999999999,5411.588,925,40,30,30,40,"Polyamide (naturally occurring)",0.878134211710042,"Comparstic LDIR F2Ba Au MP2 240925.xlsx",34.3183125878885,0.75,2.0222792874003,"circle_calibrated",5348.68730693069,-722.278095049504,5703.75546532478,-1555.84412774641,"landmark_ransac","282",11169.8414105141,562.838356164383,424.465,28.98,20.578,19.821,32.148,"Polyether sulphone (PES)",11.73,"Comparstic Raman F2Ba Au IAEA 240930.csv",5812.76045745813,-1763.36600556142,0,66.9458766564436,3.50146518150892,TRUE
154,154,725,434.808844648334,435.145152664415,"A154",-184.6,-4285.632,925,35,32,32,35,"Polytetrafluoroethylene",0.659396083088727,"Comparstic LDIR F2Ba Au MP2 240925.xlsx",34.3183125878885,1.11111124431598,1.99060491089931,"circle_calibrated",-4348.53269306931,-395.406095049505,-3244.2161921032,-1182.27607775698,"landmark_ransac","52",2233.33133854278,1561.71595141267,385.083,31.898,16.048,16.048,31.835,"Polycarbonate (PC)",4.46,"Comparstic Raman F2Ba Au IAEA 240930.csv",-3123.74961451319,-764.488410313134,0,154.283218562293,2.81825106255984,TRUE
155,155,215,5.75992559956729,6.00926479954216,"A155",370.682,-5332.496,912.5,39,32,32,39,"Polyamide (naturally occurring)",0.924571891780872,"Comparstic LDIR F2Ba Au MP2 240925.xlsx",34.0856433791536,1.22222233877648,2.02508379135562,"circle_calibrated",-5395.39669306931,-950.688095049505,-4214.57198226242,-1687.03463666734,"landmark_ransac","217",1143.1769975218,633.448668931935,518.223,31.691,21.781,21.781,31.574,"Polyethylene terephtalate (PET)",85.41,"Comparstic Raman F2Ba Au IAEA 240930.csv",-4213.90395553417,-1692.75569279387,1,469.791496482373,0.0122605999527354,FALSE
156,156,452,141.045104234786,141.185828925685,"A156",-1815.996,-832.988,900,36,34,34,36,"Cellulosic",0.839816627593298,"Comparstic LDIR F2Ba Au MP2 240925.xlsx",33.8513750128654,1.06666668088321,2.05139934734826,"circle_calibrated",-895.888693069307,1235.9899049505,-45.3846476375818,297.890005744912,"landmark_ransac","563",5262.68597654577,2756.35059262628,1109.772,43.243,34.794,34.794,44.422,"Polyamide (PA)",30.38,"Comparstic Raman F2Ba Au IAEA 240930.csv",-94.3949765102025,430.146230900476,0,186.433622817299,0.75654327853194,TRUE
157,157,108,14.6094951223598,15.0073709590384,"A157",-3068.026,4305.99,887.5,40,30,30,40,"Polyamide (naturally occurring)",0.947236752252524,"Comparstic LDIR F2Ba Au MP2 240925.xlsx",33.6154740551499,1.33333333333333,0.0570065205747361,"circle_calibrated",4243.08930693069,2488.0199049505,4707.09723284021,1415.40865759426,"landmark_ransac","582",10075.6685964088,3750.63564720676,1841.216,62.752,54.33,53.655,69.462,"Cellulose Acetate Butyrate (CAB)",91.08,"Comparstic Raman F2Ba Au IAEA 240930.csv",4718.58764335283,1424.43128548096,1,106.919213989258,0.136640502462239,FALSE
158,158,102,10.6980030870001,10.9024529160829,"A158",-3433.924,2321.878,887.5,56,32,32,56,"Cellulosic",0.939837039840846,"Comparstic LDIR F2Ba Au MP2 240925.xlsx",33.6154740551499,0.577235796726732,0.120501758919295,"circle_calibrated",2258.97730693069,2853.9179049505,2878.50227989724,1767.83226919138,"landmark_ransac","273",8245.5411402872,4097.94653520976,1586.801,58.668,37.626,37.626,59.707,"Cellulose Acetate Butyrate (CAB)",91.19,"Comparstic Raman F2Ba Au IAEA 240930.csv",2888.46018723123,1771.74217348396,1,99.1998697142952,0.107842914691434,FALSE
159,159,106,6.64212340115848,6.86368375998275,"A159",2274.61,-15.2360000000003,875,40,25,25,40,"Polyvinyl chloride",0.674151835167838,"Comparstic LDIR F2Ba Au MP2 240925.xlsx",33.3779058906227,0.625,0.0475461629925851,"circle_calibrated",-78.1366930693072,-2854.6160950495,679.0715689059,-3483.74103050112,"landmark_ransac","84",6030.21433565322,-1160.51252943065,1383.301,50.678,36.307,36.255,50.748,"Cellulose Acetate Butyrate (CAB)",91.09,"Comparstic Raman F2Ba Au IAEA 240930.csv",673.133382597247,-3486.71689115645,1,317.836276129498,0.020897939914361,FALSE
160,160,785,1.71231769787668,1.75874248599919,"A160",-375.05,4343.612,875,38,31,31,38,"Carbonate",0.819768104945177,"Comparstic LDIR F2Ba Au MP2 240925.xlsx",33.3779058906227,0.82352944128001,2.05322944877661,"circle_calibrated",4280.71130693069,-204.956095049505,4721.86309322544,-1070.4481913784,"landmark_ransac","362",10079.1130019096,1257.46013217038,775.44,38.289,29.432,28.719,38.563,"Polytetrafluoroethylene (PTFE)",1.13,"Comparstic Raman F2Ba Au IAEA 240930.csv",4722.03204885363,-1068.74422955542,1,143.585136192811,0.0119254523363569,FALSE
161,161,477,11.9687003724573,12.1502624290141,"A161",754.52,6371.742,862.5,49,35,35,49,"Polyamide",0.809742489366288,"Comparstic LDIR F2Ba Au MP2 240925.xlsx",33.1386346630949,1.40000002697398,2.01988956911605,"circle_calibrated",6308.84130693069,-1334.5260950495,6585.42615224672,-2128.05628215881,"landmark_ransac","633",11937.943837205,209.212724743151,740.342,31.827,30.572,29.277,33.947,"Polycarbonate (PC)",26.07,"Comparstic Raman F2Ba Au IAEA 240930.csv",6580.86288414903,-2116.99163698265,1,238.614199695312,0.0501592126023521,FALSE
162,162,149,15.5450395737647,15.7525845408222,"A162",-2382.146,2143.05,850,56,22,22,56,"Polyamide (naturally occurring)",0.921464999904045,"Comparstic LDIR F2Ba Au MP2 240925.xlsx",32.8976232123977,2.50000021357691,0.262185104470491,"circle_calibrated",2080.14930693069,1802.1399049505,2705.65147447208,798.381705510889,"landmark_ransac","241",8076.19120316178,3132.36485980308,1351.005,66.458,31.238,31.238,66.624,"Cellulose Acetate Butyrate (CAB)",89.85,"Comparstic Raman F2Ba Au IAEA 240930.csv",2719.11025010581,806.160498077276,1,243.57753083155,0.0638196779509812,FALSE
163,163,634,117.078793368258,117.463720299932,"A163",-5118.1,-728,850,35,35,35,35,"Cellulosic",0.948296980620076,"Comparstic LDIR F2Ba Au MP2 240925.xlsx",32.8976232123977,1,1.98015549502497,"circle_calibrated",-790.900693069307,4538.0939049505,75.9909525796396,3344.90627686606,"landmark_ransac","650",5542.25688969859,5713.3727151113,317.195,29.807,16.884,16.884,30.039,"Polyether sulphone (PES)",10.1,"Comparstic Raman F2Ba Au IAEA 240930.csv",185.175936642618,3387.1683533855,0,214.36382171638,0.546168623188488,FALSE
164,164,187,5.63699821472374,5.88613732968143,"A164",-2732.782,2095.964,837.5,41,28,28,41,"Polyamide (naturally occurring)",0.958400288917463,"Comparstic LDIR F2Ba Au MP2 240925.xlsx",32.6548330070098,0.6818181287635,0.0737189594660146,"circle_calibrated",2033.06330693069,2152.7759049505,2664.7904765645,1122.36265047941,"landmark_ransac","18",8026.24732339936,3452.12050379923,1277.185,56.95,31.175,31.175,57.737,"Cellulose Acetate Butyrate (CAB)",87.24,"Comparstic Raman F2Ba Au IAEA 240930.csv",2669.16637034339,1125.91614207343,1,186.245028905283,0.03026657005482,FALSE
165,165,528,7.62954723686955,7.72394118172786,"A165",231.946,-5966.922,825,46,27,27,46,"Cellulosic",0.957407166211825,"Comparstic LDIR F2Ba Au MP2 240925.xlsx",32.4102240721429,0.57999997740295,0.0755076177792173,"circle_calibrated",-6029.82269306931,-811.952095049505,-4799.10980537101,-1554.28132878814,"landmark_ransac","90",558.776197543208,764.336077964469,958.507,41.667,31.131,31,41.907,"Polycarbonate (PC)",18.52,"Comparstic Raman F2Ba Au IAEA 240930.csv",-4798.30475551277,-1561.86828376133,1,62.5503522067587,0.121974488835015,FALSE
166,166,780,6.49523485038992,6.78664339309264,"A166",522.132,2476.162,825,35,30,30,35,"Polyamide (naturally occurring)",0.894654602117043,"Comparstic LDIR F2Ba Au MP2 240925.xlsx",32.4102240721429,0.857142857142857,0.026013580183287,"circle_calibrated",2413.26130693069,-1102.13809504951,2991.58430200277,-1884.693835145,"landmark_ransac","400",8344.28076464508,446.30263671875,1502.764,46.865,42.858,41.333,49.706,"Polyvinyl Chloride (PVC)",1.25,"Comparstic Raman F2Ba Au IAEA 240930.csv",2987.19981158911,-1879.90172500705,1,394.346925350414,0.0164708646951369,FALSE
167,167,492,5.81269567415718,5.92606001445864,"A167",-1870.18,3876.574,812.5,35,30,30,35,"Rubber",0.857084832986266,"Comparstic LDIR F2Ba Au MP2 240925.xlsx",32.1637549129034,1.16666666666667,0.0443627188514837,"circle_calibrated",3813.67330693069,1290.17390495049,4301.87474934899,312.996642209129,"landmark_ransac","680",9654.30299013737,2642.68521109803,853.379,44.169,26.914,26.914,44.158,"Polyvinyl Chloride (PVC)",23.13,"Comparstic Raman F2Ba Au IAEA 240930.csv",4297.2220370814,316.480849372226,1,134.128245455991,0.0433368501496158,FALSE
168,168,747,7.81274124752129,7.86456793474966,"A168",4537.286,625.066,812.5,35,35,35,35,"Polyamide (naturally occurring)",0.965773891299914,"Comparstic LDIR F2Ba Au MP2 240925.xlsx",32.1637549129034,1,1.82021939184802,"circle_calibrated",562.165306930693,-5117.2920950495,1253.291501506,-5576.90388229555,"landmark_ransac","72",6602.55971637882,-3250.69260086687,811.196,38.563,29.678,29.678,38.463,"Polytetrafluoroethylene (PTFE)",3.65,"Comparstic Raman F2Ba Au IAEA 240930.csv",1245.47876332285,-5576.89696259267,1,120.331369202133,0.0649268873056488,FALSE
169,169,128,4.59602870089463,4.78823506151346,"A169",2291.51,-4077.476,800,45,25,25,45,"Polyamide",0.694726033409494,"Comparstic LDIR F2Ba Au MP2 240925.xlsx",31.9153824321146,1.8,0.100426460832168,"circle_calibrated",-4140.37669306931,-2871.5160950495,-3070.44262954781,-3469.23263022748,"landmark_ransac","74",2283.27521830519,-1146.16083984375,1297.452,50.212,32.537,32.512,50.212,"Polyethylene terephtalate (PET)",90.68,"Comparstic Raman F2Ba Au IAEA 240930.csv",-3073.80573475078,-3472.36520156955,1,377.91236030319,0.0121616257727251,FALSE
170,170,784,6.7360359937788,6.99226540884944,"A170",1258.53,-4250.61,800,34,31,31,34,"Polyamide (naturally occurring)",0.94995253895931,"Comparstic LDIR F2Ba Au MP2 240925.xlsx",31.9153824321146,1.07142858230857,0.045875428047752,"circle_calibrated",-4313.51069306931,-1838.53609504951,-3222.58699448974,-2514.5238208368,"landmark_ransac","182",2128.27697076666,-190.912380939641,1223.632,45.784,37.097,36.531,50.319,"Polycarbonate (PC)",1.13,"Comparstic Raman F2Ba Au IAEA 240930.csv",-3228.80398228931,-2517.11674266544,1,255.817807643346,0.0263313803516367,FALSE
171,171,78,1.70624154000686,1.80827393575206,"A171",1058.616,3556.592,800,35,28,28,35,"Polycarbonate",0.838984365484226,"Comparstic LDIR F2Ba Au MP2 240925.xlsx",31.9153824321146,1.25000012644056,1.88167624644819,"circle_calibrated",3493.69130693069,-1638.6220950495,3984.82951941564,-2387.86832269993,"landmark_ransac","55",9341.43615714294,-60.0249719071062,802.793,41.299,30.251,25.962,47.648,"Polyethylene terephtalate (PET)",91.85,"Comparstic Raman F2Ba Au IAEA 240930.csv",3984.35520408697,-2386.22933363291,1,202.442981570467,0.00842825731359302,FALSE
172,172,758,3.67934218712936,3.81512415976794,"A172",-1330.446,1342.692,800,42,27,27,42,"Polyamide (naturally occurring)",0.929841015772383,"Comparstic LDIR F2Ba Au MP2 240925.xlsx",31.9153824321146,1.58333334814223,0.00768893865546483,"circle_calibrated",1279.79130693069,750.439904950495,1959.13801907568,-166.390462281106,"landmark_ransac","298",7317.27385780647,2163.33877889555,588.747,39.879,19.372,19.372,39.375,"Polyethylene terephtalate (PET)",2.69,"Comparstic Raman F2Ba Au IAEA 240930.csv",1960.1929047505,-162.865582830254,1,139.280756457764,0.0264167303560351,FALSE
173,173,56,8.97357351685809,9.00959615634177,"A173",-1717.95,-5607.134,800,42,28,28,42,"Polyamide (naturally occurring)",0.885576840828974,"Comparstic LDIR F2Ba Au MP2 240925.xlsx",31.9153824321146,1.49999995701848,0.0247833720147645,"circle_calibrated",-5670.03469306931,1137.94390495049,-4452.57922389142,242.778033131258,"landmark_ransac","753",904.938950379252,2560.01947907748,895.727,42.266,28.545,28.545,42.116,"Cellulose Acetate Butyrate (CAB)",92.64,"Comparstic Raman F2Ba Au IAEA 240930.csv",-4452.14200267672,233.815117351676,1,244.436241139183,0.0367113054718776,FALSE
174,174,715,234.850386289673,235.050102619068,"A174",-1116.466,3281.2,787.5,55,20,20,55,"Carbonate",0.864125561005239,"Comparstic LDIR F2Ba Au MP2 240925.xlsx",31.6650618423356,0.363636363636364,0.0519599305733869,"circle_calibrated",3218.29930693069,536.459904950495,3746.76706157268,-378.257961247437,"landmark_ransac","379",8921.21868603849,2095.59880404538,540.797,45.903,24.734,24.734,45.87,"Polytetrafluoroethylene (PTFE)",5.27,"Comparstic Raman F2Ba Au IAEA 240930.csv",3564.13773298252,-230.605557680424,0,102.627476831688,2.288377280042,TRUE
175,175,469,606.053334849222,606.29276742667,"A175",6136.286,1530.048,787.5,35,30,30,35,"Cellulosic",0.896571768697195,"Comparstic LDIR F2Ba Au MP2 240925.xlsx",31.6650618423356,0.857142857142857,1.78896684834392,"circle_calibrated",1467.14730693069,-6716.2920950495,2076.72602122027,-7059.46500320596,"landmark_ransac","575",7123.23901459157,-4212.82987077269,386.072,32.164,26.083,25.698,32.722,"Polyethylene naphtalate (PEN)",27,"Comparstic Raman F2Ba Au IAEA 240930.csv",1766.1580615356,-6539.03423249849,0,687.260480278771,0.881839349475459,TRUE
176,176,393,8.93219613371043,9.04976313378305,"A176",1979.666,3874.104,787.5,35,30,30,35,"Polyamide (naturally occurring)",0.970222003369141,"Comparstic LDIR F2Ba Au MP2 240925.xlsx",31.6650618423356,0.857142857142857,1.78896684834392,"circle_calibrated",3811.20330693069,-2559.6720950495,4271.06225375261,-3240.33739810753,"landmark_ransac","715",9619.85893512881,-910.793130618579,595.339,28.306,28.035,27.962,32.722,"Polyacrylamide/acrylate",49.37,"Comparstic Raman F2Ba Au IAEA 240930.csv",4262.77798207284,-3236.99749234438,1,184.534434544694,0.0484039532011955,FALSE
177,177,54,4.91643633786154,5.04261848843873,"A177",-5510.388,-1133.106,775,40,25,25,40,"Polyamide (naturally occurring)",0.924178145895416,"Comparstic LDIR F2Ba Au MP2 240925.xlsx",31.4127465715711,0.625,1.87747253129259,"circle_calibrated",-1196.00669306931,4930.3819049505,-295.008643644506,3709.98484412463,"landmark_ransac","475",5066.92893058044,6035.42462944135,640.982,31.67,30.446,29.868,35.686,"Cellulose Acetate Butyrate (CAB)",92.76,"Comparstic Raman F2Ba Au IAEA 240930.csv",-290.152022475533,3709.22026771555,1,211.897252975603,0.0232019824175239,FALSE
178,178,495,4.13447280487561,4.40593826422361,"A178",-5939.882,1022.554,775,30,30,30,30,"Polyamide (naturally occurring)",0.933518357332773,"Comparstic LDIR F2Ba Au MP2 240925.xlsx",31.4127465715711,1,1.8215483812243,"circle_calibrated",959.653306930693,5359.8759049505,1697.81760232163,4090.42517001871,"landmark_ransac","276",7057.22124249183,6420.04991037029,384.259,31.191,16.949,16.949,31.574,"Polyether sulphone (PES)",22.81,"Comparstic Raman F2Ba Au IAEA 240930.csv",1700.14028943586,4093.84554864449,1,151.787927219107,0.0272384825369376,FALSE
179,179,509,14.5712043378119,14.6836032792775,"A179",5183.776,-1531.114,775,35,30,30,35,"Polyamide (naturally occurring)",0.950747285026925,"Comparstic LDIR F2Ba Au MP2 240925.xlsx",31.4127465715711,1.16666666666667,1.18838720999124,"circle_calibrated",-1594.01469306931,-5763.78209504951,-741.622939570333,-6157.62453336544,"landmark_ransac","372",4603.08232313181,-3839.11187392979,731.609,42.617,23.363,23.363,42.617,"Polyacrylamide/acrylate",20.32,"Comparstic Raman F2Ba Au IAEA 240930.csv",-753.998629924163,-6165.31623565559,1,274.066112148298,0.0531667495247548,FALSE
180,180,447,731.058101375557,731.410691483483,"A180",1012.96,2172.04,775,30,30,30,30,"Carbonate",0.686957881547874,"Comparstic LDIR F2Ba Au MP2 240925.xlsx",31.4127465715711,1,1.84992754813361,"circle_calibrated",2109.13930693069,-1592.9660950495,2707.24636204463,-2335.46703419412,"landmark_ransac","613",8754.16501924696,232.749495665667,324.281,34.976,16.508,16.508,34.098,"Polyacrylamide/acrylate",31.79,"Comparstic Raman F2Ba Au IAEA 240930.csv",3397.08406619099,-2093.45486606014,0,127.038094428024,5.75463686437576,TRUE
181,181,146,3.95973183461683,4.1364999978906,"A181",-2827.422,-5579.756,775,40,30,30,40,"Polyamide (naturally occurring)",0.917362687058753,"Comparstic LDIR F2Ba Au MP2 240925.xlsx",31.4127465715711,1.33333333333333,0.027111224578279,"circle_calibrated",-5642.65669306931,2247.4159049505,-4419.08699178409,1266.60178236359,"landmark_ransac","734",934.21639713653,3591.6189265839,899.681,55.611,28.195,28.195,55.753,"Cellulose Acetate Butyrate (CAB)",90.01,"Comparstic Raman F2Ba Au IAEA 240930.csv",-4422.86455591944,1265.4145648581,1,61.2669925539803,0.064630752539845,FALSE
182,182,10,9.92275135238975,10.1522117854121,"A182",-4464.356,537.264,775,57,21,21,57,"Cellulosic",0.915730224189129,"Comparstic LDIR F2Ba Au MP2 240925.xlsx",31.4127465715711,2.6666665168112,0.205564284561856,"circle_calibrated",474.363306930693,3884.34990495049,1238.96622691317,2732.13262271122,"landmark_ransac","247",6604.85598671272,5053.76906169735,1168.597,46.902,33.784,33.638,47.074,"Cellulose Acetate Butyrate (CAB)",95.26,"Comparstic Raman F2Ba Au IAEA 240930.csv",1247.77503365675,2727.56469997155,2,47.3014007836356,0.209777114165774,FALSE
183,183,560,750.349365448699,750.674624172557,"A183",-5161.156,-2350.608,762.5,35,30,30,35,"Polyamide (naturally occurring)",0.933151115187775,"Comparstic LDIR F2Ba Au MP2 240925.xlsx",31.1583881621075,1.16666666666667,0.0516753656977702,"circle_calibrated",-2413.50869306931,4581.14990495049,-1421.33372984545,3396.67212940378,"landmark_ransac","35",4616.28587755176,5406.8206255351,475.546,54.996,24.348,24.348,54.94,"Polyphenylene sulphide (PPS)",15.92,"Comparstic Raman F2Ba Au IAEA 240930.csv",-740.795075504213,3080.6162638093,0,338.987074603545,2.21350435359889,TRUE
184,184,346,8.80179253783845,9.29295056063385,"A184",-534.196,-5216.588,762.5,35,25,25,35,"Cellulosic",0.857782237441678,"Comparstic LDIR F2Ba Au MP2 240925.xlsx",31.1583881621075,1.4,0.506378482747628,"circle_calibrated",-5279.48869306931,-45.8100950495049,-4100.88416319699,-852.704329972689,"landmark_ransac","137",1256.26831146658,1464.69852980522,1980.617,65.448,40.495,40.078,66.247,"Polyethylene terephtalate (PET)",60.54,"Comparstic Raman F2Ba Au IAEA 240930.csv",-4100.81264158939,-861.505831920584,1,248.236272833733,0.0354573182934221,FALSE
185,185,537,7.69756874504077,7.87783171389793,"A185",370.578000000001,-6127.342,762.5,33,29,29,33,"Polyamide (naturally occurring)",0.888156963241818,"Comparstic LDIR F2Ba Au MP2 240925.xlsx",31.1583881621075,0.874999937318622,0.25381468142195,"circle_calibrated",-6190.24269306931,-950.584095049506,-4948.20260846643,-1681.04773018634,"landmark_ransac","213",411.814896173346,638.041209599744,486.915,33.584,19.969,19.9,34.504,"Polyphenylene sulphide (PPS)",17.43,"Comparstic Raman F2Ba Au IAEA 240930.csv",-4945.26605688263,-1688.16315212606,1,136.868681881116,0.0562405412198452,FALSE
186,186,12,10.5222053958856,10.5755718062005,"A186",5659.212,-3032.692,762.5,32,28,28,32,"Polyamide (naturally occurring)",0.955234345501191,"Comparstic LDIR F2Ba Au MP2 240925.xlsx",31.1583881621075,1.12499997892657,0.205639029265583,"circle_calibrated",-3095.59269306931,-6239.2180950495,-2131.08142506048,-6585.31632148853,"landmark_ransac","599",3216.13504145373,-4262.7737505351,653.34,31.764,28.187,28.187,32.605,"Cellulose Acetate Butyrate (CAB)",94.74,"Comparstic Raman F2Ba Au IAEA 240930.csv",-2140.94591160224,-6588.9781122609,1,239.93914480753,0.0438536421571651,FALSE
187,187,533,50.5255397710485,51.1144908019291,"A187",2361.242,3876.6,762.5,44,24,24,44,"Polyamide (naturally occurring)",0.920401598358279,"Comparstic LDIR F2Ba Au MP2 240925.xlsx",31.1583881621075,1.88235281029849,1.9889098079965,"circle_calibrated",3813.69930693069,-2941.24809504951,4270.53801611497,-3592.545042939,"landmark_ransac","125",9677.83976105989,-1271.881640625,1758.663,131.165,57.157,57.157,127.055,"Polyether sulphone (PES)",17.84,"Comparstic Raman F2Ba Au IAEA 240930.csv",4320.75880800392,-3598.0860023508,0,187.86968887348,0.26893928485225,FALSE
188,188,554,22.1112106399875,22.3577295425209,"A188",-4667.26,-2669.316,762.5,50,20,20,50,"Cellulosic",0.951939672642685,"Comparstic LDIR F2Ba Au MP2 240925.xlsx",31.1583881621075,2.5,0.0402680268146847,"circle_calibrated",-2732.21669306931,4087.2539049505,-1719.15707563908,2943.1753131691,"landmark_ransac","129",3659.8892834807,5271.91474341824,1169.091,70.315,23.656,23.656,70.344,"Polyether sulphone (PES)",16.3,"Comparstic Raman F2Ba Au IAEA 240930.csv",-1697.19166957527,2945.71038169244,1,88.8720680936854,0.248798200765158,FALSE
189,189,742,4.84246613900639,5.06961207821726,"A189",-1343.212,2998.97,750,35,28,28,35,"Polyamide (naturally occurring)",0.916358019690294,"Comparstic LDIR F2Ba Au MP2 240925.xlsx",30.9019361618552,1.25000012644056,0.503835422771157,"circle_calibrated",2936.06930693069,763.205904950495,3487.9533447807,-166.882955323218,"landmark_ransac","290",8847.73803535356,2163.33877889555,1236.815,45.109,35.741,35.741,45.109,"Polycarbonate (PC)",3.87,"Comparstic Raman F2Ba Au IAEA 240930.csv",3490.65708229759,-162.865582830254,1,99.3208490542605,0.0487557867770631,FALSE
190,190,493,468.631622807974,468.813048648577,"A190",2164.006,-3759.184,750,35,28,28,35,"Polyamide (naturally occurring)",0.951073079205133,"Comparstic LDIR F2Ba Au MP2 240925.xlsx",30.9019361618552,0.799999919078051,0.518020057763113,"circle_calibrated",-3822.08469306931,-2744.0120950495,-2775.71872081383,-3353.90726378873,"landmark_ransac","635",2183.96152636384,-779.331654002569,618.572,46.276,23.544,23.544,46.81,"Polyether sulphone (PES)",22.99,"Comparstic Raman F2Ba Au IAEA 240930.csv",-3173.11942669213,-3105.53601572837,0,255.134558319266,1.83680182682875,TRUE
191,191,43,8.8769795779881,8.92387290476588,"A191",-1454.96,-6155.526,750,32,32,32,32,"Carbonate",0.640328729755508,"Comparstic LDIR F2Ba Au MP2 240925.xlsx",30.9019361618552,1.00000014985548,0.146998241964246,"circle_calibrated",-6218.42669306931,874.953904950495,-4960.68625475181,4.10640378711867,"landmark_ransac","179",400.333544503825,2322.35549951841,657.789,30.038,28.24,27.826,31.835,"Polyacrylamide/acrylate",93.05,"Comparstic Raman F2Ba Au IAEA 240930.csv",-4956.74740855215,-3.84886220739372,1,210.59845866148,0.0421512086764943,FALSE
192,192,196,8.32783984940896,8.4330465638149,"A192",844.271999999999,-4936.516,750,35,30,30,35,"Polyamide (naturally occurring)",0.971536211064836,"Comparstic LDIR F2Ba Au MP2 240925.xlsx",30.9019361618552,0.857142857142857,0.547007594636365,"circle_calibrated",-4999.41669306931,-1424.2780950495,-3852.59811351249,-2127.08614124804,"landmark_ransac","656",1505.41364269518,190.842562071918,641.97,36.514,22.086,22.086,38.567,"Cellulose Acetate Butyrate (CAB)",86.94,"Comparstic Raman F2Ba Au IAEA 240930.csv",-3851.66731036079,-2135.36179965389,1,174.754755561874,0.0476544390602315,FALSE
193,193,140,18.6646635763195,18.9382984281916,"A193",-54.6,-870.324,737.5,40,25,25,40,"Polyamide (naturally occurring)",0.970980710900523,"Comparstic LDIR F2Ba Au MP2 240925.xlsx",30.6433380075047,1.6,1.82482069810509,"circle_calibrated",-933.224693069306,-525.406095049505,-92.8996350471351,-1327.57639264113,"landmark_ransac","665",5269.57478754748,980.759556934931,1305.527,53.993,33.802,33.802,56.224,"Cellulose Acetate Butyrate (CAB)",90.16,"Comparstic Raman F2Ba Au IAEA 240930.csv",-87.5061655084928,-1345.44480479087,1,63.7471541377976,0.292792107016628,FALSE
194,194,145,10.7814052820629,10.9042521632326,"A194",4488.328,-4571.242,737.5,40,20,20,40,"Polyamide (naturally occurring)",0.884271822228978,"Comparstic LDIR F2Ba Au MP2 240925.xlsx",30.6433380075047,2,0.0480506556655791,"circle_calibrated",-4634.14269306931,-5068.3340950495,-3542.46300912859,-5493.20447414469,"landmark_ransac","25",1806.22505643661,-3173.76754468108,861.618,35.971,33.627,31.256,44.158,"Cellulose Acetate Butyrate (CAB)",90.02,"Comparstic Raman F2Ba Au IAEA 240930.csv",-3550.85589661936,-5499.97190640688,1,76.9429008746122,0.140122157593622,FALSE
195,195,617,5.59576397421609,5.65670610762578,"A195",-4498.624,566.8,737.5,30,30,30,30,"Chitin",0.759995023201463,"Comparstic LDIR F2Ba Au MP2 240925.xlsx",30.6433380075047,1,0.774809573415165,"circle_calibrated",503.899306930693,3918.61790495049,1266.48150263989,2763.54258969553,"landmark_ransac","236",6627.81869005176,5093.37972495719,661.744,30.426,28.129,28.129,32.162,"Polycarbonate (PC)",11.53,"Comparstic Raman F2Ba Au IAEA 240930.csv",1270.73773699579,2767.17536323139,2,40.5504689345061,0.137995049656612,FALSE
196,196,604,11.0335884223384,11.1123877301612,"A196",4595.188,517.556,737.5,35,30,30,35,"Polyamide (naturally occurring)",0.90807277105187,"Comparstic LDIR F2Ba Au MP2 240925.xlsx",30.6433380075047,0.857142857142857,0.575320911600454,"circle_calibrated",454.655306930693,-5175.19409504951,1153.63218723961,-5629.54979454947,"landmark_ransac","108",6500.37568652008,-3299.48834546233,587.924,32.068,28.009,26.443,33.973,"Polyphenylene sulphide (PPS)",12.28,"Comparstic Raman F2Ba Au IAEA 240930.csv",1143.29473346411,-5625.69270718813,1,105.868381735458,0.104219864717579,FALSE
197,197,727,14.1883226854845,14.3347854674097,"A197",189.566,5346.9,737.5,30,30,30,30,"Polyamide (naturally occurring)",0.926626991285697,"Comparstic LDIR F2Ba Au MP2 240925.xlsx",30.6433380075047,1,0.774809573415165,"circle_calibrated",5283.99930693069,-769.572095049505,5643.69885965676,-1599.01637962444,"landmark_ransac","115",11000.4914733887,741.373374625428,497.296,29.479,22.569,22.316,29.524,"Polycarbonate (PC)",4.34,"Comparstic Raman F2Ba Au IAEA 240930.csv",5643.41052033273,-1584.83098710038,1,190.380590227365,0.0745260988451598,FALSE
198,198,69,337.499070483577,337.616170960553,"A198",-2845.7,-1902.446,737.5,30,30,30,30,"Polyamide (naturally occurring)",0.947245249153435,"Comparstic LDIR F2Ba Au MP2 240925.xlsx",30.6433380075047,1,0.73844192924429,"circle_calibrated",-1965.34669306931,2265.6939049505,-1024.84742006399,1256.21812367946,"landmark_ransac","754",3995.1447522307,3565.78588532748,612.311,33.296,23.537,23.537,33.375,"Cellulose Acetate Butyrate (CAB)",92.21,"Comparstic Raman F2Ba Au IAEA 240930.csv",-1361.93620082527,1239.58152360168,0,119.831631982261,2.81644391301904,TRUE
199,199,570,10.3353997324643,10.5617589941122,"A199",-2567.032,447.823999999999,737.5,35,25,25,35,"Polyamide (naturally occurring)",0.949374759682262,"Comparstic LDIR F2Ba Au MP2 240925.xlsx",30.6433380075047,1.4,0.418974841209759,"circle_calibrated",384.923306930693,1987.02590495049,1142.35258298887,981.592803506986,"landmark_ransac","138",6509.5607678557,3305.73327001284,984.047,49.874,28.357,28.357,52.116,"Polyether sulphone (PES)",15.3,"Comparstic Raman F2Ba Au IAEA 240930.csv",1152.47981479973,979.528908287036,1,264.97191087895,0.0390056428931666,FALSE
200,200,374,5.70408483781531,5.76036316886343,"A200",-4561.622,3811.366,725,30,30,30,30,"Polyamide (naturally occurring)",0.937432938110214,"Comparstic LDIR F2Ba Au MP2 240925.xlsx",30.3825388987325,1,0.739366001387668,"circle_calibrated",3748.46530693069,3981.6159049505,4261.63603965402,2797.64208198461,"landmark_ransac","221",9622.15520546272,5128.39784754923,666.687,31.207,28.818,27.958,32.441,"Polyacrylamide/acrylate",54.14,"Comparstic Raman F2Ba Au IAEA 240930.csv",4265.07425240675,2802.19348582343,1,328.406944370845,0.017368953171021,FALSE
201,201,216,2.91833393383965,3.2901598378918,"A201",-2120.508,572,725,35,25,25,35,"Polyamide (naturally occurring)",0.940423370402516,"Comparstic LDIR F2Ba Au MP2 240925.xlsx",30.3825388987325,1.4,0.0874222083119305,"circle_calibrated",509.099306930693,1540.50190495049,1253.65587568352,568.53727288613,"landmark_ransac","433",6610.022594964,2897.57121816139,1523.691,54.425,41.245,40.287,56.424,"Polyamide (PA)",85.39,"Comparstic Raman F2Ba Au IAEA 240930.csv",1252.94164190803,571.366856435586,1,189.716117629572,0.0153826357523181,FALSE
202,202,173,5.17444004688705,5.37258857290301,"A202",2332.876,3563.222,725,40,25,25,40,"Polyamide (naturally occurring)",0.95017311182442,"Comparstic LDIR F2Ba Au MP2 240925.xlsx",30.3825388987325,1.6,0.087575116305787,"circle_calibrated",3500.32130693069,-2912.88209504951,3981.50487233256,-3564.0410664767,"landmark_ransac","152",9335.1214137247,-1233.99318011558,1107.794,38.112,36.923,36.014,45.021,"Polyamide (PA)",88.67,"Comparstic Raman F2Ba Au IAEA 240930.csv",3978.04046066873,-3560.19754184138,1,187.146430753514,0.0276491516618993,FALSE
203,203,538,9.59318267689531,9.77909054475324,"A203",-3077.594,-2753.088,725,35,25,25,35,"Polyamide (naturally occurring)",0.963845759382545,"Comparstic LDIR F2Ba Au MP2 240925.xlsx",30.3825388987325,1.4,0.0482014951586489,"circle_calibrated",-2815.98869306931,2497.5879049505,-1808.25906298224,1476.55738402033,"landmark_ransac","532",3558.27932120545,3801.15359455265,931.813,47.074,36.74,35.028,49.196,"Polyether sulphone (PES)",17.41,"Comparstic Raman F2Ba Au IAEA 240930.csv",-1798.80163185052,1474.94923282685,1,67.411925052095,0.142306908896042,FALSE
204,204,29,162.832589334964,163.131146011503,"A204",-5329.896,-526.318,725,41,28,28,41,"Polyethylene terephthalate",0.858466609997686,"Comparstic LDIR F2Ba Au MP2 240925.xlsx",30.3825388987325,0.690476187719499,1.82609483084901,"circle_calibrated",-589.218693069307,4749.8899049505,263.710233859958,3538.89618640811,"landmark_ransac","476",5597.36737771229,6026.23954810574,377.339,32.131,16.616,16.616,31.574,"Cellulose Acetate Butyrate (CAB)",93.4,"Comparstic Raman F2Ba Au IAEA 240930.csv",240.286424656318,3700.03518637994,0,63.1819618890635,2.57720058805502,TRUE
205,205,218,4.29517541583523,4.34410443060091,"A205",-426.816,-4079.66,725,37,26,26,37,"Polyamide (naturally occurring)",0.972780674923961,"Comparstic LDIR F2Ba Au MP2 240925.xlsx",30.3825388987325,1.42105267444141,0.0198842396884991,"circle_calibrated",-4142.56069306931,-153.190095049505,-3052.31184810984,-960.240741721194,"landmark_ransac","259",2307.96012439466,1363.08856752997,792.247,39.433,26.697,26.697,39.375,"Polyamide (PA)",85.17,"Comparstic Raman F2Ba Au IAEA 240930.csv",-3049.12082866131,-963.115794195834,1,93.6520107660049,0.0458631414392904,FALSE
206,206,363,3.40914616310531,3.91380155848503,"A206",-3081.988,3598.166,712.5,35,25,25,35,"Polyamide (naturally occurring)",0.949650640398687,"Comparstic LDIR F2Ba Au MP2 240925.xlsx",30.1194816626018,0.714285714285714,0.0212403014306295,"circle_calibrated",3535.26530693069,2501.9819049505,4053.88936493457,1433.54134402384,"landmark_ransac","570",9414.34274024439,3759.2466609589,2044.386,62.249,47.296,47.296,64.296,"Polyamide (PA)",57.42,"Comparstic Raman F2Ba Au IAEA 240930.csv",4057.26178718842,1433.0422992331,1,54.5949729059152,0.0624443237471767,FALSE
207,207,578,1.7977056052702,2.1102848373753,"A207",-546.702,-2073.968,712.5,35,25,25,35,"Polyamide (naturally occurring)",0.941450452795813,"Comparstic LDIR F2Ba Au MP2 240925.xlsx",30.1194816626018,1.4,0.0212403014306295,"circle_calibrated",-2136.86869306931,-33.304095049505,-1200.19853025625,-864.452663773448,"landmark_ransac","163",4157.60587835442,1460.10598913741,1438.007,46.722,39.63,39.63,46.638,"Polycarbonate (PC)",14.25,"Comparstic Raman F2Ba Au IAEA 240930.csv",-1199.47507470155,-866.098372588394,1,226.673260076342,0.00793082344456838,FALSE
208,208,630,6.31811402759775,6.38348292437567,"A208",-4829.006,676.364,712.5,34,31,31,34,"Polyamide (naturally occurring)",0.911035875201105,"Comparstic LDIR F2Ba Au MP2 240925.xlsx",30.1194816626018,1.07142858230857,0.0163159840101541,"circle_calibrated",613.463306930693,4248.99990495049,1370.05608561973,3067.66839001594,"landmark_ransac","46",6733.44712541135,5394.19113869863,716.614,35.581,31.406,30.283,41.59,"Polycarbonate (PC)",10.52,"Comparstic Raman F2Ba Au IAEA 240930.csv",1376.36617235538,3067.98677697283,1,119.286664534009,0.0529658034473454,FALSE
209,209,745,5.54173837339222,5.63062847486951,"A209",-350.142,2981.212,712.5,36,28,28,36,"Polyamide (naturally occurring)",0.940334600848329,"Comparstic LDIR F2Ba Au MP2 240925.xlsx",30.1194816626018,0.783783837065053,0.452641324892215,"circle_calibrated",2918.31130693069,-229.864095049505,3464.20293491442,-1083.34063457398,"landmark_ransac","378",8822.47906168061,1248.27505083476,547.553,32.662,23.558,22.979,35.686,"Polytetrafluoroethylene (PTFE)",3.73,"Comparstic Raman F2Ba Au IAEA 240930.csv",3465.39810862464,-1077.92931089104,1,178.067906566557,0.0311214888760477,FALSE
210,210,135,6.23267752515415,6.45896232861144,"A210",-322.764,3392.948,712.5,32,28,28,32,"Polyamide (naturally occurring)",0.93579021553149,"Comparstic LDIR F2Ba Au MP2 240925.xlsx",30.1194816626018,0.888888905539498,0.0164555759225544,"circle_calibrated",3330.04730693069,-257.242095049505,3844.02641691331,-1111.66167106275,"landmark_ransac","406",9201.93773435826,1220.71980682791,1088.186,41.81,33.692,33.692,43.388,"Cellulose Acetate Butyrate (CAB)",90.49,"Comparstic Raman F2Ba Au IAEA 240930.csv",3844.85678130229,-1105.48455489789,1,142.348426447704,0.0437846605030361,FALSE
211,211,629,174.132393082561,174.437727580347,"A211",-777.608,3917.082,712.5,30,30,30,30,"Polyamide (naturally occurring)",0.934788459042757,"Comparstic LDIR F2Ba Au MP2 240925.xlsx",30.1194816626018,1,0.759015530356148,"circle_calibrated",3854.18130693069,197.601904950495,4331.16556892218,-695.731780523658,"landmark_ransac","111",9556.71150094645,1516.36461231807,349.821,21.793,21.046,21.046,22.336,"Polycarbonate (PC)",10.56,"Comparstic Raman F2Ba Au IAEA 240930.csv",4199.63054789048,-809.839749407734,0,146.796861042699,1.18621332803507,TRUE
212,212,92,16.3577298640974,16.6855582699519,"A212",-5350.592,-3306.628,700,36,28,28,36,"Polyamide (naturally occurring)",0.930803105523634,"Comparstic LDIR F2Ba Au MP2 240925.xlsx",29.8541066072092,1.30000010315565,0.819787568698242,"circle_calibrated",-3369.52869306931,4770.5859049505,-2302.32242022019,3578.60426571164,"landmark_ransac","556",3055.39611808045,5888.46332807149,1389.398,51.9,36.84,36.663,52.542,"Cellulose Acetate Butyrate (CAB)",91.5,"Comparstic Raman F2Ba Au IAEA 240930.csv",-2301.68483497552,3562.25896634569,1,131.142179276109,0.124732789666836,FALSE
213,213,561,7.42152137662715,7.46938971378879,"A213",2221.492,-4762.81,700,42,21,21,42,"Polycarbonate",0.692949627009735,"Comparstic LDIR F2Ba Au MP2 240925.xlsx",29.8541066072092,0.5,1.80008491906736,"circle_calibrated",-4825.71069306931,-2801.49809504951,-3702.47709870138,-3399.52774630404,"landmark_ransac","48",1655.24528198242,-1080.71713532748,650.044,42.481,25.259,25.148,43.387,"Polycarbonate (PC)",15.83,"Comparstic Raman F2Ba Au IAEA 240930.csv",-3701.83567107355,-3406.92149705328,1,205.787251256628,0.0360640483378249,FALSE
214,214,30,7.84424437547001,7.89451136814988,"A214",4521.374,437.138,700,35,25,25,35,"Polyamide (naturally occurring)",0.853869071996376,"Comparstic LDIR F2Ba Au MP2 240925.xlsx",29.8541066072092,0.714285714285714,0.0227720862591161,"circle_calibrated",374.237306930693,-5101.38009504951,1079.95459735319,-5560.82452749313,"landmark_ransac","61",6429.19130616905,-3234.61870852954,692.557,30.03,29.163,29.043,32.676,"Polyamide (PA)",93.39,"Comparstic Raman F2Ba Au IAEA 240930.csv",1072.11035311308,-5560.82307025534,1,90.6634081616898,0.0865205106946843,FALSE
215,215,571,9.97299666573754,10.0554161013367,"A215",3541.2,-2158.338,700,35,25,25,35,"Polyamide (naturally occurring)",0.91235335604251,"Comparstic LDIR F2Ba Au MP2 240925.xlsx",29.8541066072092,1.4,0.0423805576474923,"circle_calibrated",-2221.23869306931,-4121.20609504951,-1308.36787146557,-4636.90196644631,"landmark_ransac","256",4038.77388857488,-2311.51803430008,657.624,40.374,23.023,23.023,40.464,"Polyphenylene sulphide (PPS)",15.27,"Comparstic Raman F2Ba Au IAEA 240930.csv",-1318.30706448109,-4637.72239602588,1,234.212877585889,0.0425809066031406,FALSE
216,216,100,7.2143498033958,7.51555624600335,"A216",-3187.236,-4550.858,687.5,32,28,28,32,"Polyamide (naturally occurring)",0.952123909011037,"Comparstic LDIR F2Ba Au MP2 240925.xlsx",29.586351363516,0.888888905539498,0.0195773266367396,"circle_calibrated",-4613.75869306931,2607.22990495049,-3466.76225071261,1591.07934884256,"landmark_ransac","468",1893.48332912497,3910.80050299658,1345.732,41.59,41.334,41.334,42.874,"Polyamide (PA)",91.23,"Comparstic Raman F2Ba Au IAEA 240930.csv",-3463.597623931,1584.59614127078,1,150.374755879126,0.0479758039254597,FALSE
217,217,49,5.66167299717098,6.07408009820963,"A217",-2913.43,2580.006,687.5,53,22,22,53,"Polyethylene terephthalate",0.90668700525846,"Comparstic LDIR F2Ba Au MP2 240925.xlsx",29.586351363516,2.4444443959,0.0977019848788294,"circle_calibrated",2517.10530693069,2333.42390495049,3112.89311638574,1285.51072425743,"landmark_ransac","704",8472.29783576023,3616.87790025685,1859.341,75.74,33.749,33.749,75.736,"Polyethylene terephtalate (PET)",92.9,"Comparstic Raman F2Ba Au IAEA 240930.csv",3115.21688270426,1290.67353853105,1,223.86291672298,0.0252908033186087,FALSE
218,218,597,10.0178980131192,10.2991613335549,"A218",-2105.896,-2834.546,675,30,30,30,30,"Carbonate",0.739916183928179,"Comparstic LDIR F2Ba Au MP2 240925.xlsx",29.3161507141752,1,0.649888531902845,"circle_calibrated",-2897.44669306931,1525.8899049505,-1890.64525805957,580.297858329391,"landmark_ransac","442",3472.74325126752,2898.71935332834,319.337,29.72,13.515,13.515,29.781,"Polyether sulphone (PES)",12.86,"Comparstic Raman F2Ba Au IAEA 240930.csv",-1884.33770178845,572.514991602536,1,86.4765092762506,0.115845309864635,FALSE
219,219,189,8.13056597481773,8.13984316359474,"A219",941.096,-5456.932,675,35,25,25,35,"Polycarbonate",0.864297192693158,"Comparstic LDIR F2Ba Au MP2 240925.xlsx",29.3161507141752,0.714285714285714,0.026013580183287,"circle_calibrated",-5519.83269306931,-1521.10209504951,-4333.65217825493,-2212.59628969327,"landmark_ransac","719",1020.90060224141,105.880559717466,664.38,35.172,24.389,24.389,35.187,"Polyamide (PA)",87.21,"Comparstic Raman F2Ba Au IAEA 240930.csv",-4336.18035081456,-2220.32380200834,1,143.059819513963,0.0568333302980586,FALSE
220,220,644,12.1622618656339,12.3837213957621,"A220",3906.734,2530.476,675,30,30,30,30,"Polyamide (naturally occurring)",0.940643229375813,"Comparstic LDIR F2Ba Au MP2 240925.xlsx",29.3161507141752,1,0.68625617607372,"circle_calibrated",2467.57530693069,-4486.74009504951,3016.63072569528,-5009.03522042201,"landmark_ransac","546",8362.65092731631,-2677.77315255779,387.555,27.271,19.652,19.652,27.412,"Polyethylene (PE)",9.42,"Comparstic Raman F2Ba Au IAEA 240930.csv",3005.56997426034,-5003.97751428359,1,299.731267164583,0.040577220990947,FALSE
221,221,71,2.98989231053273,3.13382949520012,"A221",-44.5119999999997,3180.892,675,30,25,25,30,"Polyamide (naturally occurring)",0.866809520082321,"Comparstic LDIR F2Ba Au MP2 240925.xlsx",29.3161507141752,0.833333333333333,0.632188954803444,"circle_calibrated",3117.99130693069,-535.494095049505,3646.23955169249,-1366.91262457546,"landmark_ransac","703",9000.44001255818,960.093123929794,665.204,42.593,21.47,21.47,41.874,"Cellulose Acetate Butyrate (CAB)",92.14,"Comparstic Raman F2Ba Au IAEA 240930.csv",3643.35905950221,-1366.11123779601,1,93.2099366034226,0.0320769696824678,FALSE
222,222,593,9.91624789777944,10.1696746915208,"A222",-3945.032,-2720.432,675,30,25,25,30,"Polyamide (naturally occurring)",0.937795511675505,"Comparstic LDIR F2Ba Au MP2 240925.xlsx",29.3161507141752,1.2,0.649888531902845,"circle_calibrated",-2783.33269306931,3365.0259049505,-1771.68912204218,2276.94812384788,"landmark_ransac","612",3594.44557896444,4599.10753558433,388.049,33.222,21.615,21.118,37.311,"Polyphenylene sulphide (PPS)",13.07,"Comparstic Raman F2Ba Au IAEA 240930.csv",-1762.63537409153,2272.90317385853,1,210.741307560167,0.0470541253282692,FALSE
223,223,366,12.3489789928096,12.8607463868979,"A223",-3772.314,74.3340000000004,675,28,28,28,28,"Polyamide (naturally occurring)",0.959281921288804,"Comparstic LDIR F2Ba Au MP2 240925.xlsx",29.3161507141752,1,0.856554152976257,"circle_calibrated",11.4333069306935,3192.3079049505,806.559516827061,2096.81879147841,"landmark_ransac","757",6175.45343427265,4419.42438195634,1746.634,56.246,46.528,46.528,56.248,"Polyamide (PA)",56.57,"Comparstic Raman F2Ba Au IAEA 240930.csv",818.372481216677,2093.22002023054,1,187.803704769087,0.0657547145195737,FALSE
224,224,638,4.03566728381544,4.19571001980002,"A224",1098.89,-851.136,675,42,22,22,42,"Rubber",0.805345164262843,"Comparstic LDIR F2Ba Au MP2 240925.xlsx",29.3161507141752,0.526315765845089,0.475649443535568,"circle_calibrated",-914.036693069307,-1678.89609504951,-83.7383552885855,-2392.37324009149,"landmark_ransac","81",5270.14885513096,-68.6359856592462,625.328,28.696,28.162,28.162,31.064,"Polyethylene terephtalate (PET)",9.77,"Comparstic Raman F2Ba Au IAEA 240930.csv",-86.9320979250124,-2394.84034738505,1,72.6360262943981,0.0555601330317635,FALSE
225,225,62,6.08374640492317,6.12190244391123,"A225",-2917.434,-2017.86,662.5,35,25,25,35,"Polyamide (naturally occurring)",0.922057074096031,"Comparstic LDIR F2Ba Au MP2 240925.xlsx",29.0434364080259,1.42857153866933,0.109863157989237,"circle_calibrated",-2080.76069306931,2337.42790495049,-1130.84122903468,1323.28294983268,"landmark_ransac","684",4232.2346642063,3648.45161734803,738.035,35.172,26.443,26.443,34.91,"Cellulose Acetate Butyrate (CAB)",92.4,"Comparstic Raman F2Ba Au IAEA 240930.csv",-1124.84628884967,1322.24725562223,1,221.831050750893,0.0274251345081306,FALSE
226,226,731,0.468435545242236,0.621925397291516,"A226",993.044,2028.988,662.5,30,25,25,30,"Cellulosic",0.857929704870774,"Comparstic LDIR F2Ba Au MP2 240925.xlsx",29.0434364080259,1.2,0.744525084197695,"circle_calibrated",1966.08730693069,-1573.05009504951,2575.3590340347,-2316.02463879264,"landmark_ransac","5",7932.67430729277,10.5853408604453,537.831,35.902,22.365,22.234,37.345,"Polytetrafluoroethylene (PTFE)",4.22,"Comparstic Raman F2Ba Au IAEA 240930.csv",2575.5933542368,-2315.61902086536,1,240.93705931774,0.00194422371788177,FALSE
227,227,205,5.35584359152143,5.50920825232995,"A227",-949.91,-4701.554,662.5,35,25,25,35,"Polyethylene terephthalate",0.879502786203839,"Comparstic LDIR F2Ba Au MP2 240925.xlsx",29.0434364080259,0.714285714285714,0.0806527202566842,"circle_calibrated",-4764.45469306931,369.903904950495,-3622.43418777695,-472.82342153674,"landmark_ransac","591",1737.33694641949,1848.74974315068,905.778,39.537,32.605,32.605,40.82,"Cellulose Acetate Butyrate (CAB)",86.37,"Comparstic Raman F2Ba Au IAEA 240930.csv",-3619.74400663648,-477.454618575124,1,140.439336687557,0.0381363492440644,FALSE
228,228,148,3.45977698283502,3.53406945534663,"A228",1070.368,839.280000000001,662.5,35,25,25,35,"Polyamide (naturally occurring)",0.91486452605047,"Comparstic LDIR F2Ba Au MP2 240925.xlsx",29.0434364080259,1.4,0.0915817907888741,"circle_calibrated",776.379306930694,-1650.3740950495,1476.70262608131,-2378.57618245182,"landmark_ransac","59",6831.03861460227,-50.2658229880135,776.923,35.346,30.411,30.411,36.128,"Cellulose Acetate Butyrate (CAB)",89.94,"Comparstic Raman F2Ba Au IAEA 240930.csv",1473.9576615463,-2376.47018471382,1,79.8689584326799,0.0433181682937709,FALSE
229,229,282,5.99745802080692,6.0841020348012,"A229",827.762,1561.456,662.5,30,25,25,30,"Rubber",0.70451537726586,"Comparstic LDIR F2Ba Au MP2 240925.xlsx",29.0434364080259,0.833333333333333,0.579010645720122,"circle_calibrated",1498.55530693069,-1407.7680950495,2145.05870929016,-2160.00667268681,"landmark_ransac","678",7496.38294385099,167.879858732877,593.856,33.888,23.363,23.363,33.888,"Polyacrylamide/acrylate",77.05,"Comparstic Raman F2Ba Au IAEA 240930.csv",2139.30199079502,-2158.32450299293,1,304.88930756469,0.01967093588395,FALSE
230,230,588,4.79319851590998,4.92003806963718,"A230",862.576000000001,-536.354,662.5,30,30,30,30,"Chitin",0.828103633690543,"Comparstic LDIR F2Ba Au MP2 240925.xlsx",29.0434364080259,1,0.579010645720122,"circle_calibrated",-599.254693069307,-1442.58209504951,208.552307715304,-2176.59179861248,"landmark_ransac","694",5561.2011199533,147.787493311216,833.935,33.87,32.148,30.551,35.763,"Polycarbonate (PC)",13.47,"Comparstic Raman F2Ba Au IAEA 240930.csv",204.120166897327,-2178.41686841459,1,175.521714792125,0.0273082935726026,FALSE
231,231,781,3.51276386792022,3.67825994654284,"A231",804.336,-882.986,662.5,30,25,25,30,"Polyamide (naturally occurring)",0.967814555602615,"Comparstic LDIR F2Ba Au MP2 240925.xlsx",29.0434364080259,1.2,0.579010645720122,"circle_calibrated",-945.886693069307,-1384.34209504951,-110.952390621652,-2120.26809244951,"landmark_ransac","643",5243.16767870758,204.046116491866,415.897,28.703,19.518,19.518,29.267,"Polyethylene naphtalate (PEN)",1.24,"Comparstic Raman F2Ba Au IAEA 240930.csv",-113.913274348392,-2122.15824523394,1,108.520021169311,0.0323697307655299,FALSE
232,232,542,3.72962118976796,4.05380571821623,"A232",-1289.262,-178.828000000001,650,30,30,30,30,"Polyamide (naturally occurring)",0.915708199824675,"Comparstic LDIR F2Ba Au MP2 240925.xlsx",28.768136958758,1,0.830837404884826,"circle_calibrated",-241.728693069307,709.255904950495,554.491767310868,-193.126117956286,"landmark_ransac","331",5908.5120079563,2135.20946730522,1179.472,44.899,34.391,34.391,45.058,"Polycarbonate (PC)",17.03,"Comparstic Raman F2Ba Au IAEA 240930.csv",551.431054900328,-190.994894420583,1,409.166227442164,0.00911517358869786,FALSE
233,233,626,191.165693443563,191.302020773301,"A233",3225.56,3213.054,650,38,25,25,38,"Polyamide (naturally occurring)",0.901091221197316,"Comparstic LDIR F2Ba Au MP2 240925.xlsx",28.768136958758,1.54545430753316,0.0706352598529756,"circle_calibrated",3150.15330693069,-3805.5660950495,3651.68882562412,-4385.38029410384,"landmark_ransac","218",8959.1071465479,-2243.77805944991,529.593,45.493,24.246,24.246,45.78,"Polyacrylamide/acrylate",10.76,"Comparstic Raman F2Ba Au IAEA 240930.csv",3602.02619349193,-4569.98242117571,0,358.540524870975,0.53317736819947,FALSE
234,234,740,4.17167306361377,4.26153691230947,"A234",-3817.84,-2062.736,650,28,28,28,28,"Polyamide (naturally occurring)",0.944869669401983,"Comparstic LDIR F2Ba Au MP2 240925.xlsx",28.768136958758,1,1.63954044592647,"circle_calibrated",-2125.63669306931,3237.8339049505,-1165.58786734808,2154.67729840172,"landmark_ransac","710",4195.49433886384,4479.70147822132,539.15,28.009,25.167,24.067,30.294,"Polyvinyl Chloride (PVC)",3.96,"Comparstic Raman F2Ba Au IAEA 240930.csv",-1161.58661419213,2153.49711649552,1,91.6089018954189,0.0455378568818145,FALSE
235,235,568,10.3695421010309,10.5207368828727,"A235",1935.44,-4618.562,637.5,39,21,21,39,"Polyamide (naturally occurring)",0.949812015469865,"Comparstic LDIR F2Ba Au MP2 240925.xlsx",28.490177426065,1.8333333707972,0.0467217166474425,"circle_calibrated",-4681.46269306931,-2515.44609504951,-3567.21823088179,-3136.57495353274,"landmark_ransac","663",1783.26235309757,-818.368249678939,865.737,47.285,25.699,25.699,47.391,"Polyphenylene sulphide (PPS)",15.45,"Comparstic Raman F2Ba Au IAEA 240930.csv",-3573.8185999584,-3144.57261140474,1,165.935388768443,0.0624914442783582,FALSE
236,236,96,5.16652193478224,5.55966996762563,"A236",-912.47,-1786.798,637.5,35,25,25,35,"Polyamide (naturally occurring)",0.915357706517027,"Comparstic LDIR F2Ba Au MP2 240925.xlsx",28.490177426065,1.42857153866933,0.0313755233246722,"circle_calibrated",-1849.69869306931,332.463904950495,-932.433910657384,-528.982403532248,"landmark_ransac","627",4429.71391292205,1798.23179580479,1418.234,56.172,40.244,40.237,58.278,"Cellulose Acetate Butyrate (CAB)",91.38,"Comparstic Raman F2Ba Au IAEA 240930.csv",-927.367040133922,-527.972565921014,1,391.3572429757,0.0132015492941906,FALSE
237,237,430,8.52863670844051,8.6156236362103,"A237",-965.822,-4998.136,637.5,30,25,25,30,"Polyamide (naturally occurring)",0.969545731973827,"Comparstic LDIR F2Ba Au MP2 240925.xlsx",28.490177426065,0.833333333333333,0.811419319027725,"circle_calibrated",-5061.03669306931,385.815904950495,-3896.05716723041,-455.938789252947,"landmark_ransac","577",1462.93264151795,1861.95329757063,686.954,33.118,29.781,28.501,36.307,"Polyvinyl Chloride (PVC)",35.29,"Comparstic Raman F2Ba Au IAEA 240930.csv",-3894.14831153802,-464.251064155174,1,174.674818992969,0.0488257938815086,FALSE
238,238,716,2.10801696831218,2.32995646571846,"A238",-1787.942,1224.756,637.5,30,25,25,30,"Polyamide (naturally occurring)",0.909261335902999,"Comparstic LDIR F2Ba Au MP2 240925.xlsx",28.490177426065,1.2,0.686256176073719,"circle_calibrated",1161.85530693069,1207.9359049505,1853.67547420809,256.745819041197,"landmark_ransac","727",7212.79355761383,2582.40811483305,997.064,38.157,32.88,32.88,39.756,"Polyethylene naphtalate (PEN)",5.19,"Comparstic Raman F2Ba Au IAEA 240930.csv",1855.71260455786,256.203753107246,1,97.9443369373141,0.0215226018596802,FALSE
239,239,743,2.95372022548843,3.0199449360394,"A239",1129.622,-3458.702,637.5,30,25,25,30,"Cellulosic",0.944614896333655,"Comparstic LDIR F2Ba Au MP2 240925.xlsx",28.490177426065,0.833333333333333,0.686256176073719,"circle_calibrated",-3521.60269306931,-1709.6280950495,-2490.71194130474,-2401.41273689012,"landmark_ransac","88",2864.23161278293,-77.2469994113872,706.398,32.778,29.723,29.72,32.862,"Polyvinyl Chloride (PVC)",3.84,"Comparstic Raman F2Ba Au IAEA 240930.csv",-2492.84934027304,-2403.45136113719,1,491.950086562579,0.00600410551022983,FALSE
240,240,204,9.10729303987533,9.82936798979218,"A240",-5305.066,-599.923999999999,637.5,30,25,25,30,"Polyamide (naturally occurring)",0.948715287677415,"Comparstic LDIR F2Ba Au MP2 240925.xlsx",28.490177426065,1.2,0.78944041230895,"circle_calibrated",-662.824693069306,4725.0599049505,195.588932311531,3516.52397741974,"landmark_ransac","578",5561.77518753678,5842.53792139341,2588.314,74.965,45.955,45.642,75.097,"Polyamide (PA)",86.57,"Comparstic Raman F2Ba Au IAEA 240930.csv",204.694234480808,3516.33355966761,1,129.774065005649,0.0701780670851212,FALSE
241,241,730,355.725842215214,355.949120289837,"A241",-2536.976,-4286.204,637.5,30,25,25,30,"Polyamide (naturally occurring)",0.921882136678206,"Comparstic LDIR F2Ba Au MP2 240925.xlsx",28.490177426065,1.2,0.78944041230895,"circle_calibrated",-4349.10469306931,1956.9699049505,-3227.30975713128,988.937290275356,"landmark_ransac","679",2229.88693304192,3656.4885635167,363.498,25.943,19.24,19.237,25.93,"Polyether sulphone (PES)",4.24,"Comparstic Raman F2Ba Au IAEA 240930.csv",-3127.19402001405,1330.2842017909,0,491.953151668234,0.723088857158314,TRUE
242,242,139,0.589294802171756,0.76360635020596,"A242",-563.758,1343.524,637.5,32,28,28,32,"Polyamide (naturally occurring)",0.948076441487583,"Comparstic LDIR F2Ba Au MP2 240925.xlsx",28.490177426065,0.888888905539498,0.0158955086998496,"circle_calibrated",1280.62330693069,-16.2480950495052,1954.22371709889,-874.038597563537,"landmark_ransac","176",7310.95911438823,1452.64311055223,944.006,35.399,35.274,34.17,37.098,"Polyacrylamide/acrylate",90.31,"Comparstic Raman F2Ba Au IAEA 240930.csv",1953.87816133226,-873.561251173574,1,180.912912800856,0.00325733963954489,FALSE
243,243,252,10.091786003037,10.3363504876882,"A243",-1699.516,-1328.236,637.5,39,21,21,39,"Polyamide (naturally occurring)",0.914187638323926,"Comparstic LDIR F2Ba Au MP2 240925.xlsx",28.490177426065,1.8333333707972,0.0592392456721436,"circle_calibrated",-1391.13669306931,1119.5099049505,-503.354689619756,194.051122786823,"landmark_ransac","788",4856.82019502822,2510.64966689854,1124.931,44.154,31.431,31.406,46.047,"Polyacrylamide/acrylate",81.33,"Comparstic Raman F2Ba Au IAEA 240930.csv",-500.260758027753,184.445305172736,1,130.366996131622,0.0774105893553613,FALSE
244,244,599,5.71211240241149,5.94503380380847,"A244",936.676000000001,2284.62,637.5,39,21,21,39,"Polyamide (naturally occurring)",0.92180761624123,"Comparstic LDIR F2Ba Au MP2 240925.xlsx",28.490177426065,1.8333333707972,0.0812181523909181,"circle_calibrated",2221.71930693069,-1516.68209504951,2811.72144942969,-2265.89237675507,"landmark_ransac","749",8166.89388135099,65.6958288741434,1131.852,41.951,35.49,35.49,42.298,"Polyethylene terephtalate (PET)",12.67,"Comparstic Raman F2Ba Au IAEA 240930.csv",2809.81292829502,-2260.50853285166,1,241.307307129099,0.0236715268607905,FALSE
245,245,142,9.80415641604384,9.90944576105794,"A245",4506.034,1997.866,625,32,25,25,32,"Polyamide (naturally occurring)",0.947139047880254,"Comparstic LDIR F2Ba Au MP2 240925.xlsx",28.2094791773878,1.28571442333666,0.0175990866246332,"circle_calibrated",1934.96530693069,-5086.04009504951,2520.59772773415,-5558.23309706101,"landmark_ransac","57",7869.52687311041,-3226.58176236087,737.376,37.349,26.379,26.379,37.314,"Cellulose Acetate Butyrate (CAB)",90.12,"Comparstic Raman F2Ba Au IAEA 240930.csv",2512.44592005444,-5552.78612408667,1,262.870929996221,0.037296464908405,FALSE
246,246,143,4.75715937232617,4.88685392532862,"A246",437.944,-1743.742,625,28,28,28,28,"Polyamide (naturally occurring)",0.950522771750033,"Comparstic LDIR F2Ba Au MP2 240925.xlsx",28.2094791773878,1,0.404899662398717,"circle_calibrated",-1806.64269306931,-1017.95009504951,-902.702292185715,-1775.71415862919,"landmark_ransac","291",4450.38034592719,547.912598994007,593.856,35.246,21.609,21.609,36.033,"Cellulose Acetate Butyrate (CAB)",90.11,"Comparstic Raman F2Ba Au IAEA 240930.csv",-906.700607128782,-1778.2917627318,1,314.275893858655,0.0151368891642249,FALSE
247,247,55,2.90587521660788,2.98702773885726,"A247",501.566,-2080.078,625,30,25,25,30,"Polyamide (naturally occurring)",0.95757956575154,"Comparstic LDIR F2Ba Au MP2 240925.xlsx",28.2094791773878,1.2,0.0397645850828523,"circle_calibrated",-2142.97869306931,-1081.5720950495,-1213.60709814079,-1831.94362901965,"landmark_ransac","357",4145.55045910142,492.228043396833,535.36,29.277,23.537,23.307,33.286,"Polyacrylamide/acrylate",92.74,"Comparstic Raman F2Ba Au IAEA 240930.csv",-1211.53049395455,-1833.97631832897,1,311.560775742827,0.00932683265305027,FALSE
248,248,642,228.021543646394,228.242687315923,"A248",-5382.442,1365.65,625,30,25,25,30,"Polyamide (naturally occurring)",0.97276566394641,"Comparstic LDIR F2Ba Au MP2 240925.xlsx",28.2094791773878,0.833333333333333,0.503934619279764,"circle_calibrated",1302.74930693069,4802.43590495049,2010.35885632186,3573.37326858529,"landmark_ransac","482",7557.80817528292,6025.09141293878,340.594,27.717,18.842,18.842,28.009,"Polyether sulphone (PES)",9.59,"Comparstic Raman F2Ba Au IAEA 240930.csv",2200.72722222695,3698.88705121298,0,137.513813341446,1.65817191819282,TRUE
249,249,664,191.220502859864,191.292018468728,"A249",-4097.262,68.8739999999994,625,35,20,20,35,"Polyamide (naturally occurring)",0.903985177441214,"Comparstic LDIR F2Ba Au MP2 240925.xlsx",28.2094791773878,0.571428571428571,0.0223838121327082,"circle_calibrated",5.97330693069254,3517.25590495049,803.9283328474,2396.78157620651,"landmark_ransac","426",6024.47365981846,4856.86388056507,619.066,29.524,27.47,27.47,31.662,"Polyphenylene sulphide (PPS)",8.73,"Comparstic Raman F2Ba Au IAEA 240930.csv",667.392706762487,2530.65951883927,0,144.766627421729,1.32088801311097,TRUE
250,250,46,2.98781863182393,3.15422319525389,"A250",-410.176000000001,3516.058,625,39,25,25,39,"Cellulosic",0.883321038884495,"Comparstic LDIR F2Ba Au MP2 240925.xlsx",28.2094791773878,0.636363602924814,0.0614155250947384,"circle_calibrated",3453.15730693069,-169.830095049504,3958.30301644453,-1031.89407204706,"landmark_ransac","319",9317.89938622042,1295.92266026327,987.013,37.866,34.207,34.207,39.037,"Cellulose Acetate Butyrate (CAB)",92.99,"Comparstic Raman F2Ba Au IAEA 240930.csv",3960.81843316445,-1030.28170146253,1,135.224285667067,0.0220952813104902,FALSE
251,251,775,8.69391551496961,8.86023213997787,"A251",3654.976,3819.192,625,30,25,25,30,"Polyamide (naturally occurring)",0.945224783067511,"Comparstic LDIR F2Ba Au MP2 240925.xlsx",28.2094791773878,1.2,0.520741737596146,"circle_calibrated",3756.29130693069,-4234.98209504951,4207.96288894118,-4786.21739714017,"landmark_ransac","364",9561.30404161426,-2452.16459225171,395.135,28.212,19.113,19.079,29.011,"Polytetrafluoroethylene (PTFE)",1.59,"Comparstic Raman F2Ba Au IAEA 240930.csv",4204.22308855829,-4778.36895397751,1,123.43263051851,0.070434499195623,FALSE
252,252,25,12.254248476159,12.3858760301139,"A252",5880.29,-1460.602,625,40,20,20,40,"Polyamide (naturally occurring)",0.959672078576031,"Comparstic LDIR F2Ba Au MP2 240925.xlsx",28.2094791773878,2,0.100078578977159,"circle_calibrated",-1523.50269306931,-6460.2960950495,-681.703519190574,-6801.01950435344,"landmark_ransac","682",4663.93348698027,-4479.19722950557,761.434,32.722,29.852,29.194,36.533,"Polyacrylamide/acrylate",93.55,"Comparstic Raman F2Ba Au IAEA 240930.csv",-693.147466075703,-6805.40159123137,1,322.636878482567,0.0379815492072496,FALSE
253,253,525,15.0327517257655,15.3425084820987,"A253",2630.316,4172.584,612.5,30,25,25,30,"Polyamide (naturally occurring)",0.957048639492698,"Comparstic LDIR F2Ba Au MP2 240925.xlsx",27.9259596281003,1.2,0.666053468756199,"circle_calibrated",4109.68330693069,-3210.3220950495,4541.73276714824,-3843.09011882664,"landmark_ransac","359",9889.67069936254,-1504.95307951627,341.418,41.119,19.29,19.29,40.593,"Polyphenylene sulphide (PPS)",18.69,"Comparstic Raman F2Ba Au IAEA 240930.csv",4532.58974630657,-3831.15744124207,1,193.047177279541,0.0778708704142172,FALSE
254,254,116,12.1780496521616,12.7005544305521,"A254",1973.92,-3227.77,612.5,35,20,20,35,"Polyamide (naturally occurring)",0.948804958581335,"Comparstic LDIR F2Ba Au MP2 240925.xlsx",27.9259596281003,0.571428571428571,0.0353333121320887,"circle_calibrated",-3290.67069306931,-2553.9260950495,-2283.82245933106,-3182.39914460198,"landmark_ransac","689",3072.04407800125,-868.312129441353,1900.371,54.85,49.364,49.364,57.002,"Cellulose Acetate Butyrate (CAB)",91,"Comparstic Raman F2Ba Au IAEA 240930.csv",-2285.03687505472,-3194.51649116716,1,180.392538719436,0.0675086106033583,FALSE
255,255,425,1.42070804775367,1.4411644038355,"A255",300.716,503.1,612.5,30,25,25,30,"Polyamide (naturally occurring)",0.918731642282479,"Comparstic LDIR F2Ba Au MP2 240925.xlsx",27.9259596281003,1.2,0.0306117139519175,"circle_calibrated",440.199306930693,-880.722095049505,1172.11752686282,-1665.70692213016,"landmark_ransac","183",6527.93093052693,659.855777771832,615.112,29.76,26.333,26.117,31.366,"Polyacrylamide/acrylate",36.55,"Comparstic Raman F2Ba Au IAEA 240930.csv",1170.84997747096,-1666.34858395397,1,317.094902874127,0.00448038752712978,FALSE
256,256,577,6.32743682535814,6.41143277770495,"A256",1878.11,1487.746,612.5,30,25,25,30,"Polyamide (naturally occurring)",0.953831033312895,"Comparstic LDIR F2Ba Au MP2 240925.xlsx",27.9259596281003,1.2,0.450942089139254,"circle_calibrated",1424.84530693069,-2458.11609504951,2069.24090044362,-3128.91643778286,"landmark_ransac","652",7420.60602283215,-799.998087007705,660.425,35.047,24.568,24.568,34.915,"Polyacrylamide/acrylate",14.46,"Comparstic Raman F2Ba Au IAEA 240930.csv",2063.52506977618,-3126.20244873351,1,163.639306020592,0.0386669742082743,FALSE
257,257,331,8.90720746303467,9.03414673694093,"A257",-2261.272,-3340.766,612.5,30,25,25,30,"Polyethylene terephthalate",0.724431794959143,"Comparstic LDIR F2Ba Au MP2 240925.xlsx",27.9259596281003,0.833333333333333,0.816876358490783,"circle_calibrated",-3403.66669306931,1681.2659049505,-2356.72746621348,727.459461238936,"landmark_ransac","340",3004.30410315108,3045.6806546982,498.12,34.051,20.281,20.281,33.87,"Polyacrylamide/acrylate",65.53,"Comparstic Raman F2Ba Au IAEA 240930.csv",-2352.77684990489,719.476292972397,1,251.482910634199,0.0354187385559208,FALSE
258,258,107,8.66231391104494,8.73693341088473,"A258",-31.1219999999995,-4248.842,600,32,25,25,32,"Polyamide (naturally occurring)",0.928027954200423,"Comparstic LDIR F2Ba Au MP2 240925.xlsx",27.6395319577068,1.28571423066534,0.021228854675212,"circle_calibrated",-4311.74269306931,-548.884095049506,-3211.39703833964,-1324.20672387709,"landmark_ransac","669",2146.6471334379,993.389043771404,670.312,35.722,25.573,25.573,35.722,"Cellulose Acetate Butyrate (CAB)",91.08,"Comparstic Raman F2Ba Au IAEA 240930.csv",-3210.43381961807,-1332.8153179544,2,44.3778637544227,0.195194477115444,FALSE
259,259,91,6.01281030036732,6.1846001570774,"A259",2282.15,1303.562,600,35,21,21,35,"Polyamide (naturally occurring)",0.924933895428387,"Comparstic LDIR F2Ba Au MP2 240925.xlsx",27.6395319577068,0.599999973026017,0.0374422760069102,"circle_calibrated",1240.66130693069,-2862.1560950495,1896.24722504512,-3500.47447188055,"landmark_ransac","98",7248.38574778934,-1170.84574593322,783.843,36.166,33.87,29.436,42.137,"Cellulose Acetate Butyrate (CAB)",91.51,"Comparstic Raman F2Ba Au IAEA 240930.csv",1891.30479473337,-3497.05010765902,1,194.272356547672,0.0309504162466462,FALSE
260,260,625,6.2174262806634,6.38821076909882,"A260",-2281.292,4019.132,600,30,25,25,30,"Sand",0.770421172824445,"Comparstic LDIR F2Ba Au MP2 240925.xlsx",27.6395319577068,1.2,0.466750829244898,"circle_calibrated",3956.23130693069,1701.2859049505,4436.50064032982,691.390536974312,"landmark_ransac","355",9797.81988600638,3022.14388377569,738.859,39.098,28.002,26.966,41.077,"Polycarbonate (PC)",10.8,"Comparstic Raman F2Ba Au IAEA 240930.csv",4440.73893295041,695.939522049886,1,339.254604005683,0.0183267263207407,FALSE
261,261,776,5.79067432670487,5.83021044968588,"A261",1387.126,2427.23,600,30,25,25,30,"Polyamide (naturally occurring)",0.967622113903948,"Comparstic LDIR F2Ba Au MP2 240925.xlsx",27.6395319577068,0.833333333333333,0.0438939784248644,"circle_calibrated",2364.32930693069,-1967.13209504951,2940.00996119313,-2682.70817038255,"landmark_ransac","318",8293.18874971571,-352.225371896404,629.283,30.426,28.129,28.129,31.578,"Polytetrafluoroethylene (PTFE)",1.55,"Comparstic Raman F2Ba Au IAEA 240930.csv",2936.10779665974,-2678.42973362221,1,262.996597347287,0.0220180579715193,FALSE
262,262,573,8.96742964334588,9.14786560252155,"A262",-5990.348,25.7139999999997,600,35,25,25,35,"Polyamide (naturally occurring)",0.951555409422418,"Comparstic LDIR F2Ba Au MP2 240925.xlsx",27.6395319577068,1.4,0.026013580183287,"circle_calibrated",-37.1866930693072,5410.34190495049,778.122679269227,4144.39253321427,"landmark_ransac","243",6143.87971718147,6472.86412805009,728.478,47.068,23.313,23.291,47.493,"Polyacrylamide/acrylate",15.03,"Comparstic Raman F2Ba Au IAEA 240930.csv",786.798764125498,4146.65976632429,1,245.658517143812,0.0365036382520221,FALSE
263,263,303,11.7575688136517,12.0079538616522,"A263",-2673.502,4016.298,600,30,25,25,30,"Polyamide (naturally occurring)",0.949210424715306,"Comparstic LDIR F2Ba Au MP2 240925.xlsx",27.6395319577068,1.2,0.502468911846977,"circle_calibrated",3953.39730693069,2093.4959049505,4436.79172159297,1053.41571552323,"landmark_ransac","73",9797.81988600638,3390.69527236729,319.502,32.068,22.732,22.732,35.018,"Polyacrylamide/acrylate",72.1,"Comparstic Raman F2Ba Au IAEA 240930.csv",4440.73893295041,1064.49091064149,1,303.19213209856,0.0387792675630171,FALSE
264,264,20,3.60571088994075,3.70066106824239,"A264",-616.226000000001,-966.966,600,30,25,25,30,"Polyamide (naturally occurring)",0.972102100468779,"Comparstic LDIR F2Ba Au MP2 240925.xlsx",27.6395319577068,1.2,0.0671508405891315,"circle_calibrated",-1029.86669306931,36.2199049504956,-177.936376616295,-808.487440985759,"landmark_ransac","106",5181.74244727565,1515.21647715111,712.66,32.274,28.897,28.703,33.87,"Cellulose Acetate Butyrate (CAB)",93.94,"Comparstic Raman F2Ba Au IAEA 240930.csv",-175.338505780323,-810.987884574694,1,483.719987610289,0.00745412838479956,FALSE
265,265,752,11.5472937822653,11.6789472838586,"A265",-4390.88,-2325.596,600,30,25,25,30,"Polyamide (naturally occurring)",0.935189290172542,"Comparstic LDIR F2Ba Au MP2 240925.xlsx",27.6395319577068,1.2,0.0909614892828499,"circle_calibrated",-2388.49669306931,3810.8739049505,-1403.95683255514,2685.5331143776,"landmark_ransac","299",3957.25629172129,5000.95484401755,448.358,25.99,23.877,23.537,26.7,"Polytetrafluoroethylene (PTFE)",3.2,"Comparstic Raman F2Ba Au IAEA 240930.csv",-1399.82466133468,2674.75048229175,1,370.167815898109,0.0311947535315814,FALSE
266,266,482,9.89256192979678,9.99783143269395,"A266",4092.114,-2923.076,600,30,25,25,30,"Polyamide (naturally occurring)",0.958380848164594,"Comparstic LDIR F2Ba Au MP2 240925.xlsx",27.6395319577068,0.833333333333333,0.398928232906137,"circle_calibrated",-2985.97669306931,-4672.1200950495,-2018.29305868046,-5139.71987096562,"landmark_ransac","623",3332.67076089937,-2821.2900484268,702.608,35.316,26.791,26.791,35.316,"Polyvinyl Chloride (PVC)",24.98,"Comparstic Raman F2Ba Au IAEA 240930.csv",-2024.4101921566,-5147.4944101526,1,200.553928987018,0.0493261936066939,FALSE
267,267,383,9.74626359553526,9.83663028645717,"A267",-452.478000000001,-5857.722,600,30,25,25,30,"Polyamide (naturally occurring)",0.9649490125108,"Comparstic LDIR F2Ba Au MP2 240925.xlsx",27.6395319577068,1.2,0.398928232906137,"circle_calibrated",-5920.62269306931,-127.528095049504,-4693.24724478659,-923.377169708729,"landmark_ransac","240",660.960227401941,1393.51414945419,490.376,31,20.666,20.666,31,"Polyvinyl Chloride (PVC)",51.86,"Comparstic Raman F2Ba Au IAEA 240930.csv",-4696.12072565403,-932.690212271614,1,302.301746533874,0.0322401828877399,FALSE
268,268,491,5.90564171970395,5.97718717169883,"A268",3676.946,703.014,600,30,25,25,30,"Polyamide (naturally occurring)",0.97133510260454,"Comparstic LDIR F2Ba Au MP2 240925.xlsx",27.6395319577068,1.2,0.398928232906137,"circle_calibrated",640.113306930693,-4256.95209504951,1331.61269930687,-4783.40017092687,"landmark_ransac","365",6682.92917806546,-2458.47933566995,626.976,29.157,29.06,26.71,34.504,"Polyvinyl Chloride (PVC)",23.18,"Comparstic Raman F2Ba Au IAEA 240930.csv",1325.84822500949,-4784.68369739575,1,262.260768650608,0.0225182048771146,FALSE
269,269,260,734.83412810607,735.031498248538,"A269",965.588,1941.836,600,30,25,25,30,"Polyamide (naturally occurring)",0.957101745689369,"Comparstic LDIR F2Ba Au MP2 240925.xlsx",27.6395319577068,1.2,0.449359086533028,"circle_calibrated",1878.93530693069,-1545.59409504951,2495.12248189603,-2290.0372289733,"landmark_ransac","160",7142.75731242976,-155.320190764127,370.089,30.834,21.621,21.37,33.888,"Polyacrylamide/acrylate",80.71,"Comparstic Raman F2Ba Au IAEA 240930.csv",1785.67635937379,-2481.52455248993,0,84.4392643957361,8.70251693172231,TRUE
270,270,723,87.6306493879267,87.704379001071,"A270",-379.521999999999,1176.968,600,36,28,28,36,"Polyamide (naturally occurring)",0.937971985734079,"Comparstic LDIR F2Ba Au MP2 240925.xlsx",27.6395319577068,0.785714295171479,0.0400990186666352,"circle_calibrated",1114.06730693069,-200.484095049506,1799.1294853188,-1042.85135708372,"landmark_ransac","380",7237.4784637033,1250.57132116866,654.164,37.771,28.725,28.725,41.907,"Polyvinyl Chloride (PVC)",4.61,"Comparstic Raman F2Ba Au IAEA 240930.csv",1880.39751064733,-1075.63304055714,0,52.941080800883,1.65524859074024,TRUE
271,271,213,9.8712321518327,9.96758795142665,"A271",-2978.456,-3846.856,587.5,35,20,20,35,"Cellulosic",0.957588050747499,"Comparstic LDIR F2Ba Au MP2 240925.xlsx",27.3501047992857,0.571428571428571,0.231858898152038,"circle_calibrated",-3909.75669306931,2398.4499049505,-2818.52590643393,1393.16078386833,"landmark_ransac","625",2546.77223912069,3713.8953218643,711.836,32.564,27.373,26.791,34.222,"Polyacrylamide/acrylate",85.48,"Comparstic Raman F2Ba Au IAEA 240930.csv",-2810.30871393528,1387.6909601385,1,288.005004028148,0.0342745161152406,FALSE
272,272,67,3.42558444544779,3.47664532251957,"A272",568.23,-1307.072,587.5,35,25,25,35,"Polyamide (naturally occurring)",0.969211173944635,"Comparstic LDIR F2Ba Au MP2 240925.xlsx",27.3501047992857,0.714285714285714,0.0679710430469218,"circle_calibrated",-1369.97269306931,-1148.23609504951,-500.627779332052,-1899.20259094104,"landmark_ransac","422",4853.37578952736,428.506541630994,609.674,31.067,25.938,25.868,32.148,"Cellulose Acetate Butyrate (CAB)",92.3,"Comparstic Raman F2Ba Au IAEA 240930.csv",-503.705163528613,-1897.69782009481,1,237.738435284061,0.0144090476634741,FALSE
273,273,510,155.783570232714,156.033933053747,"A273",253.448,4835.844,587.5,48,22,22,48,"Polyamide (naturally occurring)",0.93235243343228,"Comparstic LDIR F2Ba Au MP2 240925.xlsx",27.3501047992857,0.448979610064654,0.172352675252725,"circle_calibrated",4772.94330693069,-833.454095049505,5171.52808605506,-1654.19090770291,"landmark_ransac","313",10592.9034891207,530.11650390625,450.17,30.135,19.969,19.969,30.135,"Polyether sulphone (PES)",20.09,"Comparstic Raman F2Ba Au IAEA 240930.csv",5235.82253606473,-1796.08785781955,0,228.688980757544,0.681202783433959,FALSE
274,274,47,5.24155967778955,5.391944932988,"A274",4349.956,59.9559999999999,587.5,30,25,25,30,"Polyamide (naturally occurring)",0.863885628334836,"Comparstic LDIR F2Ba Au MP2 240925.xlsx",27.3501047992857,1.2,0.409269392738687,"circle_calibrated",-2.94469306930704,-4929.96209504951,733.091496144285,-5399.81274120946,"landmark_ransac","761",6085.32482366692,-3075.60198790668,738.365,33.385,32.288,32.288,37.63,"Cellulose Acetate Butyrate (CAB)",92.98,"Comparstic Raman F2Ba Au IAEA 240930.csv",728.243870610947,-5401.80634963248,1,168.994223729177,0.0310162061289707,FALSE
275,275,419,9.56623391187814,9.71663411239141,"A275",-3667.352,3628.742,587.5,36,22,22,36,"Polyamide (naturally occurring)",0.917005215195633,"Comparstic LDIR F2Ba Au MP2 240925.xlsx",27.3501047992857,0.608695617968431,0.08205648153027,"circle_calibrated",3565.84130693069,3087.34590495049,4086.44893463285,1973.59726481852,"landmark_ransac","95",9449.93493041991,4306.90713559503,822.566,34.835,31.098,29.57,38.212,"Polyacrylamide/acrylate",37.47,"Comparstic Raman F2Ba Au IAEA 240930.csv",4092.85397736394,1980.70277386923,1,255.750537783509,0.0374045505232755,FALSE
276,276,122,5.77378206689734,5.82876670878363,"A276",-3430.83,2114.892,587.5,30,25,25,30,"Polyamide (naturally occurring)",0.93402509159184,"Comparstic LDIR F2Ba Au MP2 240925.xlsx",27.3501047992857,0.833333333333333,1.10241657329863,"circle_calibrated",2051.99130693069,2850.8239049505,2687.4342556118,1766.51060636974,"landmark_ransac","284",8049.78409432188,4095.07619729238,603.083,29.84,27.856,25.67,33.87,"Polyamide (PA)",90.86,"Comparstic Raman F2Ba Au IAEA 240930.csv",2692.70314126591,1768.87183556658,1,189.546007440009,0.030461111499406,FALSE
277,277,462,5.59430223802377,5.82988934875538,"A277",-1412.112,-2817.802,587.5,28,25,25,28,"Polyamide (naturally occurring)",0.967805796044635,"Comparstic LDIR F2Ba Au MP2 240925.xlsx",27.3501047992857,1.14285711533267,0.312252600013876,"circle_calibrated",-2880.70269306931,832.105904950495,-1880.3326932879,-60.1788662508483,"landmark_ransac","215",3479.05799468576,2260.93026808647,862.442,38.014,29.857,29.857,40.185,"Polyacrylamide/acrylate",28.84,"Comparstic Raman F2Ba Au IAEA 240930.csv",-1878.02295837021,-65.2740936393338,1,291.532119571557,0.0191893169309965,FALSE
278,278,258,1.90546760573935,1.99189837488505,"A278",-2986.23,1216.176,587.5,36,24,24,36,"Polyamide (naturally occurring)",0.929661223515047,"Comparstic LDIR F2Ba Au MP2 240925.xlsx",27.3501047992857,0.652173904492108,0.129684530519525,"circle_calibrated",1153.27530693069,2406.2239049505,1854.63724106908,1362.81195448644,"landmark_ransac","636",7213.36762519731,3688.06228060788,646.914,40.083,20.975,20.975,40.593,"Polyacrylamide/acrylate",80.84,"Comparstic Raman F2Ba Au IAEA 240930.csv",1856.28667214134,1361.85791888208,1,172.266671248794,0.0110611506678932,FALSE
279,279,19,8.31121397754027,8.48567285876178,"A279",-2710.708,-1913.496,587.5,36,22,22,36,"Polyethylene terephthalate",0.933458855729851,"Comparstic LDIR F2Ba Au MP2 240925.xlsx",27.3501047992857,1.62499998656827,0.141954623111339,"circle_calibrated",-1976.39669306931,2130.7019049505,-1036.04688947917,1131.70435004188,"landmark_ransac","23",4326.38174789637,3451.54643621575,879.414,37.036,30.185,29.633,39.578,"Cellulose Acetate Butyrate (CAB)",93.97,"Comparstic Raman F2Ba Au IAEA 240930.csv",-1030.6992051596,1125.34207448995,1,210.218772224469,0.0395360218766079,FALSE
280,280,16,5.66944660060131,5.75537887686278,"A280",2725.918,874.77,587.5,36,24,24,36,"Polyamide (naturally occurring)",0.951151784209478,"Comparstic LDIR F2Ba Au MP2 240925.xlsx",27.3501047992857,1.53333335343856,0.192598355930094,"circle_calibrated",811.869306930693,-3305.9240950495,1497.18945287223,-3906.88799114567,"landmark_ransac","423",6849.40877727351,-1583.60033845248,748.746,35.707,27.265,27.265,35.942,"Cellulose Acetate Butyrate (CAB)",94.37,"Comparstic Raman F2Ba Au IAEA 240930.csv",1492.32782421754,-3909.80470017828,1,60.2418449578579,0.0941114370678281,FALSE
281,281,388,5.66119458636555,5.95100040772808,"A281",-3653.962,3901.69,575,46,25,25,46,"Polyamide (naturally occurring)",0.970070997757321,"Comparstic LDIR F2Ba Au MP2 240925.xlsx",27.05758189903,0.538461474617794,0.153664214401425,"circle_calibrated",3838.78930693069,3073.9559049505,4338.27676440155,1959.2155630288,"landmark_ransac","120",9699.0802616485,4289.68510809075,1210.78,40.795,37.732,37.314,42.298,"Polyethylene terephtalate (PET)",51.07,"Comparstic Raman F2Ba Au IAEA 240930.csv",4341.99930859253,1963.48074636495,1,57.5618235486606,0.0983498130767138,FALSE
282,282,670,5.89351540515508,6.16008914418393,"A282",-3250.676,214.63,575,35,21,21,35,"Cellulosic",0.913497830375121,"Comparstic LDIR F2Ba Au MP2 240925.xlsx",27.05758189903,0.599999973026017,0.029973981399384,"circle_calibrated",151.729306930694,2670.6699049505,932.184637720497,1614.31465028515,"landmark_ransac","439",6294.85949163567,3942.37422008776,1081.265,41.027,33.584,33.555,41.405,"Polycarbonate (PC)",8.49,"Comparstic Raman F2Ba Au IAEA 240930.csv",937.778538579697,1616.16985836196,1,281.099791967346,0.0209659187717923,FALSE
283,283,237,12.1743108105677,12.5984915966626,"A283",-2030.184,3594.006,575,30,25,25,30,"Polyamide (naturally occurring)",0.96630679112058,"Comparstic LDIR F2Ba Au MP2 240925.xlsx",27.05758189903,1.2,1.00150657986093,"circle_calibrated",3531.10530693069,1450.17790495049,4042.25441224747,462.772249547673,"landmark_ransac","535",9387.36156382102,2786.77617455051,1105.158,55.622,26.021,26.021,55.454,"Polyamide (PA)",82.58,"Comparstic Raman F2Ba Au IAEA 240930.csv",4030.28061076505,460.571812824706,1,89.6997133966616,0.135722962198682,FALSE
284,284,232,11.9400358222218,12.1133118988887,"A284",1540.5,1513.2,575,35,20,20,35,"Polyethylene terephthalate",0.880940166433867,"Comparstic LDIR F2Ba Au MP2 240925.xlsx",27.05758189903,1.75,0.0699953352361524,"circle_calibrated",1450.29930693069,-2120.5060950495,2095.23673576664,-2817.49592542947,"landmark_ransac","437",7455.05007784071,-479.668375428082,696.182,47.314,19.763,19.763,47.088,"Polyacrylamide/acrylate",83.08,"Comparstic Raman F2Ba Au IAEA 240930.csv",2097.96912478474,-2805.87273715389,1,199.033577973202,0.0599900576767476,FALSE
285,285,605,12.0911858958484,12.2659664820794,"A285",-5712.434,1358.604,575,35,20,20,35,"Polyamide (naturally occurring)",0.927075358183687,"Comparstic LDIR F2Ba Au MP2 240925.xlsx",27.05758189903,0.571428571428571,0.05816087758915,"circle_calibrated",1295.70330693069,5132.42790495049,2006.30120027665,3878.00334705225,"landmark_ransac","394",7375.25468373755,6206.49676931721,882.05,36.128,32.555,32.54,36.166,"Polycarbonate (PC)",12.27,"Comparstic Raman F2Ba Au IAEA 240930.csv",2018.17373068158,3880.29240759141,1,243.309360502296,0.049694700898013,FALSE
286,286,168,11.26289333641,11.3905024071616,"A286",5155.514,2205.476,575,34,22,22,34,"Polyamide (naturally occurring)",0.922949798646161,"Comparstic LDIR F2Ba Au MP2 240925.xlsx",27.05758189903,1.5,0.015480212962758,"circle_calibrated",2142.57530693069,-5735.52009504951,2707.40521272846,-6159.23245138004,"landmark_ransac","371",8053.22849982273,-3833.37119809503,683.494,40.301,21.603,21.519,41.334,"Cellulose Acetate Butyrate (CAB)",88.83,"Comparstic Raman F2Ba Au IAEA 240930.csv",2696.14754676676,-6159.57555982083,1,54.5456733575432,0.206485549506052,FALSE
287,287,89,622.116228334308,622.275121155421,"A287",-5134.74,-3625.414,575,30,25,25,30,"Polyamide (naturally occurring)",0.958199966475364,"Comparstic LDIR F2Ba Au MP2 240925.xlsx",27.05758189903,1.2,1.03325527817551,"circle_calibrated",-3688.31469306931,4554.7339049505,-2598.15706556877,3381.73863040486,"landmark_ransac","238",2769.51046150939,5085.916846372,770.496,35.036,30.861,30.861,37.345,"Cellulose Acetate Butyrate (CAB)",91.58,"Comparstic Raman F2Ba Au IAEA 240930.csv",-2587.57049154658,2759.7124846462,0,201.054451283047,3.09426737067604,TRUE
288,288,624,5.75614299801509,5.93737494324658,"A288",2547.688,-3735.056,575,30,25,25,30,"Polyamide (naturally occurring)",0.958325482295452,"Comparstic LDIR F2Ba Au MP2 240925.xlsx",27.05758189903,1.2,0.0245912261703358,"circle_calibrated",-3797.95669306931,-3127.69409504951,-2756.29254276012,-3708.21903950411,"landmark_ransac","274",2598.43832163353,-1387.26922490368,802.463,36.19,29.324,29.051,38.969,"Polyether sulphone (PES)",10.95,"Comparstic Raman F2Ba Au IAEA 240930.csv",-2758.64263142244,-3713.47358662948,1,383.06561500075,0.0150265196681874,FALSE
289,289,540,9.18478857742465,9.32403514829616,"A289",-5043.506,-1052.142,575,38,22,22,38,"Polyamide (naturally occurring)",0.94598865985969,"Comparstic LDIR F2Ba Au MP2 240925.xlsx",27.05758189903,1.71428585276557,0.0222045867940068,"circle_calibrated",-1115.04269306931,4463.49990495049,-223.74028500528,3278.45943415791,"landmark_ransac","722",5142.1317840158,5602.00360391695,799.497,39.732,26.941,26.872,41.405,"Polyether sulphone (PES)",17.21,"Comparstic Raman F2Ba Au IAEA 240930.csv",-214.949169040173,3275.79924219115,1,181.300404476783,0.0506606072056549,FALSE
290,290,676,443.292012905445,443.508588529877,"A290",3717.298,-3341,562.5,56,19,19,56,"Polypropylene",0.950282962175133,"Comparstic LDIR F2Ba Au MP2 240925.xlsx",26.7618617422916,2.97297285290685,1.72523675432842,"circle_calibrated",-3403.90069306931,-4297.30409504951,-2401.25297593613,-4790.67270854163,"landmark_ransac","660",3139.78405285142,-2867.78952268836,550.519,31.338,26.105,26.105,33.87,"Polycarbonate (PC)",8.12,"Comparstic Raman F2Ba Au IAEA 240930.csv",-2217.29690020455,-5193.99388441416,0,210.635282427077,2.10454776520602,TRUE
291,291,404,6.73222720599059,6.92403361134638,"A291",-139.958,3440.814,562.5,25,25,25,25,"Polyamide (naturally occurring)",0.965349923454516,"Comparstic LDIR F2Ba Au MP2 240925.xlsx",26.7618617422916,1,0.870919206819865,"circle_calibrated",3377.91330693069,-440.048095049505,3886.85119764004,-1280.74372688523,"landmark_ransac","617",9239.82619486768,1050.79580211901,667.84,32.148,29.852,25.274,38.969,"Polyacrylamide/acrylate",44.19,"Comparstic Raman F2Ba Au IAEA 240930.csv",3882.74524181171,-1275.40855960679,1,180.220166377778,0.0373555709180652,FALSE
292,292,576,7.34526925116551,7.49773862057221,"A292",3736.148,-3560.674,562.5,46,19,19,46,"Cellulosic",0.922325682799352,"Comparstic LDIR F2Ba Au MP2 240925.xlsx",26.7618617422916,2.41666652530182,0.131685307682649,"circle_calibrated",-3623.57469306931,-4316.15409504951,-2604.1486151774,-4806.4428964222,"landmark_ransac","390",2745.97369058687,-2482.59017417594,602.754,33.588,23.231,23.231,33.913,"Polycarbonate (PC)",14.46,"Comparstic Raman F2Ba Au IAEA 240930.csv",-2611.1072624691,-4808.79453590174,1,312.981596513801,0.0234686937921656,FALSE
293,293,270,15.1901653946772,15.902287028694,"A293",-1554.098,-4461.106,562.5,40,20,20,40,"Polyamide",0.687808759340656,"Comparstic LDIR F2Ba Au MP2 240925.xlsx",26.7618617422916,2,0.0496829759627251,"circle_calibrated",-4524.00669306931,974.091904950495,-3396.02627619701,83.0513359863639,"landmark_ransac","96",1966.9639798099,2395.26208261986,2744.028,73.561,53.734,51.65,79.254,"Polyamide (PA)",78.96,"Comparstic Raman F2Ba Au IAEA 240930.csv",-3390.11697324607,69.0577208940563,1,291.625692089285,0.0520878845956636,FALSE
294,294,659,10.5162598026908,10.6210268220338,"A294",4296.604,-4160.702,562.5,35,20,20,35,"Polyamide (naturally occurring)",0.840771430916692,"Comparstic LDIR F2Ba Au MP2 240925.xlsx",26.7618617422916,0.571428571428571,0.295677147132389,"circle_calibrated",-4223.60269306931,-4876.61009504951,-3162.11956688283,-5319.28865987423,"landmark_ransac","733",2187.4059318647,-3000.39913447132,689.426,37.098,23.087,23.018,39.403,"Polyacrylamide/acrylate",9.05,"Comparstic Raman F2Ba Au IAEA 240930.csv",-3169.67502119127,-5326.60349619712,1,283.190574764274,0.0371349216387039,FALSE
295,295,93,11.2970597786591,11.4565212949295,"A295",5177.042,664.3,562.5,35,20,20,35,"Polyamide (naturally occurring)",0.949254365409916,"Comparstic LDIR F2Ba Au MP2 240925.xlsx",26.7618617422916,1.75,0.0320926262596695,"circle_calibrated",601.399306930693,-5757.04809504951,1284.76243472498,-6167.68022413988,"landmark_ransac","377",6630.68902796914,-3839.68594151327,812.679,37.698,27.19,27.19,38.463,"Cellulose Acetate Butyrate (CAB)",91.44,"Comparstic Raman F2Ba Au IAEA 240930.csv",1273.60807491317,-6165.89030323907,1,428.94854364992,0.0263366316214353,FALSE
296,296,133,8.36797427416792,8.46425096842239,"A296",3572.582,-2555.28,562.5,35,20,20,35,"Polyamide (naturally occurring)",0.941737660047569,"Comparstic LDIR F2Ba Au MP2 240925.xlsx",26.7618617422916,0.571428571428571,0.0721139800964379,"circle_calibrated",-2618.18069306931,-4152.58809504951,-1674.97219822681,-4662.92520683392,"landmark_ransac","279",3679.98164890236,-2344.81395414169,658.613,35.898,27.412,27.386,37.888,"Cellulose Acetate Butyrate (CAB)",90.52,"Comparstic Raman F2Ba Au IAEA 240930.csv",-1677.09930415361,-4671.01831586749,1,357.554470399229,0.0234033552001871,FALSE
297,297,379,9.13409629146391,9.35228845423017,"A297",3639.298,-1919.112,562.5,28,25,25,28,"Polyamide (naturally occurring)",0.944291424496274,"Comparstic LDIR F2Ba Au MP2 240925.xlsx",26.7618617422916,1.14285711533267,0.268767488074138,"circle_calibrated",-1982.01269306931,-4219.30409504951,-1088.29276572157,-4729.21800382737,"landmark_ransac","325",4261.51211096358,-2408.53545590753,834.265,33.766,33.584,32.722,37.76,"Polyacrylamide/acrylate",53.3,"Comparstic Raman F2Ba Au IAEA 240930.csv",-1095.56884209239,-4734.73981763333,1,104.652597030813,0.0872801683915647,FALSE
298,298,361,3.5198506166715,3.70289752419873,"A298",900.744,-353.678000000001,562.5,30,25,25,30,"Polyamide (naturally occurring)",0.912865766046697,"Comparstic LDIR F2Ba Au MP2 240925.xlsx",26.7618617422916,1.2,0.918903051325715,"circle_calibrated",-416.578693069307,-1480.75009504951,376.876743637722,-2213.17419586672,"landmark_ransac","723",5736.86580049697,111.04716796875,508.831,42.54,18.219,18.219,42.481,"Cellulose Acetate Butyrate (CAB)",57.71,"Comparstic Raman F2Ba Au IAEA 240930.csv",379.784847440998,-2215.15719375705,1,176.218349267819,0.019974370610645,FALSE
299,299,759,10.1594599181755,10.5032284440644,"A299",-3464.24,2984.618,562.5,28,25,25,28,"Polyamide (naturally occurring)",0.966770365626697,"Comparstic LDIR F2Ba Au MP2 240925.xlsx",26.7618617422916,0.875000021073426,0.0517029828363103,"circle_calibrated",2921.71730693069,2884.2339049505,3490.42642752995,1790.9016735466,"landmark_ransac","253",8854.62684635527,4124.35364404966,1169.915,40.593,36.128,36.128,42.298,"Polyethylene naphtalate (PEN)",2.57,"Comparstic Raman F2Ba Au IAEA 240930.csv",3497.5458932993,1798.14928232386,1,200.758720451529,0.0506053231228299,FALSE
300,300,738,4.96047991015041,5.04651118567788,"A300",-1861.73,1318.668,562.5,30,25,25,30,"Polyamide (naturally occurring)",0.940828186962302,"Comparstic LDIR F2Ba Au MP2 240925.xlsx",26.7618617422916,0.833333333333333,0.382044801670728,"circle_calibrated",1255.76730693069,1281.7239049505,1940.90176793341,324.155060352652,"landmark_ransac","673",7297.75555996828,2655.3146979345,653.505,30.426,28.129,27.624,33.286,"Polycarbonate (PC)",4.01,"Comparstic Raman F2Ba Au IAEA 240930.csv",1940.67460691231,329.110336208696,1,108.970517632,0.0455213026233596,FALSE
301,301,442,3.36006086736516,3.58059410047911,"A301",-1226.42,1455.506,562.5,28,25,25,28,"Polyamide (naturally occurring)",0.924312300171768,"Comparstic LDIR F2Ba Au MP2 240925.xlsx",26.7618617422916,0.875000021073426,0.253729610709597,"circle_calibrated",1392.60530693069,646.413904950495,2062.49273683749,-263.241069189362,"landmark_ransac","407",7419.4578876652,2066.3213572881,904.46,34.427,33.62,33.62,35.297,"Polyethylene terephtalate (PET)",32.95,"Comparstic Raman F2Ba Au IAEA 240930.csv",2062.37693460923,-259.883004437704,1,143.319551725693,0.0234445393312153,FALSE
302,302,354,12.8479290197661,13.0114525741267,"A302",-1588.86,-5916.482,550,30,25,25,30,"Polyamide (naturally occurring)",0.937722753606073,"Comparstic LDIR F2Ba Au MP2 240925.xlsx",26.4628371420061,0.833333333333333,0.359571945818669,"circle_calibrated",-5979.38269306931,1008.85390495049,-4739.05970405946,125.922524063429,"landmark_ransac","70",620.201428975143,2439.46528654752,754.678,33.592,30.438,30.438,36.713,"Polyacrylamide/acrylate",59.33,"Comparstic Raman F2Ba Au IAEA 240930.csv",-4736.87952408083,113.260924821716,1,56.3718853001269,0.227913772111098,FALSE
303,303,179,1.92410878473099,2.30417925766818,"A303",-856.882,4408.56,550,30,25,25,30,"Polyamide (naturally occurring)",0.955524497450158,"Comparstic LDIR F2Ba Au MP2 240925.xlsx",26.4628371420061,1.2,0.867442658600404,"circle_calibrated",4345.65930693069,276.875904950495,4785.3802069813,-626.20555813519,"landmark_ransac","742",10140.5382333416,1700.06623903039,1126.579,49.527,34.867,34.867,49.37,"Cellulose Acetate Butyrate (CAB)",88.12,"Comparstic Raman F2Ba Au IAEA 240930.csv",4783.45728028563,-626.138122695414,1,211.792388072009,0.00908488167231392,FALSE
304,304,144,7.01010909646985,7.24385635993684,"A304",2678.39,258.544,550,30,25,25,30,"Polyamide (naturally occurring)",0.875017308918085,"Comparstic LDIR F2Ba Au MP2 240925.xlsx",26.4628371420061,0.833333333333333,0.233135978063392,"circle_calibrated",195.643306930693,-3258.39609504951,928.773989013654,-3858.4532394741,"landmark_ransac","383",6282.23000479919,-1538.24899935788,787.633,40.865,25.633,25.633,42.048,"Polyacrylamide/acrylate",90.09,"Comparstic Raman F2Ba Au IAEA 240930.csv",925.149051743218,-3864.45336108368,1,108.530325470767,0.0645912473408924,FALSE
305,305,515,6.87463605332874,7.02140111732425,"A305",1065.766,-5375.682,550,30,25,25,30,"Polyethylene terephthalate",0.9346571516977,"Comparstic LDIR F2Ba Au MP2 240925.xlsx",26.4628371420061,1.2,0.0407640854159359,"circle_calibrated",-5438.58269306931,-1645.7720950495,-4259.58357816127,-2328.26707772771,"landmark_ransac","15",1097.25159084372,-8.9329569777401,766.542,31.366,30.729,30.729,33.403,"Polyphenylene sulphide (PPS)",19.65,"Comparstic Raman F2Ba Au IAEA 240930.csv",-4259.82936221225,-2335.13731870354,1,132.358665579287,0.0519394481898175,FALSE
306,306,488,8.22300026648003,8.64211919533951,"A306",-5063.214,-1572.272,550,30,25,25,30,"Polyamide (naturally occurring)",0.954875118476621,"Comparstic LDIR F2Ba Au MP2 240925.xlsx",26.4628371420061,0.833333333333333,0.0407640854159359,"circle_calibrated",-1635.17269306931,4483.20790495049,-703.66671143716,3300.50452176085,"landmark_ransac","708",4661.63721664637,5626.68851000642,1127.897,55.305,35.88,35.88,54.94,"Polycarbonate (PC)",23.74,"Comparstic Raman F2Ba Au IAEA 240930.csv",-695.443736409603,3300.48414828062,1,114.602029173377,0.0717526585331205,FALSE
307,307,115,9.244429316966,9.53342386208308,"A307",-344.552,-5036.694,550,30,25,25,30,"Polyamide",0.627841765540542,"Comparstic LDIR F2Ba Au MP2 240925.xlsx",26.4628371420061,1.2,0.188684215492558,"circle_calibrated",-5099.59469306931,-235.454095049505,-3936.25012130751,-1029.07627257537,"landmark_ransac","337",1421.0257079242,1287.88571409461,815.316,45.664,24.85,24.843,47.238,"Cellulose Acetate Butyrate (CAB)",91,"Comparstic Raman F2Ba Au IAEA 240930.csv",-3936.05524513177,-1038.31864763119,1,223.396652917588,0.0413812346614535,FALSE
308,308,277,11.1342825846063,11.5604566238478,"A308",3920.592,1433.12,550,28,28,28,28,"Cellulosic",0.951758395580761,"Comparstic LDIR F2Ba Au MP2 240925.xlsx",26.4628371420061,1,0.261562104352867,"circle_calibrated",1370.21930693069,-4500.5980950495,2003.68425356386,-5013.69301816229,"landmark_ransac","544",7349.9957100646,-2684.6619635595,767.366,70.679,33.82,33.82,69.819,"Polyacrylamide/acrylate",77.82,"Comparstic Raman F2Ba Au IAEA 240930.csv",1992.91475700863,-5010.8663252853,1,161.224612589674,0.0690606874828948,FALSE
309,309,225,155.174305389349,155.808686912253,"A309",6340.516,-96.6679999999996,550,25,25,25,25,"Polyamide (naturally occurring)",0.929447391034541,"Comparstic LDIR F2Ba Au MP2 240925.xlsx",26.4628371420061,1,0.79437912969753,"circle_calibrated",-159.568693069306,-6920.5220950495,573.776980330756,-7235.91011701007,"landmark_ransac","762",5855.12372269303,-4774.26796741224,1530.776,63.635,35.778,35.778,64.325,"Polyamide (PA)",84.3,"Comparstic Raman F2Ba Au IAEA 240930.csv",498.042769637057,-7100.47232913804,0,321.787295656456,0.482226326159922,FALSE
310,310,434,4.05898358869785,4.40168015109077,"A310",2774.824,-2620.332,550,25,25,25,25,"Polyamide (naturally occurring)",0.945820704720307,"Comparstic LDIR F2Ba Au MP2 240925.xlsx",26.4628371420061,1,0.79437912969753,"circle_calibrated",-2683.23269306931,-3354.8300950495,-1729.10175827501,-3926.12394990438,"landmark_ransac","453",3631.75997189038,-1601.39643354024,810.537,45.697,27.237,26.957,46.468,"Polyvinyl Chloride (PVC)",35.05,"Comparstic Raman F2Ba Au IAEA 240930.csv",-1725.32098116559,-3927.60079526604,1,368.518288557745,0.0110143341992153,FALSE
311,311,312,72.1786784491238,72.2430648372767,"A311",4611.594,2644.044,537.5,35,20,20,35,"Polyamide (naturally occurring)",0.944625528048895,"Comparstic LDIR F2Ba Au MP2 240925.xlsx",26.1603947847725,0.571428571428571,0.076662026594341,"circle_calibrated",2581.14330693069,-5191.6000950495,3116.22835775879,-5660.4525339993,"landmark_ransac","78",8469.42749784285,-3262.17395253639,586.935,31.574,25.833,24.783,34.098,"Polyacrylamide/acrylate",70.03,"Comparstic Raman F2Ba Au IAEA 240930.csv",3112.34654478688,-5588.37831426219,1,11.231991627889,6.42616918177756,TRUE
312,312,298,12.0823213285095,12.3283648048602,"A312",4323.566,-596.492,537.5,28,25,25,28,"Polyamide (naturally occurring)",0.963695846836079,"Comparstic LDIR F2Ba Au MP2 240925.xlsx",26.1603947847725,1.14285711533267,0.22330511399738,"circle_calibrated",-659.392693069307,-4903.57209504951,127.395044230553,-5370.5899577015,"landmark_ransac","752",5472.794712098,-3047.47267631635,854.368,38.639,31.936,31.936,39.023,"Polyacrylamide/acrylate",73.33,"Comparstic Raman F2Ba Au IAEA 240930.csv",115.713759042027,-5373.67703804215,1,220.728902334065,0.0547382839344861,FALSE
313,313,497,3.86584038300339,4.58122853585426,"A313",-1930.994,-353.444,537.5,41,19,19,41,"Polyamide (naturally occurring)",0.930045299463583,"Comparstic LDIR F2Ba Au MP2 240925.xlsx",26.1603947847725,2.21052638314133,0.0786986892881589,"circle_calibrated",-416.344693069307,1350.9879049505,398.079845098831,400.477412585894,"landmark_ransac","593",5757.5322335021,2723.62874036815,2787.364,77.359,50.34,50.34,77.97,"Polyamide (PA)",22.53,"Comparstic Raman F2Ba Au IAEA 240930.csv",400.451280446127,397.424378642346,1,121.743990378228,0.0317538497875187,FALSE
314,314,348,3.59277920101067,3.71948035118593,"A314",1196.572,-983.918,537.5,30,20,20,30,"Polyamide (naturally occurring)",0.959207519731645,"Comparstic LDIR F2Ba Au MP2 240925.xlsx",26.1603947847725,0.666666666666667,0.123135082849064,"circle_calibrated",-1046.81869306931,-1776.5780950495,-207.018186362519,-2481.54821803053,"landmark_ransac","161",5153.61313568532,-155.894258347603,652.681,37.023,26.055,26.053,37.033,"Polyacrylamide/acrylate",60.15,"Comparstic Raman F2Ba Au IAEA 240930.csv",-203.467817370652,-2482.09862007341,1,148.117937698625,0.0242562059452981,FALSE
315,315,671,9.88655778885182,9.9415896149083,"A315",2175.68,4417.374,537.5,30,25,25,30,"Polyamide (naturally occurring)",0.948384138503734,"Comparstic LDIR F2Ba Au MP2 240925.xlsx",26.1603947847725,1.2,0.15130595981576,"circle_calibrated",4354.47330693069,-2755.68609504951,4771.03989349304,-3425.28188115728,"landmark_ransac","54",10121.0199355034,-1092.198486997,597.151,29.634,26.877,26.407,31.574,"Polystyrene (PS)",8.48,"Comparstic Raman F2Ba Au IAEA 240930.csv",4763.93898244743,-3418.4028487228,1,68.967032225845,0.143351938886924,FALSE
316,316,598,8.25218340202602,8.62857545925141,"A316",-4135.664,-1712.256,537.5,30,20,20,30,"Polyamide (naturally occurring)",0.973096407933045,"Comparstic LDIR F2Ba Au MP2 240925.xlsx",26.1603947847725,0.666666666666667,0.210146459838693,"circle_calibrated",-1775.15669306931,3555.65790495049,-839.744362446151,2445.42672267222,"landmark_ransac","490",4525.58319936255,4771.32781062714,1204.354,42.839,37.058,37.058,43.494,"Polycarbonate (PC)",12.83,"Comparstic Raman F2Ba Au IAEA 240930.csv",-831.497753693423,2445.12344890134,1,223.198130128344,0.0369724575975652,FALSE
317,317,526,5.7716572040641,5.93723707764331,"A317",-3242.278,-5093.53,537.5,28,25,25,28,"Polyamide (naturally occurring)",0.969957590332902,"Comparstic LDIR F2Ba Au MP2 240925.xlsx",26.1603947847725,0.875000021073426,0.254076772664134,"circle_calibrated",-5156.43069306931,2662.2719049505,-3967.23274395198,1645.9042765771,"landmark_ransac","419",1395.19266666778,3969.92946409461,435.67,34.105,17.218,17.218,34.098,"Polyether sulphone (PES)",18.58,"Comparstic Raman F2Ba Au IAEA 240930.csv",-3961.88828638819,1643.72510236881,1,256.679951984976,0.0224858122320435,FALSE
318,318,292,1.1561408335505,1.31805202339071,"A318",1562.678,-2142.114,537.5,35,20,20,35,"Polyamide (naturally occurring)",0.975876230798027,"Comparstic LDIR F2Ba Au MP2 240925.xlsx",26.1603947847725,1.75,0.063923000816912,"circle_calibrated",-2205.01469306931,-2142.68409504951,-1278.72974954949,-2810.87493150829,"landmark_ransac","435",4078.9586194182,-483.686848512414,736.058,42.59,24.328,24.305,43.84,"Cellulose Acetate Butyrate (CAB)",75.39,"Comparstic Raman F2Ba Au IAEA 240930.csv",-1278.12233363777,-2809.89121023822,1,161.325569496894,0.00716650706491234,FALSE
319,319,350,10.2485454058552,10.4746964446754,"A319",249.834,5143.372,537.5,30,25,25,30,"Polyamide (naturally occurring)",0.948860379389287,"Comparstic LDIR F2Ba Au MP2 240925.xlsx",26.1603947847725,0.833333333333333,0.0430923751755268,"circle_calibrated",5080.47130693069,-829.840095049505,5455.39878053367,-1653.13444864161,"landmark_ransac","156",10815.6417115094,682.818481110873,779.724,40.759,28.102,28.102,41.491,"Polyvinyl Chloride (PVC)",59.94,"Comparstic Raman F2Ba Au IAEA 240930.csv",5458.56075845343,-1643.38588061493,1,200.034439936687,0.0512339045671284,FALSE
320,320,439,5.62703253997471,5.74343406830552,"A320",385.84,3729.31,537.5,41,19,19,41,"Polyamide (naturally occurring)",0.951839364264435,"Comparstic LDIR F2Ba Au MP2 240925.xlsx",26.1603947847725,0.461538414695679,0.0786986892881589,"circle_calibrated",3666.40930693069,-965.846095049505,4149.23195021971,-1768.18585651875,"landmark_ransac","271",9507.91575635099,563.41242374786,549.695,32.148,23.537,23.51,32.148,"Polyacrylamide/acrylate",33.86,"Comparstic Raman F2Ba Au IAEA 240930.csv",4150.83480329502,-1762.79193797794,1,193.636152609465,0.0290598241296582,FALSE
321,321,606,185.823064094228,186.230330204168,"A321",-3959.67,2247.596,537.5,35,20,20,35,"Polyamide (naturally occurring)",0.930325851242443,"Comparstic LDIR F2Ba Au MP2 240925.xlsx",26.1603947847725,1.75,0.076662026594341,"circle_calibrated",2184.69530693069,3379.6639049505,2813.83757513934,2253.63877946152,"landmark_ransac","524",8306.39230413566,4707.03224127783,1003.161,65.255,21.241,21.241,63.147,"Polylactic acid (PLA)",12.21,"Comparstic Raman F2Ba Au IAEA 240930.csv",2949.31135107969,2380.82787955203,0,371.113726646994,0.5007173024106,FALSE
322,322,545,240.9329994025,241.21336562844,"A322",-3769.896,-4889.092,537.5,30,20,20,30,"Polyamide (naturally occurring)",0.940000872833713,"Comparstic LDIR F2Ba Au MP2 240925.xlsx",26.1603947847725,1.5,0.0430923751755268,"circle_calibrated",-4951.99269306931,3189.8899049505,-3774.62903349051,2131.37291243264,"landmark_ransac","549",1470.39552010314,4670.86598351884,836.077,46.853,27.094,27.094,46.982,"Polyether sulphone (PES)",16.92,"Comparstic Raman F2Ba Au IAEA 240930.csv",-3886.68543295283,2344.66162179304,0,291.847604966269,0.825543863655645,TRUE
323,323,737,8.67248065129625,8.78049892228252,"A323",-324.402,5048.42,525,31,22,22,31,"Polyamide (naturally occurring)",0.920019766551681,"Comparstic LDIR F2Ba Au MP2 240925.xlsx",25.8544147291321,1.40000008529923,1.29453613598942,"circle_calibrated",4985.51930693069,-255.604095049505,5372.01534226028,-1122.41917406579,"landmark_ransac","430",10726.6612360706,1212.10879307577,656.306,30.888,26.908,26.866,33.416,"Polycarbonate (PC)",4.03,"Comparstic Raman F2Ba Au IAEA 240930.csv",5369.58028301463,-1114.09556865003,1,335.648698185027,0.0258379689782545,FALSE
324,324,214,14.7751816579062,14.9891266157859,"A324",1510.522,5753.202,525,25,25,25,25,"Cellulosic",0.784865772545517,"Comparstic LDIR F2Ba Au MP2 240925.xlsx",25.8544147291321,1,0.721883627659376,"circle_calibrated",5690.30130693069,-2090.5280950495,6008.91962323776,-2821.25098429701,"landmark_ransac","431",11358.1355778942,-482.538713345462,692.886,36.396,30.861,30.861,36.74,"Cellulose Acetate Butyrate (CAB)",85.46,"Comparstic Raman F2Ba Au IAEA 240930.csv",6001.05462483823,-2808.74307507127,1,120.480335827286,0.122635628100233,FALSE
325,325,769,1.83819948167811,2.14670431390759,"A325",-1627.054,-617.136,525,25,25,25,25,"Polyamide (naturally occurring)",0.962711253353756,"Comparstic LDIR F2Ba Au MP2 240925.xlsx",25.8544147291321,1,0.721883627659376,"circle_calibrated",-680.036693069307,1047.04790495049,152.443312565572,121.899500155005,"landmark_ransac","65",5508.96096985698,2446.35409754923,810.867,38.719,29.498,29.173,41.81,"Polyethylene terephtalate (PET)",1.89,"Comparstic Raman F2Ba Au IAEA 240930.csv",151.880016801008,120.149735823426,1,101.695553921822,0.0180755147180891,FALSE
326,326,269,13.126564438598,13.5889090074233,"A326",-5802.16,-1261.13,525,35,20,20,35,"Polyamide (naturally occurring)",0.953905280384705,"Comparstic LDIR F2Ba Au MP2 240925.xlsx",25.8544147291321,1.75,0.0523308885006601,"circle_calibrated",-1324.03069306931,5222.15390495049,-411.010512724319,3980.23502917902,"landmark_ransac","323",4959.00422488695,6308.68079917594,1477.883,47.384,44.272,42.935,51.012,"Polyacrylamide/acrylate",79.1,"Comparstic Raman F2Ba Au IAEA 240930.csv",-398.076728169022,3982.47643745014,1,148.507614387863,0.0883898411048126,FALSE
327,327,74,13.0438866045407,13.1992398184112,"A327",2414.75,-5949.58,525,25,25,25,25,"Polyamide (naturally occurring)",0.949999649219545,"Comparstic LDIR F2Ba Au MP2 240925.xlsx",25.8544147291321,1,0.696565819675087,"circle_calibrated",-6012.48069306931,-2994.7560950495,-4799.28100743975,-3569.10647496466,"landmark_ransac","168",555.905859625828,-1255.80774828767,666.522,31.355,27.317,27.317,31.662,"Cellulose Acetate Butyrate (CAB)",91.99,"Comparstic Raman F2Ba Au IAEA 240930.csv",-4801.17509343014,-3582.01211001347,1,201.994626973587,0.0645754137125948,FALSE
328,328,236,6.03300234857171,6.20273165460016,"A328",-3429.66,1005.81,525,25,25,25,25,"Polyamide (naturally occurring)",0.939680680535747,"Comparstic LDIR F2Ba Au MP2 240925.xlsx",25.8544147291321,1,0.696565819675087,"circle_calibrated",942.909306930693,2849.65390495049,1663.75889031222,1773.65055567202,"landmark_ransac","278",7026.7956605676,4100.81687312714,649.385,29.852,28.129,25.912,34.91,"Polyacrylamide/acrylate",82.8,"Comparstic Raman F2Ba Au IAEA 240930.csv",1669.71470751163,1774.61251140134,1,134.903286558089,0.0447209441852548,FALSE
329,329,118,6.23508261215392,6.36726169041501,"A329",-5217.498,2464.306,525,35,21,21,35,"Polyamide (naturally occurring)",0.953848502781251,"Comparstic LDIR F2Ba Au MP2 240925.xlsx",25.8544147291321,1.6666667415944,0.0523308885006601,"circle_calibrated",2401.40530693069,4637.4919049505,3023.18003783966,3412.98976368936,"landmark_ransac","637",8384.4654954884,5743.79829703553,691.898,35.764,27.184,25.833,38.463,"Cellulose Acetate Butyrate (CAB)",90.96,"Comparstic Raman F2Ba Au IAEA 240930.csv",3027.38454243243,3417.59393530973,1,125.054715593998,0.049858836450412,FALSE
330,330,395,298.278526886884,298.69621103535,"A330",-3136.952,-3817.554,525,40,20,20,40,"Polyamide (naturally occurring)",0.951726692770488,"Comparstic LDIR F2Ba Au MP2 240925.xlsx",25.8544147291321,2,0.0475461629925851,"circle_calibrated",-3880.45469306931,2556.9459049505,-2790.30590681913,1539.23313785525,"landmark_ransac","314",2794.76943518233,4057.76180436644,1440.149,50.026,41.038,41.038,51.516,"Polyvinyl Chloride (PVC)",48.47,"Comparstic Raman F2Ba Au IAEA 240930.csv",-2562.31151787364,1731.55744264064,0,140.025009314649,2.13018037525443,TRUE
331,331,441,7.46466041956063,7.52704104036575,"A331",803.816,-4347.85,525,36,20,20,36,"Polyethylene terephthalate",0.879181290933633,"Comparstic LDIR F2Ba Au MP2 240925.xlsx",25.8544147291321,0.562500045815016,0.133466353208696,"circle_calibrated",-4410.75069306931,-1383.8220950495,-3308.96804827123,-2094.10867158732,"landmark_ransac","624",2042.16683324526,227.582887414384,565.184,30.373,27.053,23.418,35.686,"Polyacrylamide/acrylate",33.04,"Comparstic Raman F2Ba Au IAEA 240930.csv",-3314.91411981071,-2098.62147431142,1,158.95722820357,0.0469601823328282,FALSE
332,332,18,7.22905233824484,7.25271200700033,"A332",-14.9760000000006,-4290.104,525,30,20,20,30,"Polyamide (naturally occurring)",0.965942020163795,"Comparstic LDIR F2Ba Au MP2 240925.xlsx",25.8544147291321,1.5,0.0455373641685934,"circle_calibrated",-4353.00469306931,-565.030095049504,-3249.60093372564,-1338.80344017256,"landmark_ransac","690",2107.03647017805,980.185489351456,503.723,30.426,21.815,21.815,30.426,"Polyamide (PA)",94.11,"Comparstic Raman F2Ba Au IAEA 240930.csv",-3250.04448287792,-1346.01887237435,2,39.6222214825784,0.182449445481582,FALSE
333,333,111,9.89878454036316,9.99640413362714,"A333",-4982.224,-1487.512,525,30,25,25,30,"Polyamide (naturally occurring)",0.967155986327077,"Comparstic LDIR F2Ba Au MP2 240925.xlsx",25.8544147291321,1.2,0.532105496246461,"circle_calibrated",-1550.41269306931,4402.21790495049,-626.034702314,3225.12372990853,"landmark_ransac","758",4740.85854316606,5552.63379173801,454.125,32.966,19.764,19.764,32.722,"Polyacrylamide/acrylate",91.04,"Comparstic Raman F2Ba Au IAEA 240930.csv",-616.222409889912,3226.42943001221,1,102.453924626146,0.0966169385553924,FALSE
334,334,223,14.9783287840675,15.2605938814113,"A334",5646.42,-1052.376,525,30,25,25,30,"Polyamide (naturally occurring)",0.967092336603871,"Comparstic LDIR F2Ba Au MP2 240925.xlsx",25.8544147291321,1.2,0.765352791810701,"circle_calibrated",-1115.27669306931,-6226.42609504951,-303.183505014796,-6588.18638982975,"landmark_ransac","600",5039.37368657359,-4265.64408845248,827.015,43.571,27.627,27.627,45.058,"Polyacrylamide/acrylate",84.44,"Comparstic Raman F2Ba Au IAEA 240930.csv",-317.707266482383,-6591.84845017828,1,124.291745477213,0.120509441126269,FALSE
335,335,508,8.27459591965828,8.50804584325466,"A335",1331.408,2008.864,512.5,25,25,25,25,"Polyethylene terephthalate",0.926423786205697,"Comparstic LDIR F2Ba Au MP2 240925.xlsx",25.5447698497515,1,0.697786076080316,"circle_calibrated",1945.96330693069,-1911.4140950495,2554.27712366733,-2628.180584998,"landmark_ransac","262",7905.11906328592,-296.54081629923,564.69,42.423,21.758,21.758,42.001,"Polyether sulphone (PES)",20.72,"Comparstic Raman F2Ba Au IAEA 240930.csv",2548.03811022995,-2622.74517802503,1,313.287588421146,0.0264121408746487,FALSE
336,336,207,8.39831348536872,8.53132147249976,"A336",3579.42,-5198.882,512.5,30,25,25,30,"Polyamide (naturally occurring)",0.951604304839512,"Comparstic LDIR F2Ba Au MP2 240925.xlsx",25.5447698497515,0.833333333333333,0.0481080596716952,"circle_calibrated",-5261.78269306931,-4159.4260950495,-4115.02940481279,-4649.64380921032,"landmark_ransac","266",1234.45374329449,-2327.01785905394,635.709,34.91,28.009,26.914,37.215,"Cellulose Acetate Butyrate (CAB)",86.25,"Comparstic Raman F2Ba Au IAEA 240930.csv",-4122.62720976148,-4653.22222077974,1,284.645783700555,0.0295044366236026,FALSE
337,337,245,5.90379434594588,6.24241880673912,"A337",-2362.646,1747.2,512.5,32,21,21,32,"Polyamide (naturally occurring)",0.947647703170995,"Comparstic LDIR F2Ba Au MP2 240925.xlsx",25.5447698497515,1.4999998876084,0.0234486114135251,"circle_calibrated",1684.29930693069,1782.6399049505,2340.14311013526,783.317286553803,"landmark_ransac","254",7699.02880081803,3115.1428322988,1056.878,42.141,34.876,34.876,44.777,"Polyamide (PA)",81.82,"Comparstic Raman F2Ba Au IAEA 240930.csv",2341.94784776206,788.938470572996,1,123.132604300326,0.0479466375253972,FALSE
338,338,127,8.45272773364108,8.61473416302562,"A338",2056.574,4870.528,512.5,30,20,20,30,"Carbonate",0.799788225715532,"Comparstic LDIR F2Ba Au MP2 240925.xlsx",25.5447698497515,0.666666666666667,0.0346850393395544,"circle_calibrated",4807.62730693069,-2636.5800950495,5190.177242753,-3318.70726289225,"landmark_ransac","779",10541.2374066078,-986.570051637415,685.636,32.722,28.129,27.707,35.707,"Polyacrylamide/acrylate",90.69,"Comparstic Raman F2Ba Au IAEA 240930.csv",5184.15645355183,-3312.77441336322,1,425.443008140322,0.0198680612253784,FALSE
339,339,719,5.61159185010026,5.98583653194138,"A339",718.926000000001,3239.262,512.5,32,22,22,32,"Polyamide (naturally occurring)",0.944809928034373,"Comparstic LDIR F2Ba Au MP2 240925.xlsx",25.5447698497515,0.699999917065963,0.106830220352576,"circle_calibrated",3176.36130693069,-1298.93209504951,3694.45608109296,-2071.98749344336,"landmark_ransac","571",9046.93948681974,257.434401755137,945.819,56.217,32.732,32.732,57.365,"Polytetrafluoroethylene (PTFE)",4.81,"Comparstic Raman F2Ba Au IAEA 240930.csv",3689.85853376377,-2068.76995997067,1,120.2386266755,0.0466704586143089,FALSE
340,340,339,11.7383491263571,11.8333281782694,"A340",3510.13,4925.882,512.5,32,21,21,32,"Polyamide (naturally occurring)",0.971002271308307,"Comparstic LDIR F2Ba Au MP2 240925.xlsx",25.5447698497515,0.666666716618493,0.0368716317456659,"circle_calibrated",4862.98130693069,-4090.13609504951,5230.495312014,-4660.72874207783,"landmark_ransac","268",10578.5517995338,-2327.01785905394,614.782,29.59,27.775,25.673,33.118,"Polyacrylamide/acrylate",62.51,"Comparstic Raman F2Ba Au IAEA 240930.csv",5221.47084647783,-4653.22222077974,1,155.414929472354,0.0755290959897465,FALSE
341,341,175,6.73388399094651,6.9202545653365,"A341",1813.5,-3348.02,512.5,25,25,25,25,"Polyamide (naturally occurring)",0.963577711199882,"Comparstic LDIR F2Ba Au MP2 240925.xlsx",25.5447698497515,1,0.731359785924218,"circle_calibrated",-3410.92069306931,-2393.5060950495,-2393.62253978225,-3033.44257773038,"landmark_ransac","596",2962.39716955733,-713.887949486301,673.772,29.826,29.265,28.244,35.172,"Cellulose Acetate Butyrate (CAB)",88.63,"Comparstic Raman F2Ba Au IAEA 240930.csv",-2394.68378349864,-3040.0923112121,1,194.256665713576,0.0346648799216773,FALSE
342,342,124,6.00500749669029,6.24393524160022,"A342",-1236.066,4150.354,512.5,25,25,25,25,"Polyamide (naturally occurring)",0.959838203284829,"Comparstic LDIR F2Ba Au MP2 240925.xlsx",25.5447698497515,1,0.647775655505656,"circle_calibrated",4087.45330693069,656.059904950495,4549.87007369042,-274.310527541197,"landmark_ransac","417",9904.02238894944,2057.13627595248,733.751,32.132,30.135,26.463,37.929,"Polyacrylamide/acrylate",90.78,"Comparstic Raman F2Ba Au IAEA 240930.csv",4546.94143589347,-269.068085773324,1,127.728179882899,0.0470139596618043,FALSE
343,343,306,436.78106397494,436.863788413676,"A343",-3211.104,4911.166,500,30,20,20,30,"Polyamide (naturally occurring)",0.962105408954194,"Comparstic LDIR F2Ba Au MP2 240925.xlsx",25.2313252202016,1.5,0.338496493721219,"circle_calibrated",4848.26530693069,2631.09790495049,5266.72636198071,1542.98239143565,"landmark_ransac","500",10187.0377076031,3866.02323148545,484.114,25.573,25.167,24.634,26.187,"Polyamide (PA)",71.04,"Comparstic Raman F2Ba Au IAEA 240930.csv",4829.95675454713,1539.81886975965,0,246.586017563132,1.7713131843054,TRUE
344,344,211,2.39016144094769,2.61929748342742,"A344",-343.278000000001,-4026.178,500,25,25,25,25,"Polyamide (naturally occurring)",0.926758095077795,"Comparstic LDIR F2Ba Au MP2 240925.xlsx",25.2313252202016,1,0.706667173333846,"circle_calibrated",-4089.07869306931,-236.728095049504,-3003.56786621326,-1037.74148728717,"landmark_ransac","342",2355.60773382317,1287.31164651113,674.102,33.945,29.219,28.934,37.996,"Polyacrylamide/acrylate",85.66,"Comparstic Raman F2Ba Au IAEA 240930.csv",-3001.4732192328,-1038.89271521467,1,87.4303520360964,0.0273378910788428,FALSE
345,345,580,203.570357803727,203.727938769159,"A345",2578.29,2747.888,500,30,20,20,30,"Polyamide (naturally occurring)",0.774855761290187,"Comparstic LDIR F2Ba Au MP2 240925.xlsx",25.2313252202016,0.666666666666667,0.638601086171557,"circle_calibrated",2684.98730693069,-3158.29609504951,3227.14448719257,-3784.51188921533,"landmark_ransac","261",8767.94264125039,-1370.62126498288,351.139,34.398,19.457,19.457,33.87,"Polyether sulphone (PES)",14.13,"Comparstic Raman F2Ba Au IAEA 240930.csv",3410.86168819442,-3696.82562670868,0,106.208696183302,1.91670141070549,TRUE
346,346,9,7.58515816046388,7.94981620539699,"A346",-4313.998,2755.35,500,35,21,21,35,"Cellulosic",0.837694586202782,"Comparstic LDIR F2Ba Au MP2 240925.xlsx",25.2313252202016,0.599999973026017,0.0305693967191472,"circle_calibrated",2692.44930693069,3733.9919049505,3285.11325976789,2576.91524997211,"landmark_ransac","385",8649.11065147085,4906.23369274401,1112.902,47.709,39.739,39.739,48.305,"Cellulose Acetate Butyrate (CAB)",95.27,"Comparstic Raman F2Ba Au IAEA 240930.csv",3292.02969841488,2580.02933101821,1,266.624619620623,0.0284488288112955,FALSE
347,347,158,13.8158748647341,14.0349629702822,"A347",1446.64,-5950.1,500,29,25,25,29,"Polyamide (naturally occurring)",0.933325674269062,"Comparstic LDIR F2Ba Au MP2 240925.xlsx",25.2313252202016,0.846153902935876,0.621650310333716,"circle_calibrated",-6013.00069306931,-2026.64609504951,-4792.58591638621,-2675.55105037272,"landmark_ransac","329",568.535346462301,-362.558588398972,779.229,36.371,29.227,29.227,37.761,"Cellulose Acetate Butyrate (CAB)",89.26,"Comparstic Raman F2Ba Au IAEA 240930.csv",-4788.54560659367,-2688.76295012478,1,430.225533919431,0.0321130983065302,FALSE
348,348,590,17.00175830528,17.215717639627,"A348",-3698.084,-589.16,500,35,20,20,35,"Polyamide (naturally occurring)",0.934525847136481,"Comparstic LDIR F2Ba Au MP2 240925.xlsx",25.2313252202016,1.75,0.101521132691432,"circle_calibrated",-652.060693069307,3118.07790495049,193.61397415971,2033.22298651637,"landmark_ransac","45",5563.49739028721,4348.24000160531,383.106,23.537,22.389,21.786,25.573,"Polyether sulphone (PES)",13.31,"Comparstic Raman F2Ba Au IAEA 240930.csv",206.416437231237,2022.03563987951,1,251.034581261207,0.0677267578827688,FALSE
349,349,325,11.371431689461,11.5803796667249,"A349",-5475.522,1467.7,500,28,21,21,28,"Polyamide (naturally occurring)",0.913288511523365,"Comparstic LDIR F2Ba Au MP2 240925.xlsx",25.2313252202016,1.3333332584056,0.0921439523948204,"circle_calibrated",1404.79930693069,4895.5159049505,2105.23938729539,3658.52843380711,"landmark_ransac","496",7473.42024051195,5987.20295242937,751.217,36.589,28.497,28.497,36.939,"Polyacrylamide/acrylate",67.26,"Comparstic Raman F2Ba Au IAEA 240930.csv",2116.33928745598,3660.99859070357,1,103.666506735923,0.109692436327851,FALSE
350,350,15,274.126512267248,274.169457960194,"A350",-563.082,-5240.534,500,30,20,20,30,"Carbonate",0.807937621599494,"Comparstic LDIR F2Ba Au MP2 240925.xlsx",25.2313252202016,1.5,0.349783939452506,"circle_calibrated",-5303.43469306931,-16.9240950495046,-4122.77189042124,-825.865495270757,"landmark_ransac","395",1149.49174094004,1239.66403708262,514.927,26.407,25.833,24.783,29.774,"Polyamide (PA)",94.44,"Comparstic Raman F2Ba Au IAEA 240930.csv",-4207.58921211593,-1086.54032464318,1,41.8621810919087,6.54830935983486,TRUE
351,351,289,5.30100678256633,5.49724813417215,"A351",-1761.942,3673.02,500,33,22,22,33,"Carbonate",0.760266988943002,"Comparstic LDIR F2Ba Au MP2 240925.xlsx",25.2313252202016,1.5000000546125,0.0975234370955811,"circle_calibrated",3610.11930693069,1181.9359049505,4113.19514808462,214.603147575241,"landmark_ransac","768",9467.15695792419,2545.09372190711,775.44,40.656,25.34,25.34,40.05,"Polyamide (PA)",75.88,"Comparstic Raman F2Ba Au IAEA 240930.csv",4110.07600486822,218.889360181307,1,210.344864442344,0.025201503239074,FALSE
352,352,660,6.98379127452537,7.22419721866536,"A352",3418.532,2365.376,500,35,20,20,35,"Cellulosic",0.911055897715493,"Comparstic LDIR F2Ba Au MP2 240925.xlsx",25.2313252202016,0.571428571428571,0.101521132691432,"circle_calibrated",2302.47530693069,-3998.53809504951,2867.86406312253,-4557.20819292089,"landmark_ransac","199",8219.13403144731,-2227.13009952911,846.129,43.666,28.534,28.534,44.203,"Polyethylene terephtalate (PET)",8.91,"Comparstic Raman F2Ba Au IAEA 240930.csv",2862.05307839134,-4553.33446125491,1,116.985188210473,0.0596980812815428,FALSE
353,353,113,7.54436403817157,8.09623516160656,"A353",-4811.222,-746.304,487.5,30,20,20,30,"Polyamide (naturally occurring)",0.958094951707511,"Comparstic LDIR F2Ba Au MP2 240925.xlsx",24.9139374258344,1.5,0.457997524092739,"circle_calibrated",-809.204693069307,4231.2159049505,56.8222310854413,3061.79796592402,"landmark_ransac","44",5421.12862958515,5390.1726656143,1487.605,60.13,36.538,36.538,60.077,"Cellulose Acetate Butyrate (CAB)",91.04,"Comparstic Raman F2Ba Au IAEA 240930.csv",64.0476765291769,3063.9683038885,1,345.913631084692,0.0218099645698103,FALSE
354,354,51,6.27411620456896,6.54983862769778,"A354",-4930.9,-2644.382,487.5,28,25,25,28,"Polyamide (naturally occurring)",0.935535237258835,"Comparstic LDIR F2Ba Au MP2 240925.xlsx",24.9139374258344,0.875000105367132,0.0668261444105309,"circle_calibrated",-2707.28269306931,4350.8939049505,-1694.18941354901,3186.326436032,"landmark_ransac","776",3669.07436481632,5513.59719606164,905.613,34.444,34.444,33.1,36.461,"Polyethylene terephtalate (PET)",92.86,"Comparstic Raman F2Ba Au IAEA 240930.csv",-1688.00658823965,3187.39283433584,1,159.403148962466,0.0393600518271211,FALSE
355,355,445,7.73717893425403,7.9082128715388,"A355",3319.134,-5366.478,487.5,25,25,25,25,"Polyamide (naturally occurring)",0.898432304832974,"Comparstic LDIR F2Ba Au MP2 240925.xlsx",24.9139374258344,1,0.706667173333846,"circle_calibrated",-5429.37869306931,-3899.14009504951,-4267.78901441367,-4408.16146451547,"landmark_ransac","79",1083.4739688403,-2087.05760916096,511.797,35.316,21.514,21.514,36.969,"Polycarbonate (PC)",32.05,"Comparstic Raman F2Ba Au IAEA 240930.csv",-4273.60698421567,-4413.26197088676,1,193.089297701635,0.0400704701210817,FALSE
356,356,788,10.8627479885952,11.0464190502472,"A356",-2423.044,5054.114,487.5,30,20,20,30,"Cellulosic",0.948807229322959,"Comparstic LDIR F2Ba Au MP2 240925.xlsx",24.9139374258344,1.5,0.499670220493307,"circle_calibrated",4991.21330693069,1843.0379049505,5392.82468252217,814.554930809768,"landmark_ransac","231",10752.494277327,3151.30909005779,668.499,38.555,26.031,25.894,40.185,"Polypropylene (PP) Lab bench",0.34,"Comparstic Raman F2Ba Au IAEA 240930.csv",5395.41332427103,825.104728331986,1,198.759835179017,0.0546526312965164,FALSE
357,357,301,654.88140802762,655.085524550668,"A357",1236.066,1967.004,487.5,25,25,25,25,"Polyamide (naturally occurring)",0.949394386188322,"Comparstic LDIR F2Ba Au MP2 240925.xlsx",24.9139374258344,1,0.706667173333846,"circle_calibrated",1904.10330693069,-1816.0720950495,2516.34756427276,-2539.87105284378,"landmark_ransac","651",7589.95595995758,-804.016560092037,429.408,37.432,19.115,19.115,36.939,"Polyacrylamide/acrylate",72.75,"Comparstic Raman F2Ba Au IAEA 240930.csv",2232.87500690161,-3130.22092181784,0,88.7266100311699,7.38089066851037,TRUE
358,358,416,13.1976609837179,13.3327440927281,"A358",4799.002,-2567.448,487.5,35,15,15,35,"Polyamide (naturally occurring)",0.945323858535642,"Comparstic LDIR F2Ba Au MP2 240925.xlsx",24.9139374258344,0.428571428571429,0.033031152841934,"circle_calibrated",-2630.34869306931,-5379.00809504951,-1695.29256722342,-5794.80300106002,"landmark_ransac","191",3654.72267522942,-3479.7455666738,652.351,37.88,24.281,23.824,36.74,"Polyacrylamide/acrylate",39.24,"Comparstic Raman F2Ba Au IAEA 240930.csv",-1702.35827782655,-5805.9499283996,1,247.704487461935,0.05327986230264,FALSE
359,359,287,315.227545046473,315.477101535634,"A359",4944.914,2689.648,487.5,30,20,20,30,"Polyamide (naturally occurring)",0.870970369965427,"Comparstic LDIR F2Ba Au MP2 240925.xlsx",24.9139374258344,0.666666666666667,1.16555273185614,"circle_calibrated",2626.74730693069,-5524.92009504951,3155.84982671457,-5968.44007696575,"landmark_ransac","122",8462.53868684114,-3331.06206255351,784.502,41.907,25.833,25.833,41.77,"Polyacrylamide/acrylate",76,"Comparstic Raman F2Ba Au IAEA 240930.csv",3105.45773378517,-5657.26642427931,0,151.398405440715,2.08210611022526,TRUE
360,360,400,310.074532783741,310.311951335784,"A360",-5288.582,-2991.3,487.5,30,20,20,30,"Polyamide (naturally occurring)",0.882892107338418,"Comparstic LDIR F2Ba Au MP2 240925.xlsx",24.9139374258344,0.666666666666667,1.19595078399753,"circle_calibrated",-3054.20069306931,4708.57590495049,-2011.73880345701,3519.03291015143,"landmark_ransac","743",3497.42815735699,5575.02242749358,703.762,42.889,23.343,23.343,43.131,"Polyacrylamide/acrylate",45.29,"Comparstic Raman F2Ba Au IAEA 240930.csv",-1859.65279569898,3248.81806576778,0,177.555915012308,1.74634865170358,TRUE
361,361,479,135.555267956655,135.772995510362,"A361",-5097.3,-3544.866,475,25,20,20,25,"Polyamide (naturally occurring)",0.953727325265376,"Comparstic LDIR F2Ba Au MP2 240925.xlsx",24.5924537968297,0.8,0.560063699141971,"circle_calibrated",-3607.76669306931,4517.29390495049,-2524.08990555243,3346.58507738494,"landmark_ransac","645",2959.52683163995,5721.40966127997,315.712,30.081,15.385,15.385,30.445,"Polyacrylamide/acrylate",25.42,"Comparstic Raman F2Ba Au IAEA 240930.csv",-2397.55412141602,3395.20529955417,0,309.805167480742,0.437550054632583,FALSE
362,362,70,9.04023984999116,9.08294816156909,"A362",3955.848,663.364,475,37,22,22,37,"Chitin",0.819237430467453,"Comparstic LDIR F2Ba Au MP2 240925.xlsx",24.5924537968297,0.599999974321533,0.235114792245384,"circle_calibrated",600.463306930693,-4535.85409504951,1292.9492687311,-5040.52883366703,"landmark_ransac","557",6641.02224447171,-2715.08754548373,512.291,38.17,18.724,18.724,37.314,"Polyacrylamide/acrylate",92.21,"Comparstic Raman F2Ba Au IAEA 240930.csv",1283.94129141574,-5041.29190720953,1,178.583293561225,0.050621979636028,FALSE
363,363,186,11.4468712752158,11.7650700733905,"A363",5214.56,1421.966,475,32,23,23,32,"Polyamide (naturally occurring)",0.92947733911121,"Comparstic LDIR F2Ba Au MP2 240925.xlsx",24.5924537968297,0.730769195868936,0.0164555759225544,"circle_calibrated",1359.06530693069,-5794.56609504951,1983.79916718034,-6207.92415755539,"landmark_ransac","401",7331.05147980989,-3875.85219927226,995.746,42.108,33.686,33.562,42.622,"Polyacrylamide/acrylate",87.39,"Comparstic Raman F2Ba Au IAEA 240930.csv",1973.97052675392,-6202.05656099806,1,89.7352178737909,0.127562751241273,FALSE
364,364,321,8.35247313741947,8.65699320965367,"A364",-975.754,-2434.484,475,25,25,25,25,"Polyamide (naturally occurring)",0.944604281949416,"Comparstic LDIR F2Ba Au MP2 240925.xlsx",24.5924537968297,1,0.706667173333846,"circle_calibrated",-2497.38469306931,395.747904950495,-1529.76972698308,-465.771928629119,"landmark_ransac","585",3835.55396402437,1859.08295965325,705.409,40.185,24.111,24.111,40.656,"Cellulose Acetate Butyrate (CAB)",68.28,"Comparstic Raman F2Ba Au IAEA 240930.csv",-1521.5269890316,-467.121402072554,1,224.059901658545,0.0372778577317604,FALSE
365,365,582,9.09242452308835,9.3929810642168,"A365",1808.04,-4479.852,475,25,25,25,25,"Polyamide (naturally occurring)",0.942012450840136,"Comparstic LDIR F2Ba Au MP2 240925.xlsx",24.5924537968297,0.999999903664348,0.373338809803895,"circle_calibrated",-4542.75269306931,-2388.04609504951,-3438.24668951119,-3020.01462483924,"landmark_ransac","588",1915.87196488053,-702.406597816781,856.675,34.808,32.441,30.984,36.904,"Polyethylene terephtalate (PET)",13.87,"Comparstic Raman F2Ba Au IAEA 240930.csv",-3441.20898817544,-3028.61095954258,1,180.387031064334,0.0504050899304706,FALSE
366,366,654,7.83031127320037,8.11006114288142,"A366",-5505.656,-681.408,475,44,19,19,44,"Carbonate",0.777911336721805,"Comparstic LDIR F2Ba Au MP2 240925.xlsx",24.5924537968297,2.33333346055198,0.12295116584765,"circle_calibrated",-744.308693069307,4925.64990495049,121.867026538974,3702.26956501754,"landmark_ransac","477",5486.57233410142,6030.25802119007,928.352,35.835,33.62,32.023,40.516,"Polyphenylene sulphide (PPS)",9.13,"Comparstic Raman F2Ba Au IAEA 240930.csv",129.491381045447,3704.05365946427,1,118.440475760485,0.0661117850373646,FALSE
367,367,40,10.6641078989544,10.8507682859655,"A367",-5309.954,2317.848,475,28,21,21,28,"Polyamide (naturally occurring)",0.953769408398387,"Comparstic LDIR F2Ba Au MP2 240925.xlsx",24.5924537968297,1.3333332584056,0.05523939545937,"circle_calibrated",2254.94730693069,4729.94790495049,2888.68664338049,3499.41077632915,"landmark_ransac","595",8254.15215403934,5832.20470489084,693.71,35.592,26.981,26.981,35.592,"Cellulose Acetate Butyrate (CAB)",93.09,"Comparstic Raman F2Ba Au IAEA 240930.csv",2897.07120098337,3506.00034316504,1,161.031371713148,0.0662237909638551,FALSE
368,368,437,419.212615382986,419.520118099166,"A368",-5355.818,2876.718,475,30,20,20,30,"Polyamide (naturally occurring)",0.937510940503842,"Comparstic LDIR F2Ba Au MP2 240925.xlsx",24.5924537968297,1.5,1.16997529759427,"circle_calibrated",2813.81730693069,4775.81190495049,3404.8555110677,3537.60058187314,"landmark_ransac","629",9168.64181451665,5762.16845970676,557.44,63.616,33.132,33.132,66.237,"Polymethylmethacrylate (PMMA)",33.89,"Comparstic Raman F2Ba Au IAEA 240930.csv",3811.56086146068,3435.96409798096,0,289.397974233356,1.44856789856087,TRUE
369,369,408,9.64088232363516,10.3383923876963,"A369",714.636,4537,475,35,21,21,35,"Polyamide (naturally occurring)",0.952958685347843,"Comparstic LDIR F2Ba Au MP2 240925.xlsx",24.5924537968297,1.66666662846087,0.0356290388827292,"circle_calibrated",4474.09930693069,-1294.64209504951,4892.28133767738,-2077.64593146751,"landmark_ransac","586",10258.7961555376,250.545590753424,2095.137,60.176,53.207,51.436,72.907,"Polymethylmethacrylate (PMMA)",43.33,"Comparstic Raman F2Ba Au IAEA 240930.csv",4901.71520248163,-2075.65877097238,1,308.320791589698,0.0312689983504742,FALSE
370,370,389,6.89727559401129,7.06665372060028,"A370",-5284.968,-3188.822,462.5,25,20,20,25,"Polyamide (naturally occurring)",0.927519031223428,"Comparstic LDIR F2Ba Au MP2 240925.xlsx",24.2667115497756,1.25,0.679998926251685,"circle_calibrated",-3251.72269306931,4704.9619049505,-2194.07554612966,3517.1611534056,"landmark_ransac","587",3167.91336444175,5838.51944830908,615.936,31.378,24.793,24.689,32.88,"Polyacrylamide/acrylate",50.31,"Comparstic Raman F2Ba Au IAEA 240930.csv",-2189.16758861422,3512.31508658328,1,116.677211904859,0.0591141618950878,FALSE
371,371,178,6.72263178789405,6.8144659266245,"A371",282.880000000001,-2835.456,462.5,25,25,25,25,"Polyamide (naturally occurring)",0.950216719543896,"Comparstic LDIR F2Ba Au MP2 240925.xlsx",24.2667115497756,1,1.24255029733576,"circle_calibrated",-2898.35669306931,-862.886095049505,-1909.18933236292,-1624.5012011613,"landmark_ransac","157",3450.35461551195,695.447967947346,519.047,26.629,23.869,23.669,29.227,"Polyamide (PA)",88.27,"Comparstic Raman F2Ba Au IAEA 240930.csv",-1906.72633754402,-1630.75639377846,1,496.149417362128,0.013549611372389,FALSE
372,372,591,7.47225832501325,8.02816846236524,"A372",-1693.614,-2162.654,462.5,45,15,15,45,"Cellulosic",0.95481110035359,"Comparstic LDIR F2Ba Au MP2 240925.xlsx",24.2667115497756,0.333333333333333,0.221853560314608,"circle_calibrated",-2225.55469306931,1113.6079049505,-1273.5542140544,194.787861508121,"landmark_ransac","782",4083.55116008601,2513.52000481592,1802.329,62.841,37.07,37.07,63.722,"Polyphenylene sulphide (PPS)",13.23,"Comparstic Raman F2Ba Au IAEA 240930.csv",-1273.52979296996,187.315643090116,1,68.667254450326,0.108818364514904,FALSE
373,373,566,10.2993730427546,10.4437803673175,"A373",5791.994,-963.794,462.5,30,20,20,30,"Polyamide (naturally occurring)",0.963653571980297,"Comparstic LDIR F2Ba Au MP2 240925.xlsx",24.2667115497756,0.666666666666667,1.15064932635357,"circle_calibrated",-1026.69469306931,-6372.0000950495,-222.502502399058,-6723.20560877864,"landmark_ransac","639",5124.90975651152,-4400.54997056935,560.9,33.213,26.112,23.963,38.053,"Polycarbonate (PC)",15.58,"Comparstic Raman F2Ba Au IAEA 240930.csv",-232.171196544453,-6726.75433229515,1,65.0942264028555,0.15822252774023,FALSE
374,374,668,180.753292883174,180.997529776414,"A374",-459.082,-6340.776,462.5,25,20,20,25,"Polyamide (naturally occurring)",0.905579774011368,"Comparstic LDIR F2Ba Au MP2 240925.xlsx",24.2667115497756,0.8,0.706667173333846,"circle_calibrated",-6403.67669306931,-120.924095049505,-5139.05017671545,-913.701669959337,"landmark_ransac","20",249.927837633106,1590.41933058647,708.375,34.444,29.277,29.137,36.128,"Polyphenylene sulphide (PPS)",8.6,"Comparstic Raman F2Ba Au IAEA 240930.csv",-5107.15311542287,-735.785031139334,0,420.997429283797,0.429345360114602,FALSE
375,375,99,5.94566428942714,6.17267975497622,"A375",-2862.288,263.484,462.5,30,20,20,30,"Polyamide (naturally occurring)",0.943460137458787,"Comparstic LDIR F2Ba Au MP2 240925.xlsx",24.2667115497756,0.666666666666667,0.0300112936396744,"circle_calibrated",200.583306930693,2282.2819049505,974.397679231208,1255.47605032613,"landmark_ransac","735",6336.19235764594,3585.30418316567,735.564,32.247,31.495,29.216,36.166,"Cellulose Acetate Butyrate (CAB)",91.25,"Comparstic Raman F2Ba Au IAEA 240930.csv",979.111404589968,1259.09982143987,1,129.278732386562,0.0459910472485817,FALSE
376,376,183,1.97228307643526,2.61049384163487,"A376",-631.02,326.273999999999,462.5,25,25,25,25,"Polyamide (naturally occurring)",0.934598424284252,"Comparstic LDIR F2Ba Au MP2 240925.xlsx",24.2667115497756,1,0.706667173333846,"circle_calibrated",263.373306930693,51.0139049504945,1015.81514009625,-804.417502023613,"landmark_ransac","67",6374.65488573883,1522.6793557363,1476.894,58.064,38.974,38.974,58.886,"Polyamide (PA)",87.74,"Comparstic Raman F2Ba Au IAEA 240930.csv",1017.57393268286,-803.525005989504,1,386.761009849837,0.00509948786513153,FALSE
377,377,790,5.45377072031214,5.87425545927165,"A377",-240.942,-5534.152,462.5,30,20,20,30,"Polyamide (naturally occurring)",0.95742539755515,"Comparstic LDIR F2Ba Au MP2 240925.xlsx",24.2667115497756,1.5,0.0448263794248147,"circle_calibrated",-5597.05269306931,-339.064095049505,-4396.16457679705,-1121.01995192979,"landmark_ransac","436",964.641979060759,1201.20150898973,1188.7,42.275,37.018,36.991,43.785,"Polypropylene (PP) Lab bench",0.33,"Comparstic Raman F2Ba Au IAEA 240930.csv",-4392.43897399521,-1125.00285273607,1,75.9388374151894,0.0718179380399795,FALSE
378,378,60,18.8998317937952,19.5219114023445,"A378",5384.678,1650.428,462.5,25,20,20,25,"Polyamide (naturally occurring)",0.960430109195392,"Comparstic LDIR F2Ba Au MP2 240925.xlsx",24.2667115497756,0.8,0.706667173333846,"circle_calibrated",1587.52730693069,-5964.68409504951,2193.40548761736,-6366.63384023569,"landmark_ransac","491",7537.14174227779,-4053.81315014983,1372.426,60.222,34.341,34.341,60.889,"Cellulose Acetate Butyrate (CAB)",92.49,"Comparstic Raman F2Ba Au IAEA 240930.csv",2180.06078922182,-6380.01751187563,1,274.294336234636,0.0689034708235022,FALSE
379,379,709,73.7042288026582,73.8789183631864,"A379",3613.428,3179.436,462.5,25,20,20,25,"Polyamide (naturally occurring)",0.94883653693476,"Comparstic LDIR F2Ba Au MP2 240925.xlsx",24.2667115497756,1.25,0.706667173333846,"circle_calibrated",3116.53530693069,-4193.43409504951,3617.78525423603,-4743.12770916769,"landmark_ransac","391",8974.60697130176,-2490.62712034461,331.696,30.773,21.693,21.693,30.85,"Polyvinyl Chloride (PVC)",5.6,"Comparstic Raman F2Ba Au IAEA 240930.csv",3617.52601824579,-4816.83148207041,1,6.74273295530487,10.9309132203836,TRUE
380,380,222,8.50975253224274,8.66201798436444,"A380",1299.35,-5214.352,450,36,19,19,36,"Polyamide (naturally occurring)",0.948097929427761,"Comparstic LDIR F2Ba Au MP2 240925.xlsx",23.936536824086,1.91666661954505,0.0708706773333889,"circle_calibrated",-5277.25269306931,-1879.35609504951,-4112.40949719741,-2545.05742165521,"landmark_ransac","207",1242.49068946316,-227.07863869863,649.715,39.705,23.05,22.914,40.185,"Cellulose Acetate Butyrate (CAB)",84.73,"Comparstic Raman F2Ba Au IAEA 240930.csv",-4114.59026359281,-2553.28300042443,1,120.385778022894,0.0706873575267704,FALSE
381,381,219,11.3029727187344,11.4525586770126,"A381",3068.468,4213.768,450,25,20,20,25,"Polyamide (naturally occurring)",0.953584272303069,"Comparstic LDIR F2Ba Au MP2 240925.xlsx",23.936536824086,0.8,0.0416398519353394,"circle_calibrated",4150.86730693069,-3648.4740950495,4576.49768869891,-4247.80332784727,"landmark_ransac","725",9922.96661920415,-1917.70767203553,539.809,31.522,21.99,21.99,32.88,"Cellulose Acetate Butyrate (CAB)",85.09,"Comparstic Raman F2Ba Au IAEA 240930.csv",4565.88566614818,-4243.91203376133,1,298.172121712423,0.0379075436490196,FALSE
382,382,59,7.23883517370796,7.65561433321311,"A382",-1727.57,4553.276,450,28,21,21,28,"Polyamide (naturally occurring)",0.909465260608687,"Comparstic LDIR F2Ba Au MP2 240925.xlsx",23.936536824086,0.750000042146853,0.0608914088907162,"circle_calibrated",4490.37530693069,1147.5639049505,4925.40399913721,176.354364144594,"landmark_ransac","3",10287.4995347114,2507.77932898116,1121.471,38.829,37.803,36.376,41.753,"Polyethylene terephtalate (PET)",92.5,"Comparstic Raman F2Ba Au IAEA 240930.csv",4930.41858165543,181.574967255356,2,41.7569322684308,0.173356489101588,FALSE
383,383,271,10.0555907900652,10.4167700162723,"A383",4055.61,1815.866,450,28,21,21,28,"Cellulosic",0.641622151549329,"Comparstic LDIR F2Ba Au MP2 240925.xlsx",23.936536824086,1.3333332584056,0.521706612082046,"circle_calibrated",1752.96530693069,-4635.61609504951,2355.95262124519,-5141.14936629331,"landmark_ransac","614",7703.04727390236,-2816.12344017551,959.825,42.129,31.875,31.261,43.629,"Cellulose Acetate Butyrate (CAB)",78.95,"Comparstic Raman F2Ba Au IAEA 240930.csv",2345.96632084639,-5142.32780190131,1,168.818805375778,0.059564399639496,FALSE
384,384,691,4.18257937447665,4.35554507129891,"A384",-1423.63,1984.918,450,25,20,20,25,"Polyamide (naturally occurring)",0.965927014115936,"Comparstic LDIR F2Ba Au MP2 240925.xlsx",23.936536824086,0.8,0.319894198237835,"circle_calibrated",1922.01730693069,843.623904950495,2552.59397995025,-85.142763116166,"landmark_ransac","224",7911.43380670416,2244.85637574914,633.567,28.821,28.009,28.009,29.796,"Polyphenylene sulphide (PPS)",7.23,"Comparstic Raman F2Ba Au IAEA 240930.csv",2554.35285364819,-81.3479859766635,1,237.235729051757,0.0176304783060909,FALSE
385,385,527,392.793827164568,392.928177410255,"A385",3103.698,4680.104,450,30,20,20,30,"Chitin",0.92005331203168,"Comparstic LDIR F2Ba Au MP2 240925.xlsx",23.936536824086,0.666666666666667,1.12325035216545,"circle_calibrated",4617.20330693069,-3683.70409504951,5006.65798915485,-4283.77630916773,"landmark_ransac","186",10670.4026128899,-2203.01926102312,443.085,41.671,18.456,18.456,41.333,"Polycarbonate (PC)",18.54,"Comparstic Raman F2Ba Au IAEA 240930.csv",5313.32165983393,-4529.22362274892,0,224.346829938101,1.7508329726475,TRUE
386,386,729,8.01282375632002,8.24730512023428,"A386",1677.702,-4628.208,450,30,20,20,30,"Polycarbonate",0.719971283990988,"Comparstic LDIR F2Ba Au MP2 240925.xlsx",23.936536824086,1.5,0.0324652826012413,"circle_calibrated",-4691.10869306931,-2257.70809504951,-3574.21115221793,-2898.61500560237,"landmark_ransac","497",1779.24388001324,-579.556134952911,800.98,32.722,31.574,31.465,33.221,"Polyethylene terephtalate (PET)",4.3,"Comparstic Raman F2Ba Au IAEA 240930.csv",-3577.83707304273,-2905.76049667871,1,54.7550262918822,0.146339510707312,FALSE
387,387,125,10.404307387292,10.895558515194,"A387",-4557.8,-4268.212,450,30,20,20,30,"Polyamide (naturally occurring)",0.944523414565781,"Comparstic LDIR F2Ba Au MP2 240925.xlsx",23.936536824086,1.5,0.0477327547320296,"circle_calibrated",-4331.11269306931,3977.7939049505,-3195.7262799669,2853.99535791149,"landmark_ransac","192",2168.46170160999,5172.60105147688,1356.278,45.262,38.657,38.001,47.575,"Polyethylene terephtalate (PET)",90.75,"Comparstic Raman F2Ba Au IAEA 240930.csv",-3188.61925144598,2846.39668975108,1,276.810703423034,0.0375863622996967,FALSE
388,388,85,9.70387043856521,9.9760184586128,"A388",-2724.8,2749.292,437.5,25,25,25,25,"Polyethylene terephthalate",0.859266622324985,"Comparstic LDIR F2Ba Au MP2 240925.xlsx",23.6017435970657,1,0.0442406336353962,"circle_calibrated",2686.39130693069,2144.7939049505,3267.74364238604,1110.15330908934,"landmark_ransac","32",8634.18489430047,3438.91694937928,708.375,34.819,32.968,32.621,37.578,"Cellulose Acetate Butyrate (CAB)",91.63,"Comparstic Raman F2Ba Au IAEA 240930.csv",3277.1039412445,1112.71258765348,1,195.813714311515,0.0495566435307365,FALSE
389,389,323,195.651112370855,195.706832364448,"A389",-2387.736,-5704.27,437.5,30,20,20,30,"Polyamide (naturally occurring)",0.92278659197401,"Comparstic LDIR F2Ba Au MP2 240925.xlsx",23.6017435970657,1.5,0.0350660643012981,"circle_calibrated",-5767.17069306931,1807.72990495049,-4537.27030408422,861.700766438437,"landmark_ransac","304",979.567736231136,3074.95810145548,413.59,32.723,19.022,19.022,32.722,"Polyurethane (PU)",68.2,"Comparstic Raman F2Ba Au IAEA 240930.csv",-4377.51321682484,748.753739729676,0,121.457956853579,1.61085463183542,TRUE
390,390,774,3.95773429224259,4.15284425510976,"A390",-393.821999999999,-2264.288,437.5,30,20,20,30,"Polyamide (naturally occurring)",0.921605725311557,"Comparstic LDIR F2Ba Au MP2 240925.xlsx",23.6017435970657,1.5,0.432749031967408,"circle_calibrated",-2327.18869306931,-186.184095049506,-1376.99419974448,-1004.14816308052,"landmark_ransac","302",3981.36713022728,1318.31129601884,621.868,34.33,25.757,22.939,38.969,"Polytetrafluoroethylene (PTFE)",1.66,"Comparstic Raman F2Ba Au IAEA 240930.csv",-1375.71382282869,-1007.89306570696,1,224.879488639863,0.0175993565094804,FALSE
391,391,444,10.4957231224918,10.5635806089298,"A391",-687.934,-4782.908,437.5,30,20,20,30,"Polyamide (naturally occurring)",0.935089582994456,"Comparstic LDIR F2Ba Au MP2 240925.xlsx",23.6017435970657,1.5,0.0350660643012981,"circle_calibrated",-4845.80869306931,107.927904950495,-3699.46436378031,-714.020545607151,"landmark_ransac","13",1665.57849848499,1605.34508775685,439.954,34.947,17.727,17.727,34.539,"Polyacrylamide/acrylate",32.28,"Comparstic Raman F2Ba Au IAEA 240930.csv",-3691.50245457098,-720.859273968954,1,134.996207330282,0.0777482814521812,FALSE
392,392,167,10.6452869602677,10.7666166652883,"A392",-5726.396,80.0280000000005,437.5,40,15,15,40,"Carbonate",0.693004986025963,"Comparstic LDIR F2Ba Au MP2 240925.xlsx",23.6017435970657,0.375,0.0395779933434077,"circle_calibrated",17.1273069306936,5146.3899049505,826.297466135039,3900.36610078764,"landmark_ransac","369",6192.67546177693,6231.75574299015,583.31,38.377,21.691,21.192,40.185,"Polyacrylamide/acrylate",88.85,"Comparstic Raman F2Ba Au IAEA 240930.csv",835.594508720957,3905.55138126435,1,249.440808898452,0.0426766053529011,FALSE
393,393,563,9.62760943213778,9.85400762762147,"A393",4212.39,4098.38,437.5,32,19,19,32,"Polycarbonate",0.808576132423567,"Comparstic LDIR F2Ba Au MP2 240925.xlsx",23.6017435970657,1.64285699373759,0.0718388555616298,"circle_calibrated",4035.47930693069,-4792.3960950495,4461.51817313727,-5302.77165365269,"landmark_ransac","716",9812.17157559328,-2969.39948496361,742.979,37.457,28.217,28.217,37.345,"Polyacrylamide/acrylate",15.76,"Comparstic Raman F2Ba Au IAEA 240930.csv",4455.09062253731,-5295.60384668941,1,90.522955915093,0.10635544691192,FALSE
394,394,692,6.26206323386293,6.55131773002266,"A394",-3765.71,4361.786,437.5,30,20,20,30,"Polyamide (naturally occurring)",0.868942158480459,"Comparstic LDIR F2Ba Au MP2 240925.xlsx",23.6017435970657,0.666666666666667,0.365307751171875,"circle_calibrated",4298.88530693069,3185.7039049505,4763.76694653494,2058.94740350067,"landmark_ransac","783",10126.1865437547,4388.42473244863,858.487,38.463,28.703,28.666,38.696,"Polyphenylene sulphide (PPS)",7.22,"Comparstic Raman F2Ba Au IAEA 240930.csv",4769.10559069873,2062.22037072283,1,72.4400705763424,0.0864447423096245,FALSE
395,395,646,1.52171555767502,1.64571149030395,"A395",-1607.372,-1943.5,437.5,25,25,25,25,"Cellulosic",0.913587908974417,"Comparstic LDIR F2Ba Au MP2 240925.xlsx",23.6017435970657,1,0.67849629636715,"circle_calibrated",-2006.40069306931,1027.36590495049,-1071.91740541511,113.563502651278,"landmark_ransac","75",4285.62294946957,2438.31715138057,516.905,29.543,22.632,22.632,29.59,"Polyphenylene sulphide (PPS)",9.36,"Comparstic Raman F2Ba Au IAEA 240930.csv",-1071.4580035864,112.112789654766,1,149.664469627213,0.0101675137824317,FALSE
396,396,38,9.765438441676,9.90269424932429,"A396",-5734.456,-814.892,437.5,25,20,20,25,"Polyamide (naturally occurring)",0.945369327981254,"Comparstic LDIR F2Ba Au MP2 240925.xlsx",23.6017435970657,1.25,0.67849629636715,"circle_calibrated",-877.792693069307,5154.44990495049,0.35894595568891,3914.43796828032,"landmark_ransac","363",5367.16627673841,6241.51489190925,348.668,27.555,17.796,17.033,29.524,"Cellulose Acetate Butyrate (CAB)",93.2,"Comparstic Raman F2Ba Au IAEA 240930.csv",10.0853236824369,3915.31053018345,1,119.663308462032,0.0816076253212947,FALSE
397,397,65,6.56155701651394,6.8149779144898,"A397",-1539.486,5093.608,437.5,27,25,25,27,"Polyamide (naturally occurring)",0.941757882834036,"Comparstic LDIR F2Ba Au MP2 240925.xlsx",23.6017435970657,0.916666740711136,0.0457892533426862,"circle_calibrated",5030.70730693069,959.479904950495,5422.72867958662,-1.24906857681674,"landmark_ransac","165",10777.1791834165,2330.96651327055,756.161,33.296,30.426,29.722,36.199,"Cellulose Acetate Butyrate (CAB)",92.36,"Comparstic Raman F2Ba Au IAEA 240930.csv",5420.09823036053,4.7621515447463,1,167.031100660393,0.0392834447631096,FALSE
398,398,768,10.3897265378942,10.6311756872568,"A398",-2294.032,-5625.542,437.5,30,20,20,30,"Polyamide (naturally occurring)",0.89218120974012,"Comparstic LDIR F2Ba Au MP2 240925.xlsx",23.6017435970657,1.5,0.050814421269437,"circle_calibrated",-5688.44269306931,1714.02590495049,-4465.2999724337,774.629841433134,"landmark_ransac","280",892.30946354278,3090.45792620933,773.627,32.933,28.906,28.906,35.018,"Polyethylene naphtalate (PEN)",1.95,"Comparstic Raman F2Ba Au IAEA 240930.csv",-4464.77148951319,764.253564483526,1,91.5209653560189,0.113522912454845,FALSE
399,399,490,7.16183557831583,7.446853588984,"A399",-859.586,4181.268,425,25,25,25,25,"Carbonate",0.822068198092886,"Comparstic LDIR F2Ba Au MP2 240925.xlsx",23.2621324584064,1,0.301202065225683,"circle_calibrated",4118.36730693069,279.579904950495,4575.6130087472,-622.025254815403,"landmark_ransac","732",9930.42949778934,1710.97352311644,692.392,35.577,27.358,26.818,36.74,"Polyacrylamide/acrylate",23.21,"Comparstic Raman F2Ba Au IAEA 240930.csv",4573.34854473337,-615.230838609364,2,41.340463825316,0.173240329585516,FALSE
400,400,741,388.991848008122,389.177813092549,"A400",3678.168,-1867.632,425,25,20,20,25,"Polyethylene terephthalate",0.9338797427024,"Comparstic LDIR F2Ba Au MP2 240925.xlsx",23.2621324584064,0.8,0.706667173333847,"circle_calibrated",-1930.53269306931,-4258.17409504951,-1041.06554886092,-4765.47599185982,"landmark_ransac","425",4694.3590689045,-2529.66371602098,516.905,29.929,27.862,24.838,36.456,"Polyether sulphone (PES)",3.91,"Comparstic Raman F2Ba Au IAEA 240930.csv",-662.721884151472,-4855.86807774678,0,62.572528949662,6.21665536838148,TRUE
401,401,735,10.7514905158294,10.871044277582,"A401",5104.346,3139.5,425,25,20,20,25,"Polyamide (naturally occurring)",0.946861381794015,"Comparstic LDIR F2Ba Au MP2 240925.xlsx",23.2621324584064,1.25,0.706667173333847,"circle_calibrated",3076.59930693069,-5684.35209504951,3569.87512303816,-6118.92754399765,"landmark_ransac","351",8916.62614537068,-3789.74206175086,334.991,21.241,20.666,19.625,22.592,"Polyvinyl Chloride (PVC)",4.04,"Comparstic Raman F2Ba Au IAEA 240930.csv",3559.54519231471,-6115.94642347666,1,300.608701884651,0.0357657328228472,FALSE
402,402,138,5.31348981856743,5.44220838223278,"A402",113.021999999999,-58.2400000000002,425,30,15,15,30,"Polyamide (naturally occurring)",0.805130344899859,"Comparstic LDIR F2Ba Au MP2 240925.xlsx",23.2621324584064,0.5,0.358299121017398,"circle_calibrated",-121.140693069307,-693.028095049504,655.399874887883,-1488.30775524377,"landmark_ransac","14",6015.86264606632,833.798255565069,527.945,35.429,20.538,20.538,35.429,"Cellulose Acetate Butyrate (CAB)",90.32,"Comparstic Raman F2Ba Au IAEA 240930.csv",658.781693010347,-1492.40610616073,1,165.966181305656,0.032015497234233,FALSE
403,403,155,4.36169338170488,4.60808597223165,"A403",-3201.822,1227.2,425,28,21,21,28,"Polyamide (naturally occurring)",0.941939942156032,"Comparstic LDIR F2Ba Au MP2 240925.xlsx",23.2621324584064,1.3333332584056,0.416920149252843,"circle_calibrated",1164.29930693069,2621.8159049505,1866.41007112483,1561.71855863599,"landmark_ransac","487",7227.14524720073,3885.54152932363,697.171,38.323,27.977,27.977,38.463,"Cellulose Acetate Butyrate (CAB)",89.62,"Comparstic Raman F2Ba Au IAEA 240930.csv",1870.06429414476,1559.33716759783,1,200.116862182636,0.0217957314247922,FALSE
404,404,614,12.0853825647242,12.169378250583,"A404",5199.116,-1221.61,425,28,21,21,28,"Polyamide",0.913720199643274,"Comparstic LDIR F2Ba Au MP2 240925.xlsx",23.2621324584064,0.750000042146853,0.464548198242098,"circle_calibrated",-1284.51069306931,-5779.12209504951,-456.06890112452,-6174.07698791571,"landmark_ransac","389",4888.96797970288,-3848.87102284889,443.744,29.046,26.686,23.346,33.375,"Polyphenylene sulphide (PPS)",11.73,"Comparstic Raman F2Ba Au IAEA 240930.csv",-468.112973353092,-6175.07538457469,1,298.058507818166,0.0405470142529767,FALSE
405,405,471,343.924822016935,344.155072588157,"A405",1312.454,3537.846,425,35,15,15,35,"Polyamide (naturally occurring)",0.893401078619942,"Comparstic LDIR F2Ba Au MP2 240925.xlsx",23.2621324584064,2.33333333333333,1.28997568222493,"circle_calibrated",3474.94530693069,-1892.46009504951,3965.64593857277,-2622.01820259854,"landmark_ransac","230",8980.34764713652,-263.24489645762,676.574,38.54,27.934,27.555,41.333,"Polyacrylamide/acrylate",26.81,"Comparstic Raman F2Ba Au IAEA 240930.csv",3623.26669408055,-2589.44925818342,0,236.529971344379,1.45404330817845,TRUE
406,406,200,11.498729493206,11.7334515772862,"A406",-6110.832,-2160.548,425,25,20,20,25,"Polyamide (naturally occurring)",0.977740264628638,"Comparstic LDIR F2Ba Au MP2 240925.xlsx",23.2621324584064,0.8,0.203844266569695,"circle_calibrated",-2223.44869306931,5530.82590495049,-1238.87266841155,4271.80077454451,"landmark_ransac","204",4129.47656676409,6595.71459091396,678.716,33.587,27.467,27.465,33.985,"Polyacrylamide/acrylate",86.69,"Comparstic Raman F2Ba Au IAEA 240930.csv",-1227.60438629188,4269.51022918816,1,592.059609982223,0.0194215739417712,FALSE
407,407,536,9.36748694990893,9.61228752823086,"A407",-4842.656,438.464,425,25,20,20,25,"Carbonate",0.783919203644601,"Comparstic LDIR F2Ba Au MP2 240925.xlsx",23.2621324584064,0.8,0.262113174693671,"circle_calibrated",375.563306930693,4262.64990495049,1150.57898145047,3082.03031355922,"landmark_ransac","36",6517.02364644089,5407.96876070206,645.101,32.29,26.491,26.491,36.939,"Polyacrylamide/acrylate",17.61,"Comparstic Raman F2Ba Au IAEA 240930.csv",1159.94269338492,3081.76439897626,1,205.916487139025,0.045491680049808,FALSE
408,408,613,9.76347688709008,9.84195638803539,"A408",-4089.54,-3668.782,425,30,20,20,30,"Carbonate",0.728779598998151,"Comparstic LDIR F2Ba Au MP2 240925.xlsx",23.2621324584064,1.5,0.451389544083411,"circle_calibrated",-3731.68269306931,3509.5339049505,-2645.93149207093,2417.35551859638,"landmark_ransac","505",2720.14064933045,4739.75409353596,445.392,34.375,18.787,18.787,35.018,"Polyether sulphone (PES)",11.75,"Comparstic Raman F2Ba Au IAEA 240930.csv",-2636.94030372552,2413.54973181016,1,347.295693300443,0.0281128648452423,FALSE
409,409,499,4.34844687008569,4.78809037272166,"A409",-3711.11,3914.638,425,25,20,20,25,"Polyamide (naturally occurring)",0.955656811872781,"Comparstic LDIR F2Ba Au MP2 240925.xlsx",23.2621324584064,0.8,0.242310547397491,"circle_calibrated",3851.73730693069,3131.10390495049,4350.65112798226,2011.86638028774,"landmark_ransac","51",9711.1356809015,4340.77712302012,1031.832,39.037,38.463,36.89,41.874,"Polyethylene naphtalate (PEN)",21.69,"Comparstic Raman F2Ba Au IAEA 240930.csv",4354.05472784553,2014.57276129432,2,49.1530624566109,0.0884674657641975,FALSE
410,410,284,283.226494193748,283.627343242132,"A410",1099.8,88.7119999999997,425,25,20,20,25,"Polyamide (naturally occurring)",0.946485552328187,"Comparstic LDIR F2Ba Au MP2 240925.xlsx",23.2621324584064,1.25,0.262113174693671,"circle_calibrated",25.8113069306928,-1679.80609504951,783.721052525825,-2400.17873974022,"landmark_ransac","269",6299.45203230347,-308.596235552226,967.075,38.517,33.331,31.574,40.759,"Polyamide (PA)",76.88,"Comparstic Raman F2Ba Au IAEA 240930.csv",942.371079247498,-2634.80059727803,0,365.074504152293,0.775804639799218,TRUE
411,411,123,3.43738142942183,3.69503955435991,"A411",-2689.622,-868.192,425,32,18,18,32,"Polyamide",0.699331060076559,"Comparstic LDIR F2Ba Au MP2 240925.xlsx",23.2621324584064,0.555555622157991,0.026590797816598,"circle_calibrated",-931.092693069307,2109.6159049505,-71.4026465142598,1104.49511746716,"landmark_ransac","38",5289.09308538567,3430.30593562714,802.463,33.579,31.369,31.365,35.036,"Cellulose Acetate Butyrate (CAB)",90.8,"Comparstic Raman F2Ba Au IAEA 240930.csv",-67.9878676703029,1104.10157390134,1,190.737324400171,0.018021545810353,FALSE
412,412,675,14.4936919686842,14.6053750303166,"A412",-3140.254,3687.138,425,25,20,20,25,"Polyamide (naturally occurring)",0.954396830772095,"Comparstic LDIR F2Ba Au MP2 240925.xlsx",23.2621324584064,0.8,0.323988578411758,"circle_calibrated",3624.23730693069,2560.2479049505,4136.44107025034,1486.66061543028,"landmark_ransac","534",9503.32321568318,3823.54223030822,362.674,28.209,17.729,17.592,28.821,"Polyphenylene sulphide (PPS)",8.13,"Comparstic Raman F2Ba Au IAEA 240930.csv",4146.24226262721,1497.33786858242,1,76.3079856864717,0.189936765310969,FALSE
413,413,52,11.8495455774491,11.9035181255844,"A413",5238.298,-523.666,425,25,20,20,25,"Polyamide (naturally occurring)",0.955179047592051,"Comparstic LDIR F2Ba Au MP2 240925.xlsx",23.2621324584064,0.8,0.28231588201119,"circle_calibrated",-586.566693069307,-5818.3040950495,187.832953914126,-6215.41414613249,"landmark_ransac","408",5533.07180836298,-3889.62982127568,464.341,24.743,22.883,22.883,26.187,"Cellulose Acetate Butyrate (CAB)",92.83,"Comparstic Raman F2Ba Au IAEA 240930.csv",175.990855307007,-6215.83418300148,1,353.560881800535,0.0335148660030047,FALSE
414,414,746,9.65251798337516,9.72070711722128,"A414",4287.842,-1600.404,425,25,20,20,25,"Polyamide (naturally occurring)",0.952325484941445,"Comparstic LDIR F2Ba Au MP2 240925.xlsx",23.2621324584064,0.8,0.302935169213925,"circle_calibrated",-1663.30469306931,-4867.84809504951,-798.936491603305,-5330.17683456828,"landmark_ransac","739",4548.54590270159,-3004.99167513913,449.676,25.167,22.326,22.326,28.703,"Polycarbonate (PC)",3.68,"Comparstic Raman F2Ba Au IAEA 240930.csv",-808.535050354382,-5331.19603686493,1,62.6303676902793,0.154118813913227,FALSE
415,415,332,9.53269419939882,9.78497657217992,"A415",-6415.76,-548.314,425,25,20,20,25,"Polyamide (naturally occurring)",0.96648582664155,"Comparstic LDIR F2Ba Au MP2 240925.xlsx",23.2621324584064,1.25,0.323988578411758,"circle_calibrated",-611.214693069307,5835.75390495049,251.456007735887,4541.29602215973,"landmark_ransac","89",5618.03381071743,6866.67449031464,637.357,37.248,26.651,26.651,37.314,"Polyacrylamide/acrylate",65.25,"Comparstic Raman F2Ba Au IAEA 240930.csv",260.952857661458,4540.47012858884,1,303.87427126412,0.0313705209715279,FALSE
416,416,457,7.96131767379993,8.08007205913984,"A416",2579.564,2641.028,425,25,20,20,25,"Polyamide (naturally occurring)",0.967439617606373,"Comparstic LDIR F2Ba Au MP2 240925.xlsx",23.2621324584064,1.25,0.341207399839382,"circle_calibrated",2578.12730693069,-3159.5700950495,3128.50480590941,-3784.89579140276,"landmark_ransac","322",8478.03851159499,-1456.1573349208,492.847,30.992,22.006,22.006,30.85,"Polycarbonate (PC)",29.63,"Comparstic Raman F2Ba Au IAEA 240930.csv",3120.95755853902,-3782.3616966466,1,295.773161194436,0.0269169712412354,FALSE
417,417,674,6.88075602211195,7.00434126223729,"A417",1789.632,4383.002,425,29,19,19,29,"Carbonate",0.822998721391764,"Comparstic LDIR F2Ba Au MP2 240925.xlsx",23.2621324584064,0.66666669395652,0.053666272727777,"circle_calibrated",4320.10130693069,-2369.63809504951,4742.17618650474,-3068.71039924903,"landmark_ransac","615",10096.3350294139,-736.276585241866,496.967,35.316,19.079,19.079,35.316,"Polyethylene terephtalate (PET)",8.25,"Comparstic Raman F2Ba Au IAEA 240930.csv",4739.25407635793,-3062.48094696767,1,87.5947984989212,0.0785521074313184,FALSE
418,418,698,6.117790916354,6.42480324626205,"A418",-2134.236,4503.2,412.5,25,21,21,25,"Polyamide (naturally occurring)",0.948134892701059,"Comparstic LDIR F2Ba Au MP2 240925.xlsx",22.9174892211877,1.1666666292028,0.418985100882066,"circle_calibrated",4440.29930693069,1554.22990495049,4882.19853468567,552.072351272314,"landmark_ransac","451",10239.8519252829,2884.36766374144,788.457,32.148,32.148,30.631,34.504,"Polyphenylene sulphide (PPS)",6.68,"Comparstic Raman F2Ba Au IAEA 240930.csv",4882.77097222693,558.163302015636,1,79.8206736795854,0.0766441904626353,FALSE
419,419,257,3.45347684124594,3.72079168039723,"A419",-2435.186,3176.732,412.5,25,20,20,25,"Polyamide (naturally occurring)",0.897875915099276,"Comparstic LDIR F2Ba Au MP2 240925.xlsx",22.9174892211877,0.8,0.418985100882066,"circle_calibrated",3113.83130693069,1855.17990495049,3660.11815592466,839.675837309545,"landmark_ransac","223",9019.95831039636,3167.9570499786,712.001,32.474,31.256,30.06,33.375,"Polyacrylamide/acrylate",80.85,"Comparstic Raman F2Ba Au IAEA 240930.csv",3662.87735734039,841.752688252796,1,73.5758621927884,0.0469376333259528,FALSE
420,420,32,11.4040167704184,11.4922169081009,"A420",-5329.948,-1502.54,412.5,34,18,18,34,"Polyamide (naturally occurring)",0.92390376041983,"Comparstic LDIR F2Ba Au MP2 240925.xlsx",22.9174892211877,1.87499997500999,0.0433106664469141,"circle_calibrated",-1565.44069306931,4749.94190495049,-637.328210447037,3546.17934643288,"landmark_ransac","568",4731.09939424697,5871.24130056721,488.234,37.995,19.079,19.079,37.888,"Cellulose Acetate Butyrate (CAB)",93.35,"Comparstic Raman F2Ba Au IAEA 240930.csv",-625.981558809002,3545.03693884141,1,79.0602917736373,0.144244557091567,FALSE
421,421,575,301.550156629713,302.661668944187,"A421",487.032,829.608,412.5,28,18,18,28,"Carbonate",0.796858376679771,"Comparstic LDIR F2Ba Au MP2 240925.xlsx",22.9174892211877,0.625000063220279,0.510681142070337,"circle_calibrated",766.707306930693,-1067.03809504951,1472.09884181716,-1840.09378267468,"landmark_ransac","457",6915.42654937325,197.157305490154,1233.849,326.088,82.601,82.601,310.94,"Polycarbonate (PC)",14.71,"Comparstic Raman F2Ba Au IAEA 240930.csv",1558.34559631728,-2129.04705623565,0,347.761804038881,0.867116955132885,TRUE
422,422,739,1.78245708627183,1.84806181646956,"A422",-1782.352,-2714.322,412.5,25,21,21,25,"Polyamide (naturally occurring)",0.948704288282523,"Comparstic LDIR F2Ba Au MP2 240925.xlsx",22.9174892211877,0.857142884667332,0.706667173333846,"circle_calibrated",-2777.22269306931,1202.34590495049,-1782.07815128471,280.780384264959,"landmark_ransac","713",3576.64948387668,2607.66708850599,473.404,26.84,22.931,22.931,26.957,"Polytetrafluoroethylene (PTFE)",3.99,"Comparstic Raman F2Ba Au IAEA 240930.csv",-1780.43146917929,281.462726780186,2,38.4351263434446,0.0463757311565554,FALSE
423,423,480,297.865451682706,298.120493630625,"A423",5282.056,-1641.276,412.5,29,20,20,29,"Polyethylene",0.867829382616979,"Comparstic LDIR F2Ba Au MP2 240925.xlsx",22.9174892211877,0.692307667071236,0.00728400762688519,"circle_calibrated",-1704.17669306931,-5862.06209504951,-844.029268818592,-6247.51910238863,"landmark_ransac","539",4700.09974473926,-4153.12684209118,427.101,54.024,14.337,14.337,53.388,"Polyethylene terephtalate (PET)",25.03,"Comparstic Raman F2Ba Au IAEA 240930.csv",-656.981208316713,-6479.33120381698,0,121.913195507579,2.44325850407382,TRUE
424,424,66,30.5458448061547,30.6637995886495,"A424",-1671.748,4607.642,412.5,25,20,20,25,"Polycarbonate",0.750265069121513,"Comparstic LDIR F2Ba Au MP2 240925.xlsx",22.9174892211877,0.8,0.294135615262076,"circle_calibrated",4544.74130693069,1091.7419049505,4975.16931445216,124.4285352659,"landmark_ransac","41",10313.9066435513,2475.05747672303,339.935,27.615,16.797,16.496,28.182,"Cellulose Acetate Butyrate (CAB)",92.32,"Comparstic Raman F2Ba Au IAEA 240930.csv",4956.82569049533,148.853114997226,1,72.5833505355757,0.420838175432299,FALSE
425,425,456,5.5140361095129,6.11676733105718,"A425",-1136.122,-5261.62,412.5,25,20,20,25,"Polyamide (naturally occurring)",0.952625705948835,"Comparstic LDIR F2Ba Au MP2 240925.xlsx",22.9174892211877,0.8,0.706667173333846,"circle_calibrated",-5324.52069306931,556.115904950495,-4137.98693980613,-296.801561395681,"landmark_ransac","434",1222.3983240415,2024.98849127783,1200.564,56.755,31.033,31.033,57.637,"Polyacrylamide/acrylate",29.93,"Comparstic Raman F2Ba Au IAEA 240930.csv",-4134.68262901447,-301.215870447974,1,116.281155512783,0.0474198599523439,FALSE
426,426,767,387.676115567204,388.100286882012,"A426",-2714.166,1535.352,412.5,25,20,20,25,"Polyurethane",0.679958098054692,"Comparstic LDIR F2Ba Au MP2 240925.xlsx",22.9174892211877,1.25,0.706667173333846,"circle_calibrated",1472.45130693069,2134.1599049505,2147.21571362851,1109.33526668855,"landmark_ransac","755",7871.82314344431,3558.89707432577,683.824,54.294,22.516,22.516,52.814,"Polycarbonate (PC)",1.97,"Comparstic Raman F2Ba Au IAEA 240930.csv",2514.74219038834,1232.69271259997,0,263.155340358549,1.47318353881398,TRUE
427,427,683,234.6092004587,234.733114533845,"A427",-4498.078,2734.576,412.5,25,20,20,25,"Polyamide (naturally occurring)",0.951332291907509,"Comparstic LDIR F2Ba Au MP2 240925.xlsx",22.9174892211877,0.8,0.706667173333846,"circle_calibrated",2671.67530693069,3918.0719049505,3267.30344651181,2746.97239996883,"landmark_ransac","292",8398.24311749183,5010.71399293664,408.811,32.393,22.813,20.681,35.983,"Polyether sulphone (PES)",7.76,"Comparstic Raman F2Ba Au IAEA 240930.csv",3041.16216443586,2684.50963121084,0,168.764261038366,1.39015926129861,TRUE
428,428,410,6.62893933905273,6.95260562251119,"A428",-861.51,-4415.138,412.5,25,21,21,25,"Polyamide (naturally occurring)",0.954751288364949,"Comparstic LDIR F2Ba Au MP2 240925.xlsx",22.9174892211877,0.857142802093913,0.710296012486989,"circle_calibrated",-4478.03869306931,281.503904950495,-3358.73151678498,-556.53808838455,"landmark_ransac","667",2004.85244031932,1768.38028146404,750.558,32.474,30.445,29.867,39.037,"Cellulose Acetate Butyrate (CAB)",41.61,"Comparstic Raman F2Ba Au IAEA 240930.csv",-3352.22851273665,-557.824080261764,1,254.018523331547,0.0260962832635657,FALSE
429,429,722,21.9150151099663,22.5717577031163,"A429",-2074.462,-736.216,412.5,25,20,20,25,"Polyamide (naturally occurring)",0.916359984558259,"Comparstic LDIR F2Ba Au MP2 240925.xlsx",22.9174892211877,1.25,0.710296012486989,"circle_calibrated",-799.116693069307,1494.4559049505,45.850106062189,535.733181571237,"landmark_ransac","470",5416.53608891734,2844.75700048159,1439.655,59.392,35.525,35.525,58.791,"Polytetrafluoroethylene (PTFE)",4.63,"Comparstic Raman F2Ba Au IAEA 240930.csv",59.4551358613671,518.552638755786,1,82.1589202130437,0.266739327307846,FALSE
430,430,673,3.03450459373517,3.17693987405246,"A430",1120.444,2529.202,400,25,20,20,25,"Polyamide (naturally occurring)",0.956601468814161,"Comparstic LDIR F2Ba Au MP2 240925.xlsx",22.5675833419103,0.8,0.679524353820235,"circle_calibrated",2466.30130693069,-1700.45009504951,3036.10513191713,-2437.32028426698,"landmark_ransac","130",8390.20617132316,-110.542919252996,314.229,28.5,15.922,15.884,28.553,"Polycarbonate (PC)",8.32,"Comparstic Raman F2Ba Au IAEA 240930.csv",3033.12521826719,-2436.7472809788,1,261.023435014863,0.0116254105443152,FALSE
431,431,436,175.369909543852,175.547020212961,"A431",-5881.616,-688.402,400,25,20,20,25,"Polyamide (naturally occurring)",0.785236924116364,"Comparstic LDIR F2Ba Au MP2 240925.xlsx",22.5675833419103,0.8,0.41120296044001,"circle_calibrated",-751.302693069307,5301.60990495049,118.198052651611,4049.32705927216,"landmark_ransac","397",5477.96132034928,6200.18202589897,452.148,35.707,19.059,19.059,35.722,"Polyacrylamide/acrylate",34.5,"Comparstic Raman F2Ba Au IAEA 240930.csv",120.880367293307,3873.97766417317,0,71.9070221779336,2.43884260858279,TRUE
432,432,546,6.55673565575908,6.82277682186614,"A432",-1014.156,3802.318,400,25,20,20,25,"Polyamide (naturally occurring)",0.938731611716842,"Comparstic LDIR F2Ba Au MP2 240925.xlsx",22.5675833419103,1.25,0.322255474423514,"circle_calibrated",3739.41730693069,434.149904950495,4226.99320188422,-476.550826255133,"landmark_ransac","584",9581.39640703592,1855.6385541524,669.818,31.095,29.513,29.513,34.39,"Polyether sulphone (PES)",16.76,"Comparstic Raman F2Ba Au IAEA 240930.csv",4224.31545397995,-470.565807573404,1,89.2408666374512,0.073472344037137,FALSE
433,433,503,394.297607931869,394.356120303351,"A433",-5266.222,199.523999999999,400,25,20,20,25,"Polyamide (naturally occurring)",0.927328848345424,"Comparstic LDIR F2Ba Au MP2 240925.xlsx",22.5675833419103,1.25,0.41120296044001,"circle_calibrated",136.623306930693,4686.2159049505,933.180020798617,3474.74650230697,"landmark_ransac","37",6301.74830263738,5406.8206255351,365.804,25.562,22.429,22.365,26.981,"Polyvinyl Chloride (PVC)",21.55,"Comparstic Raman F2Ba Au IAEA 240930.csv",944.667349581408,3080.6162638093,0,380.6504675345,1.0358521571923,TRUE
434,434,587,1.87750826700019,2.33095955151096,"A434",-1830.4,-1986.4,400,25,20,20,25,"Polyamide (naturally occurring)",0.88472437131034,"Comparstic LDIR F2Ba Au MP2 240925.xlsx",22.5675833419103,1.25,0.263363956595322,"circle_calibrated",-2049.30069306931,1250.3939049505,-1109.8605387032,319.733079529317,"landmark_ransac","685",4248.30855654363,2644.40741384846,703.432,55.168,24.782,24.698,55.685,"Polyethylene terephtalate (PET)",13.52,"Comparstic Raman F2Ba Au IAEA 240930.csv",-1108.77239651234,318.203052122656,1,83.0657943275637,0.022602664336133,FALSE
435,435,382,4.61318880501687,4.78804733163648,"A435",2565.316,280.618,400,25,20,20,25,"Polyamide (naturally occurring)",0.945862620207692,"Comparstic LDIR F2Ba Au MP2 240925.xlsx",22.5675833419103,1.25,0.0359741143996619,"circle_calibrated",217.717306930693,-3145.3220950495,949.986008563003,-3754.25116699243,"landmark_ransac","309",6303.47050538781,-1425.1576854131,519.376,32.409,21.563,21.563,32.605,"Polyethylene (PE)",51.93,"Comparstic Raman F2Ba Au IAEA 240930.csv",946.389552331837,-3751.3620471389,1,112.966357853098,0.0408368375566812,FALSE
436,436,1,8.14660822608045,8.46895682128389,"A436",2145.13,-5722.106,400,25,20,20,25,"Polyamide (naturally occurring)",0.935725697897491,"Comparstic LDIR F2Ba Au MP2 240925.xlsx",22.5675833419103,1.25,0.0530685477589616,"circle_calibrated",-5785.00669306931,-2725.13609504951,-4587.32752567683,-3321.9370018411,"landmark_ransac","791",765.440527594578,-1002.64394397474,794.224,36.533,28.415,28.298,36.533,"Polyethylene (PE)",98.74,"Comparstic Raman F2Ba Au IAEA 240930.csv",-4591.64042546139,-3328.84830570054,1,100.887558311937,0.0807493843878326,FALSE
437,437,197,8.64790067803711,8.92101798852727,"A437",-2619.942,2398.916,400,32,18,18,32,"Polyamide (naturally occurring)",0.953633872989243,"Comparstic LDIR F2Ba Au MP2 240925.xlsx",22.5675833419103,1.80000005394797,0.0326575504988342,"circle_calibrated",2336.01530693069,2039.9359049505,2943.5745026794,1015.96766124329,"landmark_ransac","105",8302.9478986348,3350.51054152397,765.883,39.037,26.981,26.766,39.037,"Cellulose Acetate Butyrate (CAB)",86.83,"Comparstic Raman F2Ba Au IAEA 240930.csv",2945.86694557883,1024.30617979817,1,142.283578525087,0.0607793307399305,FALSE
438,438,311,9.89696148298751,10.1018970558309,"A438",18.5639999999997,4868.37,400,25,24,24,25,"Polyamide (naturally occurring)",0.959716419716355,"Comparstic LDIR F2Ba Au MP2 240925.xlsx",22.5675833419103,1.06666680740323,0.088159867570232,"circle_calibrated",4805.46930693069,-598.570095049505,5203.28993266138,-1437.63742549737,"landmark_ransac","769",10563.0519747799,898.093824914384,554.309,32.942,23.762,23.762,32.88,"Polyacrylamide/acrylate",70.17,"Comparstic Raman F2Ba Au IAEA 240930.csv",5205.97102172393,-1428.11053681142,1,327.865248667529,0.0301860643151708,FALSE
439,439,749,8.32304702537231,8.51009426669851,"A439",-3066.362,1660.828,400,25,20,20,25,"Polyamide (naturally occurring)",0.932969454999438,"Comparstic LDIR F2Ba Au MP2 240925.xlsx",22.5675833419103,1.25,0.343761679644478,"circle_calibrated",1597.92730693069,2486.35590495049,2265.63851529485,1433.477144386,"landmark_ransac","581",7629.56662321743,3764.41326921019,586.935,28.264,28.125,27.47,29.772,"Polyethylene (PE)",3.5,"Comparstic Raman F2Ba Au IAEA 240930.csv",2272.48567016146,1438.20890748439,1,212.666659102311,0.0391365861508559,FALSE
440,440,517,9.86340760350129,9.9273452290793,"A440",4682.262,-1128.166,400,25,20,20,25,"Polyamide (naturally occurring)",0.936523419568051,"Comparstic LDIR F2Ba Au MP2 240925.xlsx",22.5675833419103,1.25,0.143219644753259,"circle_calibrated",-1191.06669306931,-5262.26809504951,-365.990828455773,-5697.72074871165,"landmark_ransac","143",4981.96692822599,-3375.26526648116,390.686,27.538,19.409,19.409,29.043,"Polyether sulphone (PES)",19.52,"Comparstic Raman F2Ba Au IAEA 240930.csv",-375.114024829983,-5701.46962820696,1,488.156102961309,0.0202054374485267,FALSE
441,441,272,7.61998675670157,7.92552846720873,"A441",4202.172,876.252,400,38,16,16,38,"Chitin",0.787670314452342,"Comparstic LDIR F2Ba Au MP2 240925.xlsx",22.5675833419103,0.411764746465899,0.0244129056892348,"circle_calibrated",813.351306930693,-4782.17809504951,1487.61621912673,-5269.46013048825,"landmark_ransac","707",6837.35335802051,-2945.28864645762,897.045,38.152,34.406,34.406,39.28,"Polyacrylamide/acrylate",78.9,"Comparstic Raman F2Ba Au IAEA 240930.csv",1480.27240496454,-5271.49300818342,1,178.666237426968,0.0426492820716413,FALSE
442,442,188,2.48629950683195,2.73072280494506,"A442",3678.376,-4684.16,400,35,18,18,35,"Polyamide (naturally occurring)",0.942171426524939,"Comparstic LDIR F2Ba Au MP2 240925.xlsx",22.5675833419103,2.00000013486992,0.0374422760069093,"circle_calibrated",-4747.06069306931,-4258.38209504951,-3640.6818224646,-4744.79357731106,"landmark_ransac","339",1714.37424308045,-2417.14646965967,676.244,44.203,21.241,21.241,45.747,"Cellulose Acetate Butyrate (CAB)",87.22,"Comparstic Raman F2Ba Au IAEA 240930.csv",-3642.70670997552,-4743.35083138547,1,317.491960926934,0.00783106287029463,FALSE
443,443,157,10.7878791240936,11.4162734262553,"A443",-3697.2,4213.274,400,25,20,20,25,"Polyamide (naturally occurring)",0.931053829809302,"Comparstic LDIR F2Ba Au MP2 240925.xlsx",22.5675833419103,1.25,0.143219644753259,"circle_calibrated",4150.37330693069,3117.1939049505,4626.18475742731,1996.81434213583,"landmark_ransac","58",9988.98439130389,4332.16610926798,1505.071,45.877,44.733,42.855,50.833,"Polyamide (PA)",89.47,"Comparstic Raman F2Ba Au IAEA 240930.csv",4631.90343824792,2005.96174754218,1,131.533416580642,0.0820162617571757,FALSE
444,444,308,8.50403473807821,8.80036596657508,"A444",-1221.324,5336.968,400,28,21,21,28,"Polyamide",0.762426473851475,"Comparstic LDIR F2Ba Au MP2 240925.xlsx",22.5675833419103,0.750000042146853,0.591135118513809,"circle_calibrated",5274.06730693069,641.317904950495,5644.98842696032,-296.711643518139,"landmark_ransac","440",10996.4730003043,2035.89577536387,793.235,37.669,28.31,28.31,37.888,"Polyacrylamide/acrylate",70.24,"Comparstic Raman F2Ba Au IAEA 240930.csv",5639.39204724833,-290.308586361934,1,83.9181578061943,0.101337242861288,FALSE
445,445,253,8.95266516292851,9.20960333069554,"A445",3910.062,1018.082,400,25,20,20,25,"Polyamide (naturally occurring)",0.945613839833864,"Comparstic LDIR F2Ba Au MP2 240925.xlsx",22.5675833419103,1.25,0.263363956595322,"circle_calibrated",955.181306930693,-4490.06809504951,1620.68820602988,-5000.89797032025,"landmark_ransac","536",6969.96296980347,-2670.3102739726,605.555,35.772,25.073,24.91,37.314,"Polyacrylamide/acrylate",81.23,"Comparstic Raman F2Ba Au IAEA 240930.csv",1612.8820167475,-4996.5146356984,2,42.6606241982484,0.20985780989337,FALSE
446,446,104,10.715048374586,11.1239015122142,"A446",3324.23,2290.886,400,25,20,20,25,"Polyamide (naturally occurring)",0.938682943073671,"Comparstic LDIR F2Ba Au MP2 240925.xlsx",22.5675833419103,1.25,0.263363956595322,"circle_calibrated",2227.98530693069,-3904.23609504951,2799.80977637655,-4469.61673202124,"landmark_ransac","132",8146.22744834585,-2144.46436750856,839.208,43.346,26.766,26.766,43.15,"Cellulose Acetate Butyrate (CAB)",91.13,"Comparstic Raman F2Ba Au IAEA 240930.csv",2789.14649528988,-4470.66872923436,1,104.32107569301,0.102712211347567,FALSE
447,447,280,9.80103494366946,9.98913492047689,"A447",313.118,6176.352,400,25,20,20,25,"Polyamide (naturally occurring)",0.93357967119977,"Comparstic LDIR F2Ba Au MP2 240925.xlsx",22.5675833419103,1.25,0.124527511741107,"circle_calibrated",6113.45130693069,-893.124095049505,6408.35540324379,-1719.20048875087,"landmark_ransac","225",11765.1494945787,616.80070901113,579.52,27.698,27.366,25.887,30.317,"Polyacrylamide/acrylate",77.16,"Comparstic Raman F2Ba Au IAEA 240930.csv",6408.06854152273,-1709.40365271467,1,73.4087548257714,0.133513161569506,FALSE
448,448,529,236.357320952834,236.503642692921,"A448",-1658.696,-5411.562,400,31,18,18,31,"Polyamide (naturally occurring)",0.942708238486994,"Comparstic LDIR F2Ba Au MP2 240925.xlsx",22.5675833419103,0.571428544228563,1.05088759624998,"circle_calibrated",-5474.46269306931,1078.6899049505,-4272.50824254863,186.637984596906,"landmark_ransac","188",993.34535823456,2294.80025551156,572.764,33.692,22.326,22.326,33.834,"Polyether sulphone (PES)",18.3,"Comparstic Raman F2Ba Au IAEA 240930.csv",-4363.73559482141,-31.4041062142437,0,185.725522297608,1.27261626742981,TRUE
449,449,343,323.811750054452,323.991951984179,"A449",-71.5,5431.634,387.5,25,20,20,25,"Polyamide (naturally occurring)",0.946482232450932,"Comparstic LDIR F2Ba Au MP2 240925.xlsx",22.2121661164524,0.8,0.674918475019266,"circle_calibrated",5368.73330693069,-508.506095049505,5723.84198255584,-1358.6842229405,"landmark_ransac","387",11249.0627370338,1244.25657775043,545.246,27.555,25.833,25.667,30.85,"Polyacrylamide/acrylate",61.29,"Comparstic Raman F2Ba Au IAEA 240930.csv",5891.98178397783,-1081.94778397537,0,240.024121819722,1.34908003245466,TRUE
450,450,760,3.02117010114898,3.3703575378256,"A450",-1278.108,4573.296,387.5,25,20,20,25,"Polyamide (naturally occurring)",0.961989736542924,"Comparstic LDIR F2Ba Au MP2 240925.xlsx",22.2121661164524,1.25,0.0387115921562515,"circle_calibrated",4510.39530693069,698.101904950495,4940.55103100155,-238.640957076552,"landmark_ransac","388",10296.684616047,2090.43219579409,740.836,38.157,27.603,26.416,40.563,"Polyether sulphone (PES)",2.56,"Comparstic Raman F2Ba Au IAEA 240930.csv",4939.60366299103,-235.772165931714,1,218.40789998429,0.0138326960763154,FALSE
451,451,373,10.7464977285395,11.0926787845583,"A451",-2298.504,1110.252,387.5,32,18,18,32,"Polyethylene terephthalate",0.832463154464022,"Comparstic LDIR F2Ba Au MP2 240925.xlsx",22.2121661164524,0.555555538904949,0.0183005948961241,"circle_calibrated",1047.35130693069,1718.4979049505,1751.77390882822,728.835817296045,"landmark_ransac","307",7108.31325742119,3065.77302011986,884.851,39.068,29.652,29.652,40.759,"Polyacrylamide/acrylate",54.4,"Comparstic Raman F2Ba Au IAEA 240930.csv",1751.23230436522,739.568658394056,1,175.468342339084,0.0612446529401437,FALSE
452,452,5,9.02614749624521,9.88688354379831,"A452",638.17,-4910.88,387.5,34,18,18,34,"Polyamide (naturally occurring)",0.938318886999982,"Comparstic LDIR F2Ba Au MP2 240925.xlsx",22.2121661164524,1.87499997500999,0.267453185883862,"circle_calibrated",-4973.78069306931,-1218.1760950495,-3827.40895226788,-1937.04696553335,"landmark_ransac","454",1536.41329220288,383.155202536387,1996.93,105.231,29.38,29.38,99.314,"Polypropylene (PP)",96.54,"Comparstic Raman F2Ba Au IAEA 240930.csv",-3820.66766085309,-1943.04915918942,1,199.792996297718,0.0451774970269482,FALSE
453,453,224,1.65153237226817,1.68948961187003,"A453",-1515.748,1137.292,387.5,25,21,21,25,"Polyamide (naturally occurring)",0.937355120751652,"Comparstic LDIR F2Ba Au MP2 240925.xlsx",22.2121661164524,0.857142802093913,0.379454262125431,"circle_calibrated",1074.39130693069,935.741904950495,1770.93012669341,6.16291191621713,"landmark_ransac","169",7127.2574876759,2333.83685118793,401.891,23.537,22.389,22.389,23.755,"Polyamide (PA)",84.41,"Comparstic Raman F2Ba Au IAEA 240930.csv",1770.17653461993,7.63248946212616,1,241.106963244981,0.0068497912712297,FALSE
454,454,192,24.4329419157838,25.2132294815382,"A454",-2085.876,-349.934,387.5,31,18,18,31,"Cellulosic",0.634142637972076,"Comparstic LDIR F2Ba Au MP2 240925.xlsx",22.2121661164524,1.75000008330003,1.0191388979354,"circle_calibrated",-412.834693069307,1505.8699049505,402.467415838745,543.405251328667,"landmark_ransac","462",5747.77308458301,2848.20140598245,2307.534,68.645,42.399,42.365,68.769,"Polyamide (PA)",87.17,"Comparstic Raman F2Ba Au IAEA 240930.csv",390.692131527037,521.997044256646,1,145.994794400969,0.167354884234295,FALSE
455,455,703,8.89095827872075,9.21275299485263,"A455",4012.476,-3812.094,387.5,25,20,20,25,"Polyamide (naturally occurring)",0.950447732997554,"Comparstic LDIR F2Ba Au MP2 240925.xlsx",22.2121661164524,1.25,0.706667173333847,"circle_calibrated",-3874.99469306931,-4592.48209504951,-2838.25362528253,-5059.62628360827,"landmark_ransac","566",2514.05038686255,-2740.92058674015,628.623,40.267,22.152,22.131,40.593,"Polytetrafluoroethylene (PTFE)",6.01,"Comparstic Raman F2Ba Au IAEA 240930.csv",-2843.03056619342,-5067.12494846595,1,55.7741281806992,0.159410080780025,FALSE
456,456,585,8.23673979179377,8.43361835572134,"A456",-4448.184,-1404.494,387.5,25,20,20,25,"Polyamide (naturally occurring)",0.93947347094742,"Comparstic LDIR F2Ba Au MP2 240925.xlsx",22.2121661164524,0.8,0.706667173333847,"circle_calibrated",-1467.39469306931,3868.1779049505,-553.368265614382,2731.59723130275,"landmark_ransac","257",4810.89478835014,5053.76906169735,564.855,30.545,26.827,25.455,32.091,"Polycarbonate (PC)",13.65,"Comparstic Raman F2Ba Au IAEA 240930.csv",-546.186164705833,2727.56469997155,1,79.2903312305059,0.10388075902784,FALSE
457,457,766,2.62166133293281,2.79533971458588,"A457",-1457.04,2387.71,387.5,30,15,15,30,"Polyamide (naturally occurring)",0.942416184904301,"Comparstic LDIR F2Ba Au MP2 240925.xlsx",22.2121661164524,0.5,0.0652551054242325,"circle_calibrated",2324.80930693069,877.033904950495,2924.61280266415,-57.2910646189197,"landmark_ransac","206",8282.85553321315,2271.26348458904,543.763,36.939,20.38,20.38,36.969,"Polyethylene naphtalate (PEN)",2.08,"Comparstic Raman F2Ba Au IAEA 240930.csv",2925.77458015718,-54.9408771367634,1,173.802661504271,0.0150841265044056,FALSE
458,458,101,4.11418439762419,4.53367004254497,"A458",-4603.716,2191.176,387.5,25,20,20,25,"Cellulosic",0.779644318284526,"Comparstic LDIR F2Ba Au MP2 240925.xlsx",22.2121661164524,1.25,0.714467030004327,"circle_calibrated",2128.27530693069,4023.70990495049,2766.53600660346,2848.50210164559,"landmark_ransac","198",8126.13508292419,5171.45291630993,801.145,44.133,23.772,23.772,43.901,"Polyacrylamide/acrylate",91.2,"Comparstic Raman F2Ba Au IAEA 240930.csv",2769.05412986822,2845.24855458413,1,251.899896047185,0.0163326164964099,FALSE
459,459,705,2.3399440979512,2.63843629456965,"A459",-4753.84,2723.474,387.5,25,20,20,25,"Polyamide",0.640189130212694,"Comparstic LDIR F2Ba Au MP2 240925.xlsx",22.2121661164524,0.8,0.379454262125431,"circle_calibrated",2660.57330693069,4173.83390495049,3258.95201325764,2983.11931937948,"landmark_ransac","94",8615.24066404576,5311.52540667808,699.972,31.835,30.038,28.73,35.581,"Polycarbonate (PC)",5.71,"Comparstic Raman F2Ba Au IAEA 240930.csv",3258.15971098979,2985.32104495228,1,332.180719716177,0.00704418998173795,FALSE
460,460,247,7.84484898437463,8.22535480973631,"A460",3428.75,1746.082,387.5,25,20,20,25,"Polyamide (naturally occurring)",0.962608813336533,"Comparstic LDIR F2Ba Au MP2 240925.xlsx",22.2121661164524,0.8,0.0564111692556521,"circle_calibrated",1683.18130693069,-4008.7560950495,2296.18890120901,-4562.0494284472,"landmark_ransac","209",7645.64051555476,-2234.01891053082,825.037,39.611,31,31,41.441,"Polyacrylamide/acrylate",81.76,"Comparstic Raman F2Ba Au IAEA 240930.csv",2288.55956249879,-4560.22327225662,1,76.7290155294891,0.102240970123742,FALSE
461,461,336,8.87082985435411,9.55342653437705,"A461",-2941.146,4925.7,387.5,28,18,18,28,"Cellulosic",0.961826261035205,"Comparstic LDIR F2Ba Au MP2 240925.xlsx",22.2121661164524,1.59999994605203,0.559386420199229,"circle_calibrated",4862.79930693069,2361.1399049505,5278.14026961508,1293.70733281904,"landmark_ransac","700",10626.7734765458,3622.61857609161,1298.935,72.907,34.444,34.113,74.409,"Polyamide (PA)",63.2,"Comparstic Raman F2Ba Au IAEA 240930.csv",5269.69252348983,1296.41421436581,1,168.691255502476,0.0525861866872162,FALSE
462,462,208,4.87486597700754,5.14817924929063,"A462",-3332.16,889.954,387.5,28,18,18,28,"Polyamide (naturally occurring)",0.938423131884679,"Comparstic LDIR F2Ba Au MP2 240925.xlsx",22.2121661164524,1.5999998381561,0.27908445504507,"circle_calibrated",827.053306930693,2752.15390495049,1556.1028620531,1684.5181158729,"landmark_ransac","384",6917.14875212368,4013.55860043878,696.347,35.018,27.555,27.278,36.456,"Cellulose Acetate Butyrate (CAB)",86.2,"Comparstic Raman F2Ba Au IAEA 240930.csv",1560.06779906771,1687.35423871298,1,144.998798388559,0.0336200439671519,FALSE
463,463,658,8.60967906847272,9.03179693442705,"A463",4129.97,1090.258,375,30,19,19,30,"Polyamide (naturally occurring)",0.94281751937392,"Comparstic LDIR F2Ba Au MP2 240925.xlsx",21.8509686118416,1.56250014975772,0.0324652826012413,"circle_calibrated",1027.35730693069,-4709.9760950495,1685.67578872842,-5204.40480812386,"landmark_ransac","666",7034.83260673626,-2881.56714469178,1056.054,39.52,34.828,34.741,39.611,"Polycarbonate (PC)",9.08,"Comparstic Raman F2Ba Au IAEA 240930.csv",1677.75165368029,-5207.77150641758,1,186.301061993081,0.0462137948993145,FALSE
464,464,121,9.59604683310286,10.1670910440404,"A464",-4122.508,4145.31,375,20,20,20,20,"Polyamide (naturally occurring)",0.929651488658099,"Comparstic LDIR F2Ba Au MP2 240925.xlsx",21.8509686118416,1,0.374179021537222,"circle_calibrated",4082.40930693069,3542.50190495049,4566.60709009165,2389.87120145732,"landmark_ransac","517",9928.70729503891,4724.25426878211,971.194,45.716,37.492,36.88,48.796,"Polyacrylamide/acrylate",90.87,"Comparstic Raman F2Ba Au IAEA 240930.csv",4571.62634198294,2398.04990705631,1,175.928403776797,0.0545451821712515,FALSE
465,465,689,7.33800617348451,7.57285555626817,"A465",2309.84,3366.662,375,34,16,16,34,"Polycarbonate",0.685081002986391,"Comparstic LDIR F2Ba Au MP2 240925.xlsx",21.8509686118416,0.466666695099744,0.208726749105841,"circle_calibrated",3303.76130693069,-2889.84609504951,3800.25355540878,-3541.32238725308,"landmark_ransac","134",9153.71605734628,-1208.73420644264,632.249,41.458,23.065,23.065,41.907,"Polyvinyl Chloride (PVC)",7.34,"Comparstic Raman F2Ba Au IAEA 240930.csv",3796.63510429031,-3534.93856816844,1,178.786059698855,0.0410435029769354,FALSE
466,466,564,11.6899164370503,11.8339524606212,"A466",-6060.678,678.6,375,38,18,18,38,"Polyamide (naturally occurring)",0.928741166817533,"Comparstic LDIR F2Ba Au MP2 240925.xlsx",21.8509686118416,0.483870969787773,0.603424623972237,"circle_calibrated",615.699306930693,5480.6719049505,1381.24828646281,4204.46731446664,"landmark_ransac","222",6746.6506798313,6538.88190014983,466.648,45.733,15.925,15.925,45.185,"Polyacrylamide/acrylate",15.64,"Comparstic Raman F2Ba Au IAEA 240930.csv",1389.56972677533,4212.67753842403,1,280.952393429353,0.0416081753010225,FALSE
467,467,364,368.420915145233,368.56842575475,"A467",1535.508,1259.856,375,25,20,20,25,"Polyamide (naturally occurring)",0.956460040270024,"Comparstic LDIR F2Ba Au MP2 240925.xlsx",21.8509686118416,1.25,0.236663544088111,"circle_calibrated",1196.95530693069,-2115.5140950495,1861.44087444738,-2811.01074949356,"landmark_ransac","288",6886.72317019945,-324.670127889554,341.418,31.835,22.336,20.282,35.722,"Polyacrylamide/acrylate",56.69,"Comparstic Raman F2Ba Au IAEA 240930.csv",1529.64221714348,-2650.87448961536,0,87.2723453501453,4.22150812685384,TRUE
468,468,28,12.5562216145683,13.005106963848,"A468",-1525.472,-3335.28,375,57,11,11,57,"Cellulosic",0.888946526920094,"Comparstic LDIR F2Ba Au MP2 240925.xlsx",21.8509686118416,0.187500010536713,0.328121377083319,"circle_calibrated",-3398.18069306931,945.465904950495,-2357.11727019392,48.2860119550751,"landmark_ransac","139",3000.85969765022,2361.96616277825,1178.154,51.55,33.07,33.07,50.633,"Cellulose Acetate Butyrate (CAB)",93.4,"Comparstic Raman F2Ba Au IAEA 240930.csv",-2356.22125540575,35.7618010524461,1,197.025845033002,0.0637288047792164,FALSE
469,469,418,4.15171883686825,4.52585192072855,"A469",3727.646,-1983.046,375,21,21,21,21,"Polyamide (naturally occurring)",0.960811701791822,"Comparstic LDIR F2Ba Au MP2 240925.xlsx",21.8509686118416,1,0.283018243140245,"circle_calibrated",-2045.94669306931,-4307.65209504951,-1147.9577075847,-4810.28809393145,"landmark_ransac","396",4205.8275553664,-2486.60864726027,540.962,40.615,20.787,19.927,43.055,"Polyvinyl Chloride (PVC)",37.71,"Comparstic Raman F2Ba Au IAEA 240930.csv",-1151.25339768957,-4812.81300898607,1,91.9354952082596,0.0451590414285956,FALSE
470,470,789,3.91175573382405,4.54745853058053,"A470",-505.180000000001,-2553.382,375,25,20,20,25,"Polyethylene terephthalate",0.872893800679742,"Comparstic LDIR F2Ba Au MP2 240925.xlsx",21.8509686118416,1.25,0.706667173333846,"circle_calibrated",-2616.28269306931,-74.8260950495045,-1642.99847536432,-899.223745557655,"landmark_ransac","184",3717.87010941178,1427.95820446276,1171.893,55.137,32.186,31.973,60.845,"Polypropylene (PP) Lab bench",0.34,"Comparstic Raman F2Ba Au IAEA 240930.csv",-1639.21084364419,-898.246157263044,1,64.4150000604577,0.0607274040231718,FALSE
471,471,777,1.87397085723047,2.11220631029903,"A471",-2525.926,1751.074,375,32,18,18,32,"Polyamide (naturally occurring)",0.954776513624124,"Comparstic LDIR F2Ba Au MP2 240925.xlsx",21.8509686118416,0.555555538904949,0.021228854675212,"circle_calibrated",1688.17330693069,1945.9199049505,2344.92888850396,933.993660457469,"landmark_ransac","164",7700.17693598498,3259.80786333476,643.124,36.831,24.35,23.208,39.28,"Polycarbonate (PC)",1.46,"Comparstic Raman F2Ba Au IAEA 240930.csv",2343.09598292901,933.603501608956,1,72.1732410123673,0.0259648982218958,FALSE
472,472,341,5.28542516178745,5.57831865185039,"A472",-899.158,4186.598,362.5,29,20,20,29,"Polyamide",0.663111423319241,"Comparstic LDIR F2Ba Au MP2 240925.xlsx",21.4836992849578,0.692307723853265,0.0377024217387625,"circle_calibrated",4123.69730693069,319.151904950495,4580.8258055319,-585.540372134397,"landmark_ransac","692",9935.59610604062,1745.417578125,731.444,31.942,30.909,28.703,34.669,"Polyvinyl Chloride (PVC)",61.42,"Comparstic Raman F2Ba Au IAEA 240930.csv",4578.51515298465,-580.786783600804,2,30.6175313921689,0.172627410554049,FALSE
473,473,170,9.14920653369701,9.58434384353108,"A473",-1989.728,-5642.156,362.5,25,20,20,25,"Polyamide (naturally occurring)",0.937963053398106,"Comparstic LDIR F2Ba Au MP2 240925.xlsx",21.4836992849578,1.25,0.223815401610262,"circle_calibrated",-5705.05669306931,1409.7219049505,-4482.88977137102,493.884770122214,"landmark_ransac","518",878.531841539355,2812.03514822346,809.548,36.626,36.611,33.313,44.671,"Polyacrylamide/acrylate",88.72,"Comparstic Raman F2Ba Au IAEA 240930.csv",-4478.54911151662,485.830786497656,1,261.880983601074,0.03493650591917,FALSE
474,474,397,5.58438869994655,6.31694116178198,"A474",-4811.742,-1172.496,362.5,25,20,20,25,"Polyamide (naturally occurring)",0.780131420852028,"Comparstic LDIR F2Ba Au MP2 240925.xlsx",21.4836992849578,0.8,0.7192346194878,"circle_calibrated",-1235.39669306931,4231.73590495049,-336.542985659904,3065.43659477795,"landmark_ransac","47",5021.57759148584,5386.15419252997,1810.897,55.685,42.481,41.9,56.639,"Polyacrylamide/acrylate",46.45,"Comparstic Raman F2Ba Au IAEA 240930.csv",-335.503361570133,3059.94983080417,1,60.2122586957989,0.0927450459574968,FALSE
475,475,259,12.7881340255811,12.9383552048405,"A475",-5969.314,1172.938,362.5,35,15,15,35,"Polyamide (naturally occurring)",0.924068016440947,"Comparstic LDIR F2Ba Au MP2 240925.xlsx",21.4836992849578,0.428571428571429,0.0291533001879545,"circle_calibrated",1110.03730693069,5389.30790495049,1836.83799802585,4116.475926728,"landmark_ransac","246",7202.46034111126,6452.19769504495,381.788,50.111,15.284,15.284,49.806,"Cellulose Acetate Butyrate (CAB)",80.79,"Comparstic Raman F2Ba Au IAEA 240930.csv",1845.37938805529,4125.99333331915,1,138.558282126895,0.0922942593490686,FALSE
476,476,95,275.574009946572,275.72183089251,"A476",-4291.274,-1785.758,362.5,30,15,15,30,"Polyethylene terephthalate",0.722903505319137,"Comparstic LDIR F2Ba Au MP2 240925.xlsx",21.4836992849578,0.5,0.0356050026059087,"circle_calibrated",-1848.65869306931,3711.2679049505,-906.432361763925,2589.59726110588,"landmark_ransac","237",4659.91501389594,5095.10192770762,324.281,22.819,19.472,18.916,23.521,"Polyethylene terephtalate (PET)",91.41,"Comparstic Raman F2Ba Au IAEA 240930.csv",-697.165939160032,2768.89756598182,0,162.750968966684,1.69322500318252,TRUE
477,477,531,98.0160149558185,98.4021974172239,"A477",4201.6,-1214.2,362.5,20,20,20,20,"Polyamide (naturally occurring)",0.931099240059177,"Comparstic LDIR F2Ba Au MP2 240925.xlsx",21.4836992849578,1,0.36559527784583,"circle_calibrated",-1277.10069306931,-4781.60609504951,-441.836594996053,-5253.43902167907,"landmark_ransac","631",4891.26425003678,-2832.19733251284,467.966,45.112,14.534,14.534,44.777,"Polyether sulphone (PES)",18.05,"Comparstic Raman F2Ba Au IAEA 240930.csv",-465.816703019193,-5158.40169423864,0,332.293375616753,0.294968308573399,FALSE
478,478,650,7.1590055836533,7.41428556742557,"A478",-3941.886,4265.092,362.5,20,20,20,20,"Carbonate",0.68860112792649,"Comparstic LDIR F2Ba Au MP2 240925.xlsx",21.4836992849578,1,0.391570764249091,"circle_calibrated",4202.19130693069,3361.8799049505,4675.82548833216,2222.27194841344,"landmark_ransac","653",10036.0579331489,4554.90433165668,558.429,28.415,25.167,25.167,29.267,"Polyphenylene sulphide (PPS)",9.24,"Comparstic Raman F2Ba Au IAEA 240930.csv",4678.97698009293,2228.69996993088,1,124.015018196946,0.0577269244301056,FALSE
479,479,342,4.83000793378372,5.23260151404925,"A479",-4871.698,-1154.01,362.5,30,15,15,30,"Polyamide (naturally occurring)",0.944594380384408,"Comparstic LDIR F2Ba Au MP2 240925.xlsx",21.4836992849578,2,0.0546531975766031,"circle_calibrated",-1216.91069306931,4291.69190495049,-319.036316741309,3120.63811125416,"landmark_ransac","16",5042.81809207445,5447.5794239619,920.608,37.191,32.619,31.803,39.168,"Polyethylene terephtalate (PET)",61.4,"Comparstic Raman F2Ba Au IAEA 240930.csv",-314.262860981523,3121.3750622361,1,62.8826760671952,0.0768098343750903,FALSE
480,480,518,351.34864726538,351.621339198052,"A480",-2656.004,2760.316,350,35,14,14,35,"Polyamide (naturally occurring)",0.949930925759395,"Comparstic LDIR F2Ba Au MP2 240925.xlsx",21.1100412282238,0.399999959539025,0.0923522423374286,"circle_calibrated",2697.41530693069,2075.9979049505,3277.40876124505,1046.57388987478,"landmark_ransac","252",8876.44141452735,3118.01317021618,642.63,43.055,23.537,23.537,43.261,"Polyether sulphone (PES)",19.46,"Comparstic Raman F2Ba Au IAEA 240930.csv",3519.36046147138,791.808808490376,0,66.1394002021098,5.31224423251078,TRUE
481,481,713,621.995409151172,622.233886794777,"A481",-4986.046,-3318.718,350,25,20,20,25,"Cellulosic",0.945830047196041,"Comparstic LDIR F2Ba Au MP2 240925.xlsx",21.1100412282238,1.25,0.706667173333846,"circle_calibrated",-3381.61869306931,4406.03990495049,-2316.18310951932,3242.22316789835,"landmark_ransac","64",3626.01929605562,5357.45081335616,578.367,28.24,27.47,25.673,31.574,"Polytetrafluoroethylene (PTFE)",5.38,"Comparstic Raman F2Ba Au IAEA 240930.csv",-1731.06165700035,3031.24645163036,0,173.276582904472,3.5896103138996,TRUE
482,482,181,5.11122282813521,5.43884451021573,"A482",-1273.896,2360.618,350,25,20,20,25,"Polyamide (naturally occurring)",0.942046431801794,"Comparstic LDIR F2Ba Au MP2 240925.xlsx",21.1100412282238,0.8,0.706667173333846,"circle_calibrated",2297.71730693069,693.889904950495,2898.24992517143,-226.129546380649,"landmark_ransac","373",8250.70774853849,2097.89507437928,707.387,32.592,28.224,28.224,35.942,"Cellulose Acetate Butyrate (CAB)",87.94,"Comparstic Raman F2Ba Au IAEA 240930.csv",2893.62679548252,-228.309287346524,1,173.387332609901,0.029478640401227,FALSE
483,483,446,11.915379207333,12.3647646957065,"A483",2392.754,5767.658,350,21,21,21,21,"Chitin",0.813649084421137,"Comparstic LDIR F2Ba Au MP2 240925.xlsx",21.1100412282238,1,0.214025371653293,"circle_calibrated",5704.75730693069,-2972.7600950495,6015.72373483608,-3635.64553834861,"landmark_ransac","214",11367.3206592298,-1298.86281704837,713.319,39.561,25.164,24.625,40.82,"Polyacrylamide/acrylate",31.99,"Comparstic Raman F2Ba Au IAEA 240930.csv",6010.23970617383,-3625.06717877417,1,205.898871609991,0.0578700558879353,FALSE
484,484,420,3.07242520140118,3.13130908305517,"A484",-1969.5,427.7,350,25,20,20,25,"Polyamide (naturally occurring)",0.918820274550918,"Comparstic LDIR F2Ba Au MP2 240925.xlsx",21.1100412282238,1.25,0.716976816935214,"circle_calibrated",364.799306930693,1389.4939049505,1119.34987675304,430.228530286312,"landmark_ransac","569",6478.56111834799,2758.64686296019,388.379,22.609,21.813,21.527,24.133,"Polypropylene (PP) Lab bench",37.36,"Comparstic Raman F2Ba Au IAEA 240930.csv",1121.48016529202,432.442501234386,1,93.0813958975846,0.0330079407573744,FALSE
485,485,279,286.8275226957,287.082577349246,"A485",-4538.69,2327.91,350,25,18,18,25,"Polyamide (naturally occurring)",0.949884530025255,"Comparstic LDIR F2Ba Au MP2 240925.xlsx",21.1100412282238,1.39999989210407,0.721883627659376,"circle_calibrated",2265.00930693069,3958.6839049505,2892.25758378108,2787.47065187256,"landmark_ransac","350",8015.91410689679,4946.9924911708,573.588,34.484,22.166,22.166,34.444,"Polyacrylamide/acrylate",77.26,"Comparstic Raman F2Ba Au IAEA 240930.csv",2658.83315384082,2620.788129445,0,136.078569575834,2.10780818456396,TRUE
486,486,369,8.76343056245886,9.11209408660942,"A486",-3805.1,4291.3,350,21,21,21,21,"Polyamide (naturally occurring)",0.945603558405025,"Comparstic LDIR F2Ba Au MP2 240925.xlsx",21.1100412282238,1,0.214025371653293,"circle_calibrated",4228.39930693069,3225.0939049505,4699.00131964912,2095.82620496812,"landmark_ransac","748",10062.4650419888,4428.03539570848,620.22,29.972,29.65,25.736,37.751,"Cellulose Acetate Butyrate (CAB)",56.01,"Comparstic Raman F2Ba Au IAEA 240930.csv",4705.38408893283,2101.83103398268,1,77.742915527518,0.112723204461723,FALSE
487,487,707,10.3845293919836,10.6389634141123,"A487",-3402.776,3949.14,350,21,21,21,21,"Polyamide (naturally occurring)",0.954599945842177,"Comparstic LDIR F2Ba Au MP2 240925.xlsx",21.1100412282238,1,0.214025371653293,"circle_calibrated",3886.23930693069,2822.7699049505,4380.21079208191,1727.02283632787,"landmark_ransac","332",9745.57973591006,4059.48400711687,509.655,30.377,22.827,22.675,31,"Polytetrafluoroethylene (PTFE)",5.68,"Comparstic Raman F2Ba Au IAEA 240930.csv",4388.49878285409,1733.27964539107,1,161.041431905459,0.0644835882860252,FALSE
488,488,787,6.4285921703067,6.92129285935927,"A488",-3568.396,-2716.714,350,36,16,16,36,"Polyethylene terephthalate",0.937560931448466,"Comparstic LDIR F2Ba Au MP2 240925.xlsx",21.1100412282238,2.31250004273949,0.36752141976793,"circle_calibrated",-2779.61469306931,2988.3899049505,-1771.04885901923,1929.29097106368,"landmark_ransac","155",3592.14930863053,4253.51885033176,1194.137,48.186,33.1,33.063,48.47,"Polycarbonate (PC)",0.45,"Comparstic Raman F2Ba Au IAEA 240930.csv",-1764.93164442544,1927.31448860596,1,60.32087392429,0.106573259836642,FALSE
489,489,198,396.979235349033,397.024777609896,"A489",-2042.04,-5436.678,350,20,20,20,20,"Rubber",0.809738022125302,"Comparstic LDIR F2Ba Au MP2 240925.xlsx",21.1100412282238,1,0.438717542674793,"circle_calibrated",-5499.57869306931,1462.0339049505,-4292.848835407,540.645113642118,"landmark_ransac","473",1461.21043876752,2865.99750107021,332.849,20.702,20.702,19.837,22.138,"Polyethylene terephtalate (PET)",86.82,"Comparstic Raman F2Ba Au IAEA 240930.csv",-3895.87051428845,539.793139344406,0,193.621287588655,2.05028713677603,TRUE
490,490,652,385.152474797065,385.301628337532,"A490",-2971.748,-1678.144,350,21,21,21,21,"Polyamide (naturally occurring)",0.94816445482394,"Comparstic LDIR F2Ba Au MP2 240925.xlsx",21.1100412282238,1,0.238122923232354,"circle_calibrated",-1741.04469306931,2391.7419049505,-816.885717061243,1370.89621992876,"landmark_ransac","466",4226.49398837154,3920.55965191567,363.662,28.366,17.592,17.474,29.277,"Polyphenylene sulphide (PPS)",9.18,"Comparstic Raman F2Ba Au IAEA 240930.csv",-1130.58696468443,1594.35529018987,0,270.529472850802,1.42369875909779,TRUE
491,491,105,476.698037953849,477.189941372028,"A491",460.694,-3566.134,337.5,20,20,20,20,"Polyamide (naturally occurring)",0.943038305761942,"Comparstic LDIR F2Ba Au MP2 240925.xlsx",20.7296489682801,1,0.738936433902633,"circle_calibrated",-3629.03469306931,-1040.70009504951,-2584.91244001296,-1783.20561751027,"landmark_ransac","641",2726.45539274868,1017.4998822774,857.498,34.858,32.746,30.724,39.756,"Cellulose Acetate Butyrate (CAB)",91.11,"Comparstic Raman F2Ba Au IAEA 240930.csv",-2630.62556030729,-1308.7044794484,0,281.092387384889,1.69587672718125,TRUE
492,492,239,6.33322615411144,6.55831516787164,"A492",4162.444,1587.612,337.5,20,20,20,20,"Chitin",0.69929550683147,"Comparstic LDIR F2Ba Au MP2 240925.xlsx",20.7296489682801,1,0.431337435377171,"circle_calibrated",1524.71130693069,-4742.4500950495,2144.48568172965,-5238.0639277677,"landmark_ransac","691",7495.23480868404,-2911.99272661601,506.524,26.867,24.326,24.326,27.344,"Polyacrylamide/acrylate",82.28,"Comparstic Raman F2Ba Au IAEA 240930.csv",2138.15385562807,-5238.19708834181,1,70.1198948567419,0.0903199607907357,FALSE
493,493,268,4.39457446950551,4.81516789472765,"A493",-1851.278,3420.69,337.5,20,20,20,20,"Polyamide (naturally occurring)",0.867693427080925,"Comparstic LDIR F2Ba Au MP2 240925.xlsx",20.7296489682801,1,0.431337435377171,"circle_calibrated",3357.78930693069,1271.27190495049,3880.96030066492,298.929104189204,"landmark_ransac","695",9238.67805970073,2629.48165667808,748.251,32.024,28.45,28.45,35.316,"Polyacrylamide/acrylate",79.44,"Comparstic Raman F2Ba Au IAEA 240930.csv",3881.59710664476,303.277294952276,1,168.254832030022,0.0261185632322369,FALSE
494,494,622,207.039559895023,207.139066541925,"A494",4405.232,4113.2,337.5,27,18,18,27,"Polyamide (naturally occurring)",0.941310880428551,"Comparstic LDIR F2Ba Au MP2 240925.xlsx",20.7296489682801,1.50000016660006,0.291826624522749,"circle_calibrated",4050.29930693069,-4985.2380950495,4473.76759162065,-5480.87187587555,"landmark_ransac","22",9623.87740821314,-3159.98992267765,339.605,35.758,20.321,20.321,35.592,"Polyether sulphone (PES)",10.97,"Comparstic Raman F2Ba Au IAEA 240930.csv",4266.79645515717,-5486.19428440345,0,186.207067031993,1.11187809998345,TRUE
495,495,396,448.41617792572,448.923241148445,"A495",790.4,-4232.176,337.5,20,20,20,20,"Acrylonitrile butadiene styrene",0.913867045548368,"Comparstic LDIR F2Ba Au MP2 240925.xlsx",20.7296489682801,1,0.461190398526852,"circle_calibrated",-4295.07669306931,-1370.4060950495,-3202.10318294626,-2082.58320249411,"landmark_ransac","294",2491.08768352351,540.449720408818,836.572,39.575,28.864,28.635,39.964,"Polycarbonate (PC)",47.16,"Comparstic Raman F2Ba Au IAEA 240930.csv",-2865.99326953246,-1785.75464131699,0,55.087113739599,8.14012838003127,TRUE
496,496,534,7.12255388326879,7.49503640822357,"A496",281.268,-6003.946,337.5,20,20,20,20,"Polyamide (naturally occurring)",0.923730781957814,"Comparstic LDIR F2Ba Au MP2 240925.xlsx",20.7296489682801,1,0.461190398526852,"circle_calibrated",-6066.84669306931,-861.274095049505,-4833.64796823541,-1599.53042419658,"landmark_ransac","142",523.758074951171,719.558806453339,598.634,34.021,26.143,25.475,36.128,"Polycarbonate (PC)",17.83,"Comparstic Raman F2Ba Au IAEA 240930.csv",-4833.3228781048,-1606.64555527246,1,51.6486157386798,0.13790406153973,FALSE
497,497,98,4.87461202974927,5.25132080831849,"A497",1041.43,-2845.96,337.5,30,15,15,30,"Polyamide (naturally occurring)",0.918257497157609,"Comparstic LDIR F2Ba Au MP2 240925.xlsx",20.7296489682801,2,0.0842903504658272,"circle_calibrated",-2908.86069306931,-1621.43609504951,-1924.5062849689,-2324.55406423723,"landmark_ransac","12",3433.13258800767,-3.19228114297948,788.622,41.608,26.756,26.756,41.847,"Cellulose Acetate Butyrate (CAB)",91.34,"Comparstic Raman F2Ba Au IAEA 240930.csv",-1923.9483650483,-2329.39664286878,1,238.209345559676,0.02046356333458,FALSE
498,498,362,6.68093571649538,7.10253916654681,"A498",4328.688,-1543.464,337.5,20,20,20,20,"Polycarbonate",0.678523910199569,"Comparstic LDIR F2Ba Au MP2 240925.xlsx",20.7296489682801,1,0.461190398526852,"circle_calibrated",-1606.36469306931,-4908.69409504951,-746.684418383583,-5368.29910831356,"landmark_ransac","751",4604.80452588224,-3045.75047356592,648.561,34.659,23.619,23.619,38.157,"Polyacrylamide/acrylate",57.47,"Comparstic Raman F2Ba Au IAEA 240930.csv",-752.276427173732,-5371.95483529172,1,72.1258524116659,0.0926288632037682,FALSE
499,499,347,0.368656423687833,0.822422871230283,"A499",-1084.564,5831.618,337.5,25,15,15,25,"Polycarbonate",0.778684014132098,"Comparstic LDIR F2Ba Au MP2 240925.xlsx",20.7296489682801,1.66666666666667,0.701973905663963,"circle_calibrated",5768.71730693069,504.557904950495,6100.52966243366,-426.605197039199,"landmark_ransac","538",11457.4492698356,1899.26769049658,838.22,40.971,29.078,27.176,43.388,"Polyacrylamide/acrylate",60.26,"Comparstic Raman F2Ba Au IAEA 240930.csv",6100.36831677963,-426.936671229224,1,155.287308857542,0.00237402802843362,FALSE
500,500,522,417.576520026156,417.649017118651,"A500",5260.502,69.8880000000003,337.5,20,20,20,20,"Chitin",0.747637694317659,"Comparstic LDIR F2Ba Au MP2 240925.xlsx",20.7296489682801,1,0.461190398526852,"circle_calibrated",6.98730693069339,-5840.50809504951,735.510174797037,-6240.30717985562,"landmark_ransac","560",5761.55070658644,-4168.62666684503,318.514,21.208,19.552,19.552,23.417,"Polycarbonate (PC)",18.8,"Comparstic Raman F2Ba Au IAEA 240930.csv",404.469753530468,-6494.83102857083,0,543.219312648906,0.768707058646209,TRUE
501,501,330,2.91498841258057,3.11635553616839,"A501",-1674.4,2024.49,337.5,20,20,20,20,"Polyamide (naturally occurring)",0.936998282408589,"Comparstic LDIR F2Ba Au MP2 240925.xlsx",20.7296489682801,1,0.776676761885479,"circle_calibrated",1961.58930693069,1094.3939049505,2590.97692034637,146.021047352422,"landmark_ransac","39",7948.7481996301,2475.05747672303,401.067,25.602,23.564,19.178,32.068,"Polyacrylamide/acrylate",65.75,"Comparstic Raman F2Ba Au IAEA 240930.csv",2591.66724657413,148.853114997226,1,230.299803687532,0.0126573638618277,FALSE
502,502,733,168.703698694698,169.214562070931,"A502",3429.088,3171.584,337.5,20,20,20,20,"Polyamide (naturally occurring)",0.944030707179434,"Comparstic LDIR F2Ba Au MP2 240925.xlsx",20.7296489682801,1,0.738822135125132,"circle_calibrated",3108.68330693069,-4009.09409504951,3611.90418761773,-4572.92635293868,"landmark_ransac","334",8968.29222788352,-2415.42426690925,909.074,37.769,35.458,34.711,39.939,"Polytetrafluoroethylene (PTFE)",4.16,"Comparstic Raman F2Ba Au IAEA 240930.csv",3611.21127482755,-4741.62862863505,1,10.3073518507108,16.367317341851,TRUE
503,503,228,16.7553451216166,17.239126465855,"A503",-191.542,-1552.954,325,20,20,20,20,"Rubber",0.777302079749297,"Comparstic LDIR F2Ba Au MP2 240925.xlsx",20.3421447256411,1,0.741903801662539,"circle_calibrated",-1615.85469306931,-388.464095049505,-721.942351133393,-1196.12166211184,"landmark_ransac","537",4630.63756713866,1113.94323630137,717.109,38.674,25.727,24.505,40.664,"Cellulose Acetate Butyrate (CAB)",83.97,"Comparstic Raman F2Ba Au IAEA 240930.csv",-726.443385917312,-1212.26112542443,1,89.9355438741527,0.186303928345199,FALSE
504,504,250,15.4242176968743,16.3099416339044,"A504",-2012.322,3095.352,325,25,20,20,25,"Polyamide (naturally occurring)",0.864640904440669,"Comparstic LDIR F2Ba Au MP2 240925.xlsx",20.3421447256411,1.25,0.664233577681116,"circle_calibrated",3032.45130693069,1432.3159049505,3581.87157811944,449.981601805057,"landmark_ransac","547",8941.31105146015,2760.94313329409,2083.603,67.74,39.611,39.611,68.277,"Polyamide (PA)",81.62,"Comparstic Raman F2Ba Au IAEA 240930.csv",3584.23009840418,434.738771568286,1,105.813266544997,0.145768278406897,FALSE
505,505,184,12.930948202368,13.4273873304766,"A505",4930.562,4010.422,325,20,20,20,20,"Polyamide (naturally occurring)",0.941880365627804,"Comparstic LDIR F2Ba Au MP2 240925.xlsx",20.3421447256411,1,0.51876025034833,"circle_calibrated",3947.52130693069,-5510.56809504951,4375.01155257434,-5964.98216292174,"landmark_ransac","258",9724.33923532145,-3628.42907079409,846.953,36.856,35.352,33.473,39.611,"Polyacrylamide/acrylate",87.54,"Comparstic Raman F2Ba Au IAEA 240930.csv",4367.25828226548,-5954.63343251989,1,302.424087424669,0.0427576662708423,FALSE
