"match_id","ldir_idx","ftir_idx","match_distance","match_score","ldir_particle_id","ldir_x_um","ldir_y_um","ldir_area_um2","ldir_major_um","ldir_minor_um","ldir_feret_min_um","ldir_feret_max_um","ldir_material","ldir_quality","ldir_source_file","ldir_diameter_um","ldir_aspect_ratio","ldir_coord_match_cost","ldir_coord_source","ldir_x_norm","ldir_y_norm","ldir_x_aligned","ldir_y_aligned","ldir_align_method","ftir_particle_id","ftir_x_um","ftir_y_um","ftir_area_um2","ftir_major_um","ftir_minor_um","ftir_feret_min_um","ftir_feret_max_um","ftir_material","ftir_quality","ftir_source_file","ftir_x_norm","ftir_y_norm","ftir_x_aligned","ftir_y_aligned","n_ref_candidates","next_best_distance","ambiguity_score","ambiguity_flag"
1,1,56,13.8841047516181,13.9248993663511,"A1",-4803.942,3503.604,134687.5,739,323,323,739,"Polyethylene terephthalate",0.839804702046538,"Comparstic LDIR F2Ba Au MP2 240925.xlsx",414.112848365656,0.436986952993901,0.112641827172931,"circle_calibrated",3440.70330693069,4223.93590495049,3979.37208004465,3023.58089302771,"landmark_ransac","MP_4",3075,1275,140625,743.7,240.7,352.5,743.7,"PET",0.911,"Comparstic Spotlight F2Ba Au 240926.csv",3992.56322624199,3027.91240855399,3992.56322624199,3027.91240855399,1,853.437417885045,0.016268450926402,FALSE
2,2,253,12.9297067372752,12.9826680980921,"A2",-819.52,-2274.116,127225,648,282,282,648,"Polyethylene terephthalate",0.844333495567771,"Comparstic LDIR F2Ba Au MP2 240925.xlsx",402.477205663788,2.29917670131412,0.119907804622066,"circle_calibrated",-2337.01669306931,239.513904950495,-1382.91028690916,-611.16220811865,"landmark_ransac","MP_15",8175,5300,119375,672.4,226,297.5,672.4,"PET",0.945,"Comparstic Spotlight F2Ba Au 240926.csv",-1381.94834994011,-598.268333852957,-1381.94834994011,-598.268333852957,1,187.383639520964,0.0690012573687294,FALSE
3,3,200,11.8763004441383,11.9254363459132,"A3",-1252.082,-651.846,122862.5,427,367,367,427,"Polyethylene terephthalate",0.812781291857113,"Comparstic LDIR F2Ba Au MP2 240925.xlsx",395.516616041632,0.859259087827103,0.125819119847476,"circle_calibrated",-714.746693069307,672.075904950495,117.627418245716,-223.936999617307,"landmark_ransac","MP_11",6700,4825,114375,445.8,326.7,397.5,445.8,"PET",0.866,"Comparstic Spotlight F2Ba Au 240926.csv",121.202020331344,-235.262578285476,121.202020331344,-235.262578285476,1,316.100869459624,0.0375712362463314,FALSE
4,4,349,14.2666088227219,14.3257245766204,"A4",964.47,-5975.372,110687.5,633,331,331,633,"Polyethylene terephthalate",0.877067095480206,"Comparstic LDIR F2Ba Au MP2 240925.xlsx",375.408713414957,1.91130130013285,0.0344202709498904,"circle_calibrated",-6038.27269306931,-1544.4760950495,-4812.338056683,-2230.32779213806,"landmark_ransac","MP_22",11475,7200,119375,595.1,255.4,382.5,595.1,"PET",0.959,"Comparstic Spotlight F2Ba Au 240926.csv",-4807.19167251811,-2243.63383803187,-4807.19167251811,-2243.63383803187,1,384.953081105753,0.0370606432912343,FALSE
5,5,289,28.1655386427452,28.2095517108998,"A5",-1997.554,-3572.244,83125,656,200,200,656,"Polyethylene terephthalate",0.750639130991263,"Comparstic LDIR F2Ba Au MP2 240925.xlsx",325.327584376287,0.305047015828511,0.0801291039972072,"circle_calibrated",-3635.14469306931,1417.5479049505,-2572.33284020135,485.767124230567,"landmark_ransac","MP_17",9425,4325,91875,638.7,183.1,252.5,638.7,"PET",0.959,"Comparstic Spotlight F2Ba Au 240926.csv",-2553.36711081453,464.944091889865,-2553.36711081453,464.944091889865,1,484.952376662718,0.0580789784691254,FALSE
6,6,45,92.5234122478068,93.2712718456881,"A6",-3227.874,4056.468,46587.5,308,219,219,308,"Polyethylene terephthalate",0.855330065989846,"Comparstic LDIR F2Ba Au MP2 240925.xlsx",243.550913137991,1.40574005859434,0.0708684627993401,"circle_calibrated",3993.56730693069,2647.8679049505,4477.97672106587,1564.79536229326,"landmark_ransac","MP_-1",2425,2775,8750,150,74.3,97.5,150,"Protein",0.95,"Comparstic Spotlight F2Ba Au 240926.csv",4527.85902630606,1486.8701581684,4527.85902630606,1486.8701581684,1,32.2156667088137,2.87200054197525,TRUE
7,7,327,4.54526885613463,4.5694545283542,"A7",-487.214,-4736.862,43325,362,175,175,362,"Polyethylene terephthalate",0.784742605201264,"Comparstic LDIR F2Ba Au MP2 240925.xlsx",234.868267919808,2.06825403298173,0.132001940622531,"circle_calibrated",-4799.76269306931,-92.7920950495053,-3658.45218450265,-899.62347638978,"landmark_ransac","MP_20",10425,5775,43750,369.1,150.9,175,369.1,"PET",0.903,"Comparstic Spotlight F2Ba Au 240926.csv",-3656.33047899754,-903.643157312951,-3656.33047899754,-903.643157312951,1,178.268479174613,0.0254967612736661,FALSE
8,8,75,16.7729598095779,16.8560716856454,"A8",5120.83,2575.924,41987.5,272,264,264,272,"Polyethylene terephthalate",0.810669600094303,"Comparstic LDIR F2Ba Au MP2 240925.xlsx",231.21450080946,0.974011960996269,0.155431062400871,"circle_calibrated",2513.02330693069,-5700.83609504951,3049.58043193017,-6129.96515516168,"landmark_ransac","MP_6",3350,10500,36250,266.7,173.1,230,266.7,"PET",0.859,"Comparstic Spotlight F2Ba Au 240926.csv",3032.90634578043,-6131.78367979581,3032.90634578043,-6131.78367979581,1,168.639654564286,0.0994603544042725,FALSE
9,9,131,13.8462011703443,14.0832381658518,"A9",-4863.768,1642.472,39200,1113,318,318,1113,"Cellulosic",0.932922337685594,"Comparstic LDIR F2Ba Au MP2 240925.xlsx",223.407677024802,0.286009461614576,0.246035765173966,"circle_calibrated",1579.57130693069,4283.76190495049,2262.01747399363,3092.59300883008,"landmark_ransac","MP_-1",4800,1350,48750,777.7,79.8,217.5,777.7,"Cellulose",0.8,"Comparstic Spotlight F2Ba Au 240926.csv",2270.37341486925,3081.55237755588,2270.37341486925,3081.55237755588,1,526.860272974481,0.0262805944585141,FALSE
10,11,60,21.6162966943575,21.7744894072318,"A11",154.05,3334.318,27050,269,177,177,269,"Cellulosic",0.777987093272813,"Comparstic LDIR F2Ba Au MP2 240925.xlsx",185.583214987472,1.52002962514685,0.100203085799629,"circle_calibrated",3271.41730693069,-734.056095049505,3786.37791642664,-1551.31958784148,"landmark_ransac","MP_5",2925,5850,19375,255.4,96.6,150,255.4,"PET",0.802,"Comparstic Spotlight F2Ba Au 240926.csv",3801.62548356605,-1535.99718662275,3801.62548356605,-1535.99718662275,1,262.53419228474,0.0823370720066544,FALSE
11,12,307,13.5212219057563,13.9928554393971,"A12",813.202,-4177.81,24787.5,297,147,147,297,"Polyethylene terephthalate",0.85274100878399,"Comparstic LDIR F2Ba Au MP2 240925.xlsx",177.652540694252,2.02253527198147,1.31015547080538,"circle_calibrated",-4240.71069306931,-1393.20809504951,-3152.0931434386,-2104.03204749344,"landmark_ransac","MP_19",9825,6925,9375,175,68.2,75,175,"PET",0.856,"Comparstic Spotlight F2Ba Au 240926.csv",-3144.7646940324,-2092.66906940117,-3144.7646940324,-2092.66906940117,1,438.095167615265,0.0308636636632127,FALSE
12,13,189,6.73937946075268,6.80860792380084,"A13",-3966.872,-3.32800000000052,23425,263,130,130,263,"Polyethylene terephthalate",0.781167895347737,"Comparstic LDIR F2Ba Au MP2 240925.xlsx",172.701002705315,0.495667293872211,0.117721855188525,"circle_calibrated",-66.2286930693074,3386.8659049505,736.320556422658,2276.96860370901,"landmark_ransac","MP_10",6275,2275,21875,228.9,121.7,145,228.9,"PET",0.942,"Comparstic Spotlight F2Ba Au 240926.csv",733.759922728932,2270.7346330159,733.759922728932,2270.7346330159,1,118.239404365959,0.0569977453530961,FALSE
13,14,293,163.408286922997,163.632699463389,"A14",1978.99,-3868.202,21112.5,437,191,191,437,"Polyethylene terephthalate",0.906822932618016,"Comparstic LDIR F2Ba Au MP2 240925.xlsx",163.955084972138,0.437253457896217,0.471714059538831,"circle_calibrated",-3931.10269306931,-2558.99609504951,-2874.96953660188,-3182.33218833554,"landmark_ransac","MP_-1",9425,8150,18125,258.2,89.4,142.5,258.2,"Cellulose",0.901,"Comparstic Spotlight F2Ba Au 240926.csv",-2837.80364669986,-3341.45781437642,-2837.80364669986,-3341.45781437642,0,73.3501554149665,2.22778378584941,TRUE
14,15,273,21.1183343690323,21.4056885751728,"A15",-3745.69,-2614.82,18800,220,120,120,220,"Polyethylene terephthalate",0.87095202394214,"Comparstic LDIR F2Ba Au MP2 240925.xlsx",154.715556557901,1.83333333333333,0.542816037179382,"circle_calibrated",-2677.72069306931,3165.6839049505,-1675.68817075679,2092.1756001677,"landmark_ransac","MP_16",8650,2625,10625,152.5,88.7,127.5,152.5,"PET",0.823,"Comparstic Spotlight F2Ba Au 240926.csv",-1655.71911385729,2099.04734034517,-1655.71911385729,2099.04734034517,1,269.008872367379,0.0785042299281173,FALSE
15,17,25,107.123519725499,107.410025801956,"A17",-3305.588,4718.168,16550,447,135,135,447,"Polyethylene terephthalate",0.884980070766979,"Comparstic LDIR F2Ba Au MP2 240925.xlsx",145.162372760185,0.302042575961249,0.114581946798668,"circle_calibrated",4655.26730693069,2725.5819049505,5089.29224889396,1631.62014505776,"landmark_ransac","MP_-1",1975,2550,16250,200.9,103,175,200.9,"Cellulose",0.693,"Comparstic Spotlight F2Ba Au 240926.csv",4992.402576213,1677.31303078579,4992.402576213,1677.31303078579,0,206.911600006853,0.517726022716713,FALSE
16,18,132,290.088492919624,290.799227207847,"A18",-4342.026,1624.662,14337.5,646,66,66,646,"Cellulosic",0.867312864284858,"Comparstic LDIR F2Ba Au MP2 240925.xlsx",135.111331769916,0.102597408274143,0.19184556655118,"circle_calibrated",1561.76130693069,3762.01990495049,2241.71226585781,2611.16466281821,"landmark_ransac","MP_-1",4650,2075,6250,170.8,46.6,72.5,170.8,"Cellulose",0.698,"Comparstic Spotlight F2Ba Au 240926.csv",2365.73127040469,2348.92313247723,2365.73127040469,2348.92313247723,0,285.961931050397,1.01443045881691,TRUE
17,19,185,571.297044395491,572.262437526965,"A19",-3266.146,456.82,13425,371,65,65,371,"Rubber",0.757959687261123,"Comparstic LDIR F2Ba Au MP2 240925.xlsx",130.74112164147,5.75074564753788,0.0730848015902548,"circle_calibrated",393.919306930693,2686.1399049505,1155.83716979206,1626.79827198052,"landmark_ransac","MP_-1",6175,2450,3125,80.9,49.2,50,80.9,"Cellulose",0.74,"Comparstic Spotlight F2Ba Au 240926.csv",820.260261773819,2089.14927688907,820.260261773819,2089.14927688907,0,237.061739727556,2.40990825871799,TRUE
18,20,335,23.2735946810139,23.5451722766261,"A20",2257.372,-5173.454,12862.5,152,110,110,152,"Polyethylene terephthalate",0.910899743593897,"Comparstic LDIR F2Ba Au MP2 240925.xlsx",127.97282385005,0.723684219607356,0.275003269839455,"circle_calibrated",-5236.35469306931,-2837.3780950495,-4081.76151033644,-3429.60102492911,"landmark_ransac","MP_-1",10675,8350,6250,150,53.1,80,150,"Protein",0.757,"Comparstic Spotlight F2Ba Au 240926.csv",-4096.59833689853,-3447.53224872847,-4096.59833689853,-3447.53224872847,1,211.923159711255,0.109820912035872,FALSE
19,21,116,53.2361562987666,54.4568252648194,"A21",-4921.878,2216.136,10525,497,95,95,497,"Polyethylene terephthalate",0.911626678055639,"Comparstic LDIR F2Ba Au MP2 240925.xlsx",115.762024033521,5.20911818823921,0.856542538545165,"circle_calibrated",2153.23530693069,4341.87190495049,2791.93175028093,3141.97605165087,"landmark_ransac","MP_-1",4300,1200,1875,60.4,39.6,50,60.4,"Protein",0.779,"Comparstic Spotlight F2Ba Au 240926.csv",2779.09666546165,3193.64179402576,2779.09666546165,3193.64179402576,0,97.3110653803717,0.547071970599396,FALSE
20,22,133,5.66841367579084,5.87014901731667,"A22",1464.814,1317.992,9250,143,106,106,143,"Polyethylene terephthalate",0.855234937742436,"Comparstic LDIR F2Ba Au MP2 240925.xlsx",108.524033231355,1.35475579425798,0.144393681662024,"circle_calibrated",1255.09130693069,-2044.8200950495,1915.62350518299,-2746.19207557775,"landmark_ransac","MP_8",4725,7200,6250,115.1,69.1,75,115.1,"PET",0.788,"Comparstic Spotlight F2Ba Au 240926.csv",1909.98816206944,-2745.58066606481,1909.98816206944,-2745.58066606481,1,176.128740686165,0.0321833543674232,FALSE
21,23,358,537.886955975277,538.306727246764,"A23",-2841.956,-5675.358,9212.5,263,86,86,263,"Cellulosic",0.917786851676572,"Comparstic LDIR F2Ba Au MP2 240925.xlsx",108.303828675965,3.04473685574197,0.187061909227059,"circle_calibrated",-5738.25869306931,2261.9499049505,-4507.21854209958,1280.7249987771,"landmark_ransac","MP_24",11625,3150,28750,238.6,153.4,192.5,238.6,"PET",0.888,"Comparstic Spotlight F2Ba Au 240926.csv",-4655.29423868918,1797.82843667696,-4655.29423868918,1797.82843667696,1,38.7505610680272,13.8807527207414,TRUE
22,24,66,75.717015247288,76.4569192428532,"A24",-2480.972,3535.402,9050,145,100,100,145,"Polyamide (naturally occurring)",0.781205877791979,"Comparstic LDIR F2Ba Au MP2 240925.xlsx",107.344389140063,0.689655172413793,0.270220143205093,"circle_calibrated",3472.50130693069,1900.9659049505,3991.50473223892,879.277410831677,"landmark_ransac","MP_-1",2975,3375,1875,60.4,39.6,30,60.4,"Protein",0.793,"Comparstic Spotlight F2Ba Au 240926.csv",3935.91576618118,930.686877378115,3935.91576618118,930.686877378115,0,285.146112155709,0.265537603423264,FALSE
23,25,252,28.9476252519132,29.4613037210044,"A25",-4213.456,-1882.582,8875,417,53,53,417,"Cellulosic",0.928891530055395,"Comparstic LDIR F2Ba Au MP2 240925.xlsx",106.30146264057,0.127386197322976,0.218028958698519,"circle_calibrated",-1945.48269306931,3633.4499049505,-996.376257413936,2518.48996987969,"landmark_ransac","MP_-1",8000,2175,35625,543.7,83.4,130,543.7,"Cellulose",0.878,"Comparstic Spotlight F2Ba Au 240926.csv",-975.416452361474,2498.52370884043,-975.416452361474,2498.52370884043,1,597.836204416777,0.0484206627802898,FALSE
24,26,9,3.57753934312175,3.67606964406269,"A26",-2540.018,5456.308,8087.5,175,72,72,175,"Polyethylene terephthalate",0.921203429248864,"Comparstic LDIR F2Ba Au MP2 240925.xlsx",101.475735119513,0.412422379390774,0.237207952143502,"circle_calibrated",5393.40730693069,1960.0119049505,5764.91088549288,919.539428397321,"landmark_ransac","MP_1",1150,3250,6875,152.5,57.4,75,152.5,"PET",0.848,"Comparstic Spotlight F2Ba Au 240926.csv",5761.33747753324,919.367546735645,5761.33747753324,919.367546735645,1,397.96695958629,0.00898953859596991,FALSE
25,28,232,146.148474842349,146.372464575531,"A28",5167.162,-1987.596,6925,107,89,89,107,"Polyethylene terephthalate",0.866495534103227,"Comparstic LDIR F2Ba Au MP2 240925.xlsx",93.8998607415954,0.830845715471495,0.0398501652581897,"circle_calibrated",-2050.49669306931,-5747.16809504951,-1162.82611060242,-6138.90688348329,"landmark_ransac","MP_-1",7525,10675,4375,80.9,68.9,55,80.9,"Protein",0.815,"Comparstic Spotlight F2Ba Au 240926.csv",-1134.80721041346,-5995.46937816844,-1134.80721041346,-5995.46937816844,0,319.853852846685,0.456922664965997,FALSE
26,29,95,38.2938364051095,39.2095475206296,"A29",-2692.17,2554.604,6787.5,291,80,80,291,"Cellulosic",0.844400536822395,"Comparstic LDIR F2Ba Au MP2 240925.xlsx",92.9629679490168,3.62500035579862,0.034066508849147,"circle_calibrated",2491.70330693069,2112.1639049505,3087.80759187385,1081.47919884243,"landmark_ransac","MP_-1",3825,3325,1875,60.4,39.6,30,60.4,"Cellulose",0.669,"Comparstic Spotlight F2Ba Au 240926.csv",3093.76680055188,1043.65188412736,3093.76680055188,1043.65188412736,1,149.092741876182,0.256845745293971,FALSE
27,30,246,17.681692171825,17.911754798808,"A30",-1384.76,-1887.288,6725,140,71,71,140,"Polyethylene terephthalate",0.892760518130499,"Comparstic LDIR F2Ba Au MP2 240925.xlsx",92.5339718068125,1.98611115707511,0.0825945706315636,"circle_calibrated",-1950.18869306931,804.753904950495,-1021.68440493544,-92.3207726870736,"landmark_ransac","MP_13",7850,4750,5000,95.7,66.5,75,95.7,"PET",0.737,"Comparstic Spotlight F2Ba Au 240926.csv",-1017.62920895358,-75.1103797918529,-1017.62920895358,-75.1103797918529,1,144.646319681956,0.12224087146291,FALSE
28,31,14,30.7936394781001,31.073691308935,"A31",-2806.18,5048.108,6600,113,74,74,113,"Cellulosic",0.927399984619523,"Comparstic LDIR F2Ba Au MP2 240925.xlsx",91.6699568847508,1.52380948711022,0.362020667405384,"circle_calibrated",4985.20730693069,2226.17390495049,5390.12080254394,1168.22844713634,"landmark_ransac","MP_2",1550,3000,3750,80.9,59,50,80.9,"PET",0.878,"Comparstic Spotlight F2Ba Au 240926.csv",5381.87299948483,1197.89698227047,5381.87299948483,1197.89698227047,1,186.687001615084,0.164947956803073,FALSE
29,32,8,7.97751029805352,8.19903838249942,"A32",-1927.094,5573.932,6450,111,81,81,111,"Polyethylene terephthalate",0.881695252838208,"Comparstic LDIR F2Ba Au MP2 240925.xlsx",90.6222658265715,1.37755096363061,0.324015935919744,"circle_calibrated",5511.03130693069,1347.0879049505,5868.93352088757,352.947656570694,"landmark_ransac","MP_0",1000,3800,3750,104.1,45.9,77.5,104.1,"PET",0.886,"Comparstic Spotlight F2Ba Au 240926.csv",5869.70876935102,360.88740847963,5869.70876935102,360.88740847963,1,404.215651087824,0.0197357778616055,FALSE
30,34,360,7.0706791160636,7.40426768855714,"A34",1053.182,-6377.462,4662.5,97,65,65,97,"Polyethylene terephthalate",0.893210651413161,"Comparstic LDIR F2Ba Au MP2 240925.xlsx",77.0485520780741,1.48148141136173,0.046927548326225,"circle_calibrated",-6440.36269306931,-1633.18809504951,-5184.11880836789,-2309.22764202476,"landmark_ransac","MP_-1",11850,7300,10000,136.8,93.1,100,136.8,"Protein",0.959,"Comparstic Spotlight F2Ba Au 240926.csv",-5187.80457929939,-2315.26167846837,-5187.80457929939,-2315.26167846837,1,382.591966541605,0.0184809921127675,FALSE
31,35,249,15.6529492910749,15.7842890066297,"A35",-3266.276,-1829.828,4650,97,62,62,97,"Polyamide (naturally occurring)",0.933982588596863,"Comparstic LDIR F2Ba Au MP2 240925.xlsx",76.9452005197108,0.638095174277552,0.0576958570157382,"circle_calibrated",-1892.72869306931,2686.2699049505,-954.704999184984,1643.86550679935,"landmark_ransac","MP_14",7900,3025,3750,80.9,59,75,80.9,"PET",0.746,"Comparstic Spotlight F2Ba Au 240926.csv",-939.110796119881,1645.22036925484,-939.110796119881,1645.22036925484,1,348.683485992447,0.0448915704927131,FALSE
32,36,314,4.37332245635195,4.40712907631331,"A36",4039.542,-4683.874,4600,94,66,66,94,"Polyethylene terephthalate",0.906023235391562,"Comparstic LDIR F2Ba Au MP2 240925.xlsx",76.5303985732581,1.43749992724326,0.420497605609093,"circle_calibrated",-4746.77469306931,-4619.54809504951,-3643.09459170733,-5078.14670725932,"landmark_ransac","MP_-1",10100,9950,4375,95.7,58.2,72.5,95.7,"Protein",0.672,"Comparstic Spotlight F2Ba Au 240926.csv",-3643.37411763407,-5082.51108746314,-3643.37411763407,-5082.51108746314,1,221.176923435253,0.0197729599834685,FALSE
33,38,73,5.0863186623895,5.36453875963197,"A38",-2466.126,3225.222,4550,110,57,57,110,"Polyethylene terephthalate",0.918361068411598,"Comparstic LDIR F2Ba Au MP2 240925.xlsx",76.1133360755196,0.516129006996268,0.325569828249742,"circle_calibrated",3162.32130693069,1886.1199049505,3705.10303523516,867.873632740279,"landmark_ransac","MP_-1",3200,3450,8125,150,69,112.5,150,"Cellulose",0.771,"Comparstic Spotlight F2Ba Au 240926.csv",3706.43258471679,872.783106817129,3706.43258471679,872.783106817129,1,52.847062762381,0.0962460049153418,FALSE
34,39,35,91.4528869209226,91.8855154693787,"A39",2282.41,3974.152,4537.5,192,45,45,192,"Polyamide (naturally occurring)",0.878685457165586,"Comparstic LDIR F2Ba Au MP2 240925.xlsx",76.0087128836938,4.28308803841678,0.0209442402948286,"circle_calibrated",3911.25130693069,-2862.4160950495,4361.16136042021,-3520.50723982785,"landmark_ransac","MP_-1",2225,7700,3125,80.9,49.2,75,80.9,"Cellulose",0.773,"Comparstic Spotlight F2Ba Au 240926.csv",4360.65129872906,-3429.05577530572,4360.65129872906,-3429.05577530572,0,89.496285658705,1.02186237392777,TRUE
35,40,265,15.3819600244491,15.4074969435571,"A40",4025.762,-2698.956,4150,104,59,59,104,"Polyamide (naturally occurring)",0.939859813213134,"Comparstic LDIR F2Ba Au MP2 240925.xlsx",72.6907429501923,0.566037701226032,0.0414145395182857,"circle_calibrated",-2761.85669306931,-4605.76809504951,-1810.94176956246,-5080.13897307668,"landmark_ransac","MP_-1",8275,9825,4375,104.1,53.5,77.5,104.1,"Cellulose",0.704,"Comparstic Spotlight F2Ba Au 240926.csv",-1817.95240628201,-5093.83041810561,-1817.95240628201,-5093.83041810561,1,224.001333938777,0.0686690554648805,FALSE
36,41,225,469.311586673103,469.824817068078,"A41",-2957.396,-1400.516,4000,135,49,49,135,"Polyethylene terephthalate",0.892249441085367,"Comparstic LDIR F2Ba Au MP2 240925.xlsx",71.3649646461108,0.360902294401041,0.0727339748989135,"circle_calibrated",-1463.41669306931,2377.3899049505,-560.745444534146,1355.59192069162,"landmark_ransac","MP_-1",7150,3600,1875,60.4,39.6,30,60.4,"Protein",0.789,"Comparstic Spotlight F2Ba Au 240926.csv",-235.515914664811,1017.24429134187,-235.515914664811,1017.24429134187,0,476.492368771772,0.98492991164333,TRUE
37,42,243,3.80374089049288,4.23601556399318,"A42",-6040.918,-1542.814,3912.5,105,47,47,105,"Cellulosic",0.910002468582759,"Comparstic LDIR F2Ba Au MP2 240925.xlsx",70.580094352277,2.23809512204187,0.161135907732921,"circle_calibrated",-1605.71469306931,5460.91190495049,-669.231253737945,4202.69289127978,"landmark_ransac","MP_-1",7825,450,10625,150,90.2,100,150,"Protein",0.945,"Comparstic Spotlight F2Ba Au 240926.csv",-672.992045041525,4202.12289695269,-672.992045041525,4202.12289695269,1,336.839541321539,0.0112924417233484,FALSE
38,43,222,13.0348194735106,13.1919866141651,"A43",1934.114,-1254.942,3875,103,50,50,103,"Polyamide (naturally occurring)",0.93290560793875,"Comparstic LDIR F2Ba Au MP2 240925.xlsx",70.2410366940064,0.487684770546574,0.233460442658453,"circle_calibrated",-1317.84269306931,-2514.1200950495,-462.635643947602,-3160.28018395253,"landmark_ransac","MP_12",7075,7800,3125,80.9,49.2,55,80.9,"PET",0.698,"Comparstic Spotlight F2Ba Au 240926.csv",-473.203053945448,-3167.91145937964,-473.203053945448,-3167.91145937964,1,65.4153043570851,0.199262536521375,FALSE
39,44,192,27.6761101369993,27.7633267369284,"A44",515.71,-318.292,3875,106,59,59,106,"Polypropylene",0.978589994635303,"Comparstic LDIR F2Ba Au MP2 240925.xlsx",70.2410366940064,1.81081079979626,0.212062854955057,"circle_calibrated",-381.192693069307,-1095.7160950495,412.391149645328,-1858.05562528157,"landmark_ransac","MP_-1",6300,6400,5000,104.1,61.2,50,104.1,"Cellulose",0.746,"Comparstic Spotlight F2Ba Au 240926.csv",402.136195099216,-1832.34953690601,402.136195099216,-1832.34953690601,1,531.261525414386,0.0520950771193374,FALSE
40,45,334,16.2175346305729,16.4391626067162,"A45",-557.882,-4904.328,3562.5,105,47,47,105,"Polyamide (naturally occurring)",0.925932956436204,"Comparstic LDIR F2Ba Au MP2 240925.xlsx",67.3492084446359,0.446808533806944,0.05138948993037,"circle_calibrated",-4967.22869306931,-22.1240950495046,-3812.49713947207,-833.156775043838,"landmark_ransac","MP_-1",10600,5725,6250,115.1,69.1,95,115.1,"Protein",0.874,"Comparstic Spotlight F2Ba Au 240926.csv",-3826.76146116808,-840.872833367004,-3826.76146116808,-840.872833367004,1,171.336966032306,0.0946528645051129,FALSE
41,46,198,8.2971751360671,8.71693044807898,"A46",2541.89,-687.31,3475,167,43,43,167,"Cellulosic",0.894828861564227,"Comparstic LDIR F2Ba Au MP2 240925.xlsx",66.5169709018284,0.254237275107038,0.0963791168750561,"circle_calibrated",-750.210693069307,-3121.89609504951,56.7760405605461,-3725.45561209358,"landmark_ransac","MP_-1",6500,8325,11250,183.1,78.2,117.5,183.1,"Cellulose",0.85,"Comparstic Spotlight F2Ba Au 240926.csv",59.9608453390782,-3733.11721334667,59.9608453390782,-3733.11721334667,1,537.113265171592,0.0154477196414361,FALSE
42,47,134,29.579624167105,29.9274418613426,"A47",4806.126,980.538,3362.5,190,32,32,190,"Cellulosic",0.822389400336825,"Comparstic LDIR F2Ba Au MP2 240925.xlsx",65.4313989547219,5.98689921030809,0.646442388693304,"circle_calibrated",917.637306930693,-5386.13209504951,1579.39455303825,-5827.67386849658,"landmark_ransac","MP_-1",4825,10275,8750,207,53.8,75,207,"Cellulose",0.821,"Comparstic Spotlight F2Ba Au 240926.csv",1581.80972063832,-5798.19300807273,1581.80972063832,-5798.19300807273,1,417.559807852278,0.0708392513140764,FALSE
43,48,350,12.7843264764641,13.037283303229,"A48",-1180.218,-5640.518,3325,94,46,46,94,"Polyethylene terephthalate",0.877625051256687,"Comparstic LDIR F2Ba Au MP2 240925.xlsx",65.0655168752575,0.485294150366557,0.0476015677242057,"circle_calibrated",-5703.41869306931,600.211904950495,-4487.37751763531,-253.293427285631,"landmark_ransac","MP_23",11300,5175,1875,75,31.8,52.5,75,"PET",0.733,"Comparstic Spotlight F2Ba Au 240926.csv",-4482.45851728559,-241.493323937935,-4482.45851728559,-241.493323937935,1,353.52760632207,0.0361621730463034,FALSE
44,49,115,17.3341832367541,17.354299154137,"A49",2701.14,1706.796,3275,80,50,50,80,"Polyethylene terephthalate",0.911702241758719,"Comparstic LDIR F2Ba Au MP2 240925.xlsx",64.5744493511765,0.625,0.227366070486011,"circle_calibrated",1643.89530693069,-3281.14609504951,2265.3210932494,-3890.18472599127,"landmark_ransac","MP_7",4300,8325,3125,80.9,49.2,55,80.9,"PET",0.733,"Comparstic Spotlight F2Ba Au 240926.csv",2249.26390253799,-3896.71469803888,2249.26390253799,-3896.71469803888,1,424.970917751588,0.0407891046485364,FALSE
45,50,250,5.10101710212764,5.30329600412504,"A50",-1270.334,-2000.804,3187.5,128,36,36,128,"Cellulosic",0.911693399418307,"Comparstic LDIR F2Ba Au MP2 240925.xlsx",63.7059734157114,0.282786881267485,0.10852471560203,"circle_calibrated",-2063.70469306931,690.327904950495,-1127.30609217119,-197.093009086823,"landmark_ransac","MP_-1",7950,4875,4375,104.1,53.5,82.5,104.1,"Protein",0.823,"Comparstic Spotlight F2Ba Au 240926.csv",-1126.43829591104,-192.06634964669,-1126.43829591104,-192.06634964669,1,164.038960500373,0.0310963754376877,FALSE
46,51,148,25.421963064612,26.0448050136026,"A51",-4212.676,1364.48,3100,96,48,48,96,"Polyamide (naturally occurring)",0.917033491970952,"Comparstic LDIR F2Ba Au MP2 240925.xlsx",62.8254931431422,0.5,0.0179224465704286,"circle_calibrated",1301.57930693069,3632.6699049505,2000.60936779523,2493.7047889573,"landmark_ransac","MP_-1",5050,1950,13125,177.1,94.4,150,177.1,"Protein",0.956,"Comparstic Spotlight F2Ba Au 240926.csv",1976.97148072604,2503.06034885302,1976.97148072604,2503.06034885302,1,392.779495160151,0.064723243901127,FALSE
47,52,271,198.739271047168,199.017092446543,"A52",-3394.196,-2666.248,3087.5,103,41,41,103,"Cellulosic",0.969097963071682,"Comparstic LDIR F2Ba Au MP2 240925.xlsx",62.6987008985817,0.393333277173359,0.100658942983149,"circle_calibrated",-2729.14869306931,2814.1899049505,-1725.76053333524,1768.13285952844,"landmark_ransac","MP_-1",8500,3000,2500,60.4,52.7,50,60.4,"Protein",0.793,"Comparstic Spotlight F2Ba Au 240926.csv",-1534.33438575717,1714.7163089118,-1534.33438575717,1714.7163089118,0,338.24575985028,0.587558794928092,FALSE
48,54,207,10.4622828976545,11.0881230390812,"A54",1022.45,-841.49,2950,74,57,57,74,"Polyethylene terephthalate",0.922683503707088,"Comparstic LDIR F2Ba Au MP2 240925.xlsx",61.2866760150094,1.31250003161014,0.0272537070161607,"circle_calibrated",-904.390693069307,-1602.45609504951,-74.268709504482,-2321.8917125877,"landmark_ransac","MP_-1",6750,6925,10625,152.5,88.7,100,152.5,"Protein",0.971,"Comparstic Spotlight F2Ba Au 240926.csv",-84.7161027202947,-2321.33373550506,-84.7161027202947,-2321.33373550506,1,206.712838799616,0.0506126419549415,FALSE
49,55,100,14.3816201378661,14.501113955888,"A55",-5000.866,2466.23,2887.5,99,59,59,99,"Polyethylene terephthalate",0.913073340982825,"Comparstic LDIR F2Ba Au MP2 240925.xlsx",60.633977153266,0.597484148081609,0.172225221097964,"circle_calibrated",2403.32930693069,4420.85990495049,3023.35031723605,3213.02729182079,"landmark_ransac","MP_-1",4050,1150,3750,104.1,45.9,62.5,104.1,"Cellulose",0.686,"Comparstic Spotlight F2Ba Au 240926.csv",3031.5992284318,3224.80805842889,3031.5992284318,3224.80805842889,1,147.204069072152,0.0976985230674362,FALSE
50,56,216,276.952230266306,277.122909972844,"A56",-2238.158,-980.85,2862.5,64,57,57,64,"Polyamide (naturally occurring)",0.910238033900315,"Comparstic LDIR F2Ba Au MP2 240925.xlsx",60.3709217819672,1.12359546800437,0.0351565017260782,"circle_calibrated",-1043.75069306931,1658.1519049505,-178.730333153226,688.635307896949,"landmark_ransac","MP_-1",6950,4175,1875,60.4,39.6,30,60.4,"Cellulose",0.711,"Comparstic Spotlight F2Ba Au 240926.csv",-79.2467975094672,430.167584601954,-79.2467975094672,430.167584601954,0,273.722372185729,1.01179975920414,TRUE
51,58,59,53.7561532731056,53.9640620115564,"A58",-710.19,3485.196,2700,80,45,45,80,"Cellulosic",0.870641190372022,"Comparstic LDIR F2Ba Au MP2 240925.xlsx",58.6323014283504,0.5625,0.120937439065733,"circle_calibrated",3422.29530693069,130.183904950495,3932.04135707043,-754.756745589847,"landmark_ransac","MP_-1",2800,5050,1875,60.4,39.6,30,60.4,"Protein",0.759,"Comparstic Spotlight F2Ba Au 240926.csv",3985.50769715861,-749.182295635206,3985.50769715861,-749.182295635206,0,323.579931135603,0.166129441601797,FALSE
52,59,318,35.7819947610566,36.2223221387693,"A59",1437.488,-4633.252,2625,91,45,45,91,"Cellulosic",0.942414338697657,"Comparstic LDIR F2Ba Au MP2 240925.xlsx",57.8122288528111,0.492125970663283,0.0709452053529067,"circle_calibrated",-4696.15269306931,-2017.49409504951,-3577.08637115978,-2676.86356422066,"landmark_ransac","MP_-1",10225,7575,7500,136.8,69.8,75,136.8,"Cellulose",0.872,"Comparstic Spotlight F2Ba Au 240926.csv",-3591.15541581854,-2709.76361181135,-3591.15541581854,-2709.76361181135,1,484.664470071889,0.0738283843165749,FALSE
53,60,166,144.390725642724,144.604807653505,"A60",2169.518,553.592,2612.5,85,49,49,85,"Polyethylene terephthalate",0.918982893681545,"Comparstic LDIR F2Ba Au MP2 240925.xlsx",57.6744164306897,1.72881339107393,0.133797624674322,"circle_calibrated",490.691306930693,-2749.5240950495,1204.87048898428,-3390.95843762534,"landmark_ransac","MP_-1",5450,8025,1875,60.4,39.6,30,60.4,"Protein",0.738,"Comparstic Spotlight F2Ba Au 240926.csv",1127.1642341875,-3512.65650505901,1127.1642341875,-3512.65650505901,1,6.8596575962247,21.0492613687002,TRUE
54,61,65,23.3259323562015,23.6421697775882,"A61",612.923999999999,3315.338,2600,132,39,39,132,"Cellulosic",0.955328688477602,"Comparstic LDIR F2Ba Au MP2 240925.xlsx",57.5362739175159,0.297640633911645,0.229036327466917,"circle_calibrated",3252.43730693069,-1192.9300950495,3765.45875460846,-1974.7130050274,"landmark_ransac","MP_-1",2950,6300,3750,80.9,59,75,80.9,"Cellulose",0.84,"Comparstic Spotlight F2Ba Au 240926.csv",3743.28391786538,-1981.95011326921,3743.28391786538,-1981.95011326921,1,274.115363631503,0.085095311868615,FALSE
55,62,312,10.0920535006705,10.3724001228975,"A62",-4106.934,-4149.938,2487.5,78,53,53,78,"Polyamide (naturally occurring)",0.93182349408159,"Comparstic LDIR F2Ba Au MP2 240925.xlsx",56.2777342074885,0.674157369262837,0.113820361839015,"circle_calibrated",-4212.83869306931,3526.9279049505,-3089.90262843823,2436.97596593937,"landmark_ransac","MP_-1",10100,2400,4375,104.1,53.5,77.5,104.1,"Cellulose",0.668,"Comparstic Spotlight F2Ba Au 240926.csv",-3081.93729516759,2430.7789497422,-3081.93729516759,2430.7789497422,1,105.712115552365,0.0954673307589926,FALSE
56,64,50,213.770209788903,214.035551654617,"A64",-737.021999999999,3649.958,2437.5,55,55,55,55,"Carbonate",0.732827477267805,"Comparstic LDIR F2Ba Au MP2 240925.xlsx",55.7092576713418,1,0.231872748298315,"circle_calibrated",3587.05730693069,157.015904950494,4084.3131698345,-731.212312397493,"landmark_ransac","MP_-1",2550,5175,1250,50,31.8,50,50,"Cellulose",0.687,"Comparstic Spotlight F2Ba Au 240926.csv",4224.99682384643,-892.165138054715,4224.99682384643,-892.165138054715,0,100.426299982973,2.12862775811861,TRUE
57,65,52,210.01069000005,210.345472562008,"A65",-4048.07,3775.096,2437.5,60,60,60,60,"Polyamide (naturally occurring)",0.92175196503736,"Comparstic LDIR F2Ba Au MP2 240925.xlsx",55.7092576713418,1,0.117355498496517,"circle_calibrated",3712.19530693069,3468.0639049505,4224.35321700353,2323.90980219228,"landmark_ransac","MP_-1",2600,2050,3750,100,47.7,50,100,"Cellulose",0.845,"Comparstic Spotlight F2Ba Au 240926.csv",4407.62272693881,2221.3584655731,4407.62272693881,2221.3584655731,0,357.736468279653,0.587054182678069,FALSE
58,67,26,14.4187512674061,14.9110323428913,"A67",1671.072,4291.118,2387.5,64,53,53,64,"Polyamide (naturally occurring)",0.925614174181343,"Comparstic LDIR F2Ba Au MP2 240925.xlsx",55.1349200875017,0.833333308357424,0.0428487982844787,"circle_calibrated",4228.21730693069,-2251.0780950495,4658.24727413396,-2958.60024036169,"landmark_ransac","MP_-1",1975,7200,6250,115.1,69.1,75,115.1,"Protein",0.947,"Comparstic Spotlight F2Ba Au 240926.csv",4646.61698356808,-2950.07752193008,4646.61698356808,-2950.07752193008,1,243.801790940885,0.0591412852701406,FALSE
59,68,140,570.441471879047,570.547327029751,"A68",5936.034,316.42,2287.5,70,45,45,70,"Polyamide (naturally occurring)",0.92593733437578,"Comparstic LDIR F2Ba Au MP2 240925.xlsx",53.9679113787229,1.55555555555556,0.0417932592562695,"circle_calibrated",253.519306930693,-6516.04009504951,958.049022961657,-6865.64062076016,"landmark_ransac","MP_-1",4875,11100,1875,60.4,39.6,30,60.4,"Protein",0.756,"Comparstic Spotlight F2Ba Au 240926.csv",1470.70377621513,-6615.46352987022,1470.70377621513,-6615.46352987022,1,33.4279827913891,17.0647889655486,TRUE
60,69,165,408.10266243975,408.407773062972,"A69",-628.758,933.582,2237.5,76,46,46,76,"Cellulosic",0.93580260113498,"Comparstic LDIR F2Ba Au MP2 240925.xlsx",53.3748394034579,0.604166631325456,0.016094421833095,"circle_calibrated",870.681306930693,48.7519049504948,1576.33490265475,-811.006293591202,"landmark_ransac","MP_-1",5400,5650,1250,50,31.8,25,50,"Protein",0.664,"Comparstic Spotlight F2Ba Au 240926.csv",1353.53204282566,-1152.92246568956,1353.53204282566,-1152.92246568956,0,297.729966080521,1.37071409980069,TRUE
61,70,161,6.07704527451341,6.29005119680153,"A70",1990.56,632.658,2175,75,40,40,75,"Polyethylene terephthalate",0.873115309564973,"Comparstic LDIR F2Ba Au MP2 240925.xlsx",52.6241010355424,0.533333333333333,0.0510887411332721,"circle_calibrated",569.757306930693,-2570.5660950495,1279.17359496503,-3226.36877323826,"landmark_ransac","MP_-1",5325,7725,3750,80.9,59,75,80.9,"Protein",0.803,"Comparstic Spotlight F2Ba Au 240926.csv",1273.8652012591,-3223.41049070758,1273.8652012591,-3223.41049070758,1,180.781129883038,0.0336154845278661,FALSE
62,71,6,18.3763455392984,18.5696717769877,"A71",2795.728,5548.764,2125,64,42,42,64,"Polyethylene terephthalate",0.895910031452128,"Comparstic LDIR F2Ba Au MP2 240925.xlsx",52.015709478601,1.4999998876084,0.261904884751062,"circle_calibrated",5485.86330693069,-3375.73409504951,5810.7011304714,-4005.96242037046,"landmark_ransac","MP_-1",750,8175,3125,80.9,49.2,55,80.9,"Protein",0.822,"Comparstic Spotlight F2Ba Au 240926.csv",5793.15730061069,-4011.43088534686,5793.15730061069,-4011.43088534686,1,422.85013761709,0.0434582938599845,FALSE
63,72,143,4.5142785921147,4.70034992914902,"A72",-435.422,1197.196,2100,65,40,40,65,"Polyethylene terephthalate",0.930434884804005,"Comparstic LDIR F2Ba Au MP2 240925.xlsx",51.7088294582641,1.625,0.108854280608885,"circle_calibrated",1134.29530693069,-144.584095049505,1818.21393450972,-991.406380769787,"landmark_ransac","MP_9",4950,5450,3125,80.9,49.2,55,80.9,"Polypro",0.676,"Comparstic Spotlight F2Ba Au 240926.csv",1816.21653040655,-987.358036903976,1816.21653040655,-987.358036903976,1,53.4674497615161,0.0844304078883506,FALSE
64,73,80,13.3392375866245,13.5389770619326,"A73",550.680000000001,2957.006,2012.5,66,43,43,66,"Polyamide (naturally occurring)",0.91134245757931,"Comparstic LDIR F2Ba Au MP2 240925.xlsx",50.6201005903733,1.55555558037681,0.0347634725776,"circle_calibrated",2894.10530693069,-1130.68609504951,3435.18480019274,-1914.6069513021,"landmark_ransac","MP_-1",3275,6250,3125,80.9,49.2,50,80.9,"Protein",0.671,"Comparstic Spotlight F2Ba Au 240926.csv",3423.582272704,-1908.02541536697,3423.582272704,-1908.02541536697,1,315.373061269326,0.042296693106685,FALSE
65,77,119,3.94999360125414,4.41152321629007,"A77",-394.654,1838.46,1937.5,60,40,40,60,"Polyamide (naturally occurring)",0.971180570520754,"Comparstic LDIR F2Ba Au MP2 240925.xlsx",49.667913363905,0.666666666666667,0.109280427275816,"circle_calibrated",1775.55930693069,-185.352095049505,2409.78921235722,-1033.78731636967,"landmark_ransac","MP_-1",4350,5450,5000,104.1,61.2,80,104.1,"Protein",0.859,"Comparstic Spotlight F2Ba Au 240926.csv",2413.29918236989,-1031.97553272913,2413.29918236989,-1031.97553272913,1,554.170870094006,0.00712775393730835,FALSE
66,78,169,364.667010755226,364.683593595943,"A78",1877.2,267.696,1862.5,60,45,45,60,"Polyamide (naturally occurring)",0.91894503916936,"Comparstic LDIR F2Ba Au MP2 240925.xlsx",48.6971113318772,1.33333333333333,0.195371493350196,"circle_calibrated",204.795306930693,-2457.20609504951,943.159086906498,-3119.03425102796,"landmark_ransac","MP_-1",5575,8000,1875,60.4,39.6,50,60.4,"Protein",0.729,"Comparstic Spotlight F2Ba Au 240926.csv",1004.63107735451,-3478.48274959696,1004.63107735451,-3478.48274959696,1,12.5758569691739,28.9973885397315,TRUE
67,79,123,273.996707292605,274.161484618434,"A79",-2555.41,1808.482,1837.5,56,42,42,56,"Polyamide (naturally occurring)",0.914585244700799,"Comparstic LDIR F2Ba Au MP2 240925.xlsx",48.369180925987,1.31578952684855,1.02297142606545,"circle_calibrated",1745.58130693069,1975.40390495049,2398.13416223636,960.781494080845,"landmark_ransac","MP_-1",4425,3200,1250,50,31.8,25,50,"Cellulose",0.666,"Comparstic Spotlight F2Ba Au 240926.csv",2505.97946021878,1212.66159911154,2505.97946021878,1212.66159911154,0,53.9070885852102,5.08275839938011,TRUE
68,80,94,22.5013999672226,22.8122187548966,"A80",-2536.274,2584.01,1825,106,31,31,106,"Cellulosic",0.900970428432625,"Comparstic LDIR F2Ba Au MP2 240925.xlsx",48.2043791490117,3.35483855329695,0.209673771929313,"circle_calibrated",2521.10930693069,1956.26790495049,3113.79349936051,937.371499312829,"landmark_ransac","MP_-1",3775,3425,4375,104.1,53.5,80,104.1,"Cellulose",0.788,"Comparstic Spotlight F2Ba Au 240926.csv",3136.0874389113,940.419984148038,3136.0874389113,940.419984148038,1,108.150769121147,0.208055847869351,FALSE
69,81,328,167.025345972921,167.200654364031,"A81",889.798,-4569.578,1812.5,60,42,42,60,"Polyamide (naturally occurring)",0.927072222024821,"Comparstic LDIR F2Ba Au MP2 240925.xlsx",48.0390120093293,1.4166666853986,0.0247644435456169,"circle_calibrated",-4632.47869306931,-1469.80409504951,-3514.25704152198,-2171.82550447992,"landmark_ransac","MP_-1",10350,7075,1250,50,31.8,30,50,"Protein",0.679,"Comparstic Spotlight F2Ba Au 240926.csv",-3678.36638845661,-2202.89942354499,-3678.36638845661,-2202.89942354499,0,377.87608559915,0.442010892825064,FALSE
70,83,332,34.8527888018236,35.3834335981305,"A83",-2042.43,-4746.716,1750,50,40,40,50,"Polyethylene terephthalate",0.941419101723752,"Comparstic LDIR F2Ba Au MP2 240925.xlsx",47.2034871941315,0.8,0.33663779376662,"circle_calibrated",-4809.61669306931,1462.42390495049,-3656.0209676358,535.891498568281,"landmark_ransac","MP_-1",10500,4350,4375,104.1,53.5,75,104.1,"Protein",0.839,"Comparstic Spotlight F2Ba Au 240926.csv",-3624.99925790822,520.005328078121,-3624.99925790822,520.005328078121,1,500.07258638566,0.069695459720611,FALSE
71,84,149,384.693959680347,384.741800318597,"A84",2856.308,1311.596,1712.5,63,38,38,63,"Chitin",0.884059143024926,"Comparstic LDIR F2Ba Au MP2 240925.xlsx",46.6949967379693,1.6470589858636,2.06518276883839,"circle_calibrated",1248.69530693069,-3436.3140950495,1899.40718069165,-4030.47357013521,"landmark_ransac","MP_-1",5025,8475,1875,60.4,39.6,50,60.4,"Protein",0.665,"Comparstic Spotlight F2Ba Au 240926.csv",1516.63465745933,-3992.07255357433,1516.63465745933,-3992.07255357433,0,374.554617760276,1.02707039625009,TRUE
72,87,11,187.475230574302,187.595082907583,"A87",-1606.046,5391.36,1625,55,40,40,55,"Polyamide (naturally occurring)",0.925915615362264,"Comparstic LDIR F2Ba Au MP2 240925.xlsx",45.4864184146723,1.40000012063134,0.116657391682125,"circle_calibrated",5328.45930693069,1026.03990495049,5698.04278456281,57.9780946328174,"landmark_ransac","MP_-1",1325,4050,1250,50,31.8,25,50,"Protein",0.693,"Comparstic Spotlight F2Ba Au 240926.csv",5527.69837627707,136.270780400196,5527.69837627707,136.270780400196,0,312.048162905703,0.600789406444782,FALSE
73,88,238,650.779366923573,650.852521225525,"A88",-1633.58,-939.77,1612.5,63,35,35,63,"Polyamide (naturally occurring)",0.956803703803018,"Comparstic LDIR F2Ba Au MP2 240925.xlsx",45.3111329132858,0.549999988690813,2.05831711490506,"circle_calibrated",-1002.67069306931,1053.5739049505,-145.294850573473,130.314071384191,"landmark_ransac","MP_-1",7575,4775,1875,60.4,39.6,30,60.4,"Protein",0.663,"Comparstic Spotlight F2Ba Au 240926.csv",-745.825389129762,-120.438509210186,-745.825389129762,-120.438509210186,0,287.648617159167,2.26241090032243,TRUE
74,89,353,353.052645828858,353.243540933717,"A89",1966.276,-5638.958,1487.5,60,35,35,60,"Polyamide (naturally occurring)",0.931131812857365,"Comparstic LDIR F2Ba Au MP2 240925.xlsx",43.5194648725551,0.583333333333333,0.109456881881882,"circle_calibrated",-5701.85869306931,-2546.28209504951,-4509.25756333994,-3157.47358126014,"landmark_ransac","MP_-1",11350,8350,2500,60.4,52.7,50,60.4,"Protein",0.781,"Comparstic Spotlight F2Ba Au 240926.csv",-4768.31632035729,-3397.33756592517,-4768.31632035729,-3397.33756592517,0,446.593300600122,0.790546220362987,TRUE
75,91,63,8.22067116135815,8.76988902081568,"A91",-2014.714,3487.484,1475,68,36,36,68,"Polycarbonate",0.869741025025116,"Comparstic LDIR F2Ba Au MP2 240925.xlsx",43.3362242065961,0.523364520461789,0.157231622928055,"circle_calibrated",3424.58330693069,1434.7079049505,3943.8214879574,449.283139003829,"landmark_ransac","MP_-1",2925,3850,5625,104.1,68.8,97.5,104.1,"Cellulose",0.734,"Comparstic Spotlight F2Ba Au 240926.csv",3950.35046964988,454.27831992171,3950.35046964988,454.27831992171,1,150.710991952273,0.054545929629084,FALSE
76,92,313,22.3612190728093,22.8044728482959,"A92",-4016.376,-4152.018,1475,50,45,45,50,"Polyamide (naturally occurring)",0.939254523355852,"Comparstic LDIR F2Ba Au MP2 240925.xlsx",43.3362242065961,0.9,0.108222940598193,"circle_calibrated",-4214.91869306931,3436.3699049505,-3092.4935993623,2353.40765340678,"landmark_ransac","MP_-1",10100,2500,3750,80.9,59,75,80.9,"Protein",0.761,"Comparstic Spotlight F2Ba Au 240926.csv",-3089.37354447178,2331.26517441498,-3089.37354447178,2331.26517441498,1,78.088110842016,0.28635881738834,FALSE
77,93,2,279.078046314847,279.175517915014,"A93",-986.284,5979.402,1475,63,36,36,63,"Polyamide (naturally occurring)",0.934617438466672,"Comparstic LDIR F2Ba Au MP2 240925.xlsx",43.3362242065961,1.76923072301354,0.0584023850377724,"circle_calibrated",5916.50130693069,406.277904950495,6236.20377182092,-518.411505208758,"landmark_ransac","MP_-1",525,4375,1875,60.4,39.6,30,60.4,"Protein",0.777,"Comparstic Spotlight F2Ba Au 240926.csv",6299.64076865623,-246.638983846813,6299.64076865623,-246.638983846813,0,174.1147640929,1.60283964297217,TRUE
78,94,101,14.134078794309,14.5069652338561,"A94",4257.76,1870.856,1462.5,49,42,42,49,"Rubber",0.769118095199971,"Comparstic LDIR F2Ba Au MP2 240925.xlsx",43.1522054381369,0.857142884667332,0.0671294433792824,"circle_calibrated",1807.95530693069,-4837.76609504951,2405.20938526607,-5328.13845395441,"landmark_ransac","MP_-1",4050,9750,3125,75,53.1,55,75,"Protein",0.852,"Comparstic Spotlight F2Ba Au 240926.csv",2392.08178827131,-5333.37661971229,2392.08178827131,-5333.37661971229,1,203.259359274248,0.0695371610181974,FALSE
79,95,336,15.0711725417683,15.3221554432617,"A95",-1246.674,-4978.792,1462.5,45,40,40,45,"Cellulosic",0.936736016673243,"Comparstic LDIR F2Ba Au MP2 240925.xlsx",43.1522054381369,0.888888888888889,0.228775044461935,"circle_calibrated",-5041.69269306931,666.667904950495,-3876.12142964309,-196.859808886449,"landmark_ransac","MP_-1",10700,5100,2500,60.4,52.7,50,60.4,"Protein",0.69,"Comparstic Spotlight F2Ba Au 240926.csv",-3879.79867834411,-211.475488267668,-3879.79867834411,-211.475488267668,1,264.339705919649,0.0570144106400323,FALSE
80,97,175,524.260564358994,524.342634918997,"A97",773.656,304.771999999999,1425,57,35,35,57,"Rubber",0.731294542350706,"Comparstic LDIR F2Ba Au MP2 240925.xlsx",42.5953794588991,1.5999998381561,0.226323982236288,"circle_calibrated",241.871306930693,-1353.6620950495,985.558498439864,-2100.75383600695,"landmark_ransac","MP_-1",5700,7150,1250,50,31.8,25,50,"Cellulose",0.72,"Comparstic Spotlight F2Ba Au 240926.csv",943.446977281116,-2623.32034768533,943.446977281116,-2623.32034768533,0,544.508264198342,0.962814706092371,TRUE
81,98,72,22.1667076433789,22.7255306317619,"A98",4802.408,2764.008,1425,53,35,35,53,"Polyamide (naturally occurring)",0.970435445372751,"Comparstic LDIR F2Ba Au MP2 240925.xlsx",42.5953794588991,0.666666666666667,0.1619312688674,"circle_calibrated",2701.10730693069,-5382.41409504951,3225.53920245883,-5837.46020495661,"landmark_ransac","MP_-1",3200,10200,5000,95.7,66.5,75,95.7,"Protein",0.924,"Comparstic Spotlight F2Ba Au 240926.csv",3204.48575668384,-5844.39672777043,3204.48575668384,-5844.39672777043,1,173.121711606364,0.128041176567041,FALSE
82,99,49,7.24120725993975,7.59681484574208,"A99",-999.414,3888.274,1412.5,55,34,34,55,"Polyamide (naturally occurring)",0.94536476687416,"Comparstic LDIR F2Ba Au MP2 240925.xlsx",42.408146115321,0.618181835521351,0.180957250283015,"circle_calibrated",3825.37330693069,419.407904950495,4306.22009171721,-490.794533373793,"landmark_ransac","MP_-1",2500,4775,3125,80.9,49.2,62.5,80.9,"Protein",0.746,"Comparstic Spotlight F2Ba Au 240926.csv",4304.49870872681,-497.828161397918,4304.49870872681,-497.828161397918,1,102.541409721719,0.0706173952512571,FALSE
83,100,74,18.4248391929538,18.5978528501422,"A100",2177.656,2934.412,1412.5,49,43,43,49,"Polyamide (naturally occurring)",0.88344206265084,"Comparstic LDIR F2Ba Au MP2 240925.xlsx",42.408146115321,1.12903230457938,0.387001035973799,"circle_calibrated",2871.51130693069,-2757.6620950495,3402.27270564611,-3416.1148866653,"landmark_ransac","MP_-1",3200,7750,1875,60.4,39.6,50,60.4,"Protein",0.773,"Comparstic Spotlight F2Ba Au 240926.csv",3386.67386463654,-3406.30923225346,3386.67386463654,-3406.30923225346,1,292.693745757027,0.0629492070126046,FALSE
84,101,167,15.2798708022965,15.8431627513033,"A101",3303.508,290.654,1400,45,40,40,45,"Polyamide (naturally occurring)",0.92007180937491,"Comparstic LDIR F2Ba Au MP2 240925.xlsx",42.2200824564475,0.888888888888889,0.279578442864844,"circle_calibrated",227.753306930693,-3883.5140950495,953.778060923627,-4435.66611962324,"landmark_ransac","MP_-1",5550,8975,3750,95.7,49.9,75,95.7,"Protein",0.91,"Comparstic Spotlight F2Ba Au 240926.csv",957.006090470451,-4450.60112136344,957.006090470451,-4450.60112136344,1,526.985203599669,0.0289948763227593,FALSE
85,102,174,15.8242639491171,16.2753907646176,"A102",-3020.472,539.916,1387.5,45,40,40,45,"Polyamide (naturally occurring)",0.896877786873762,"Comparstic LDIR F2Ba Au MP2 240925.xlsx",42.0311773368298,1.125,0.0449377752145146,"circle_calibrated",477.015306930693,2440.4659049505,1230.71279308458,1399.42885529079,"landmark_ransac","MP_-1",5700,3100,3125,80.9,49.2,50,80.9,"Protein",0.716,"Comparstic Spotlight F2Ba Au 240926.csv",1244.61507410088,1406.9875530672,1244.61507410088,1406.9875530672,1,309.455629358225,0.0511358089750535,FALSE
86,103,285,22.2973640378561,22.7642350840952,"A103",-2263.794,-3068.52,1375,65,41,41,65,"Polyamide (naturally occurring)",0.805443938699752,"Comparstic LDIR F2Ba Au MP2 240925.xlsx",41.84141935942,0.627906964891254,0.297698440816278,"circle_calibrated",-3131.42069306931,1683.7879049505,-2105.4296422391,727.769508809349,"landmark_ransac","MP_-1",8975,4025,4375,95.7,58.2,75,95.7,"Protein",0.844,"Comparstic Spotlight F2Ba Au 240926.csv",-2083.24637392945,730.022296002672,-2083.24637392945,730.022296002672,1,177.059927277277,0.125931171331266,FALSE
87,104,1,260.446098412836,260.675642114632,"A104",1180.712,5790.668,1350,60,30,30,60,"Polyamide (naturally occurring)",0.878473654949501,"Comparstic LDIR F2Ba Au MP2 240925.xlsx",41.4592979365603,2,2.057418336628,"circle_calibrated",5727.76730693069,-1760.7180950495,6045.94455249342,-2517.11878512538,"landmark_ransac","MP_-1",500,6900,2500,60.4,52.7,50,60.4,"Protein",0.771,"Comparstic Spotlight F2Ba Au 240926.csv",6136.75391755719,-2761.22087318524,6136.75391755719,-2761.22087318524,0,289.461867009489,0.899759616365282,TRUE
88,105,163,192.999765551571,193.465865035884,"A105",6048.874,99.45,1312.5,49,36,36,49,"Polyamide (naturally occurring)",0.957740705779612,"Comparstic LDIR F2Ba Au MP2 240925.xlsx",40.8794190573313,0.727272652371551,0.475328846631458,"circle_calibrated",36.5493069306931,-6628.88009504951,756.952539914721,-6968.18226379027,"landmark_ransac","MP_-1",5400,11400,3750,80.9,59,50,80.9,"Protein",0.936,"Comparstic Spotlight F2Ba Au 240926.csv",925.947707834635,-6874.96454700488,925.947707834635,-6874.96454700488,1,23.2078685479104,8.31613489852124,TRUE
89,106,32,11.426183835623,11.8515402050335,"A106",1469.546,4139.304,1312.5,40,40,40,40,"Polyamide (naturally occurring)",0.914073981047385,"Comparstic LDIR F2Ba Au MP2 240925.xlsx",40.8794190573313,1,0.410546665708097,"circle_calibrated",4076.40330693069,-2049.55209504951,4519.61872952461,-2771.46949499938,"landmark_ransac","MP_-1",2125,7025,2500,75,42.4,55,75,"Protein",0.769,"Comparstic Spotlight F2Ba Au 240926.csv",4510.35975685958,-2764.77404115116,4510.35975685958,-2764.77404115116,1,219.156071816798,0.0521371994893875,FALSE
90,107,325,17.3559016375485,17.7879646345184,"A107",3912.48,-4908.904,1300,60,33,33,60,"Polyamide (naturally occurring)",0.94860957659758,"Comparstic LDIR F2Ba Au MP2 240925.xlsx",40.6842894512822,1.82258054568935,0.0567594169507166,"circle_calibrated",-4971.80469306931,-4492.48609504951,-3849.85233056251,-4959.20252764803,"landmark_ransac","MP_-1",10300,9850,3750,80.9,59,50,80.9,"Protein",0.835,"Comparstic Spotlight F2Ba Au 240926.csv",-3834.96541898432,-4968.12481352753,-3834.96541898432,-4968.12481352753,1,240.495848899307,0.0721671568011773,FALSE
91,108,172,41.0208466403744,41.4178918632213,"A108",-5276.96,748.098,1300,103,23,23,103,"Cellulosic",0.872267480562829,"Comparstic LDIR F2Ba Au MP2 240925.xlsx",40.6842894512822,4.51923051991095,0.211561183284515,"circle_calibrated",685.197306930693,4696.95390495049,1439.58549635938,3480.59182403939,"landmark_ransac","MP_-1",5675,975,3750,95.7,49.9,55,95.7,"Cellulose",0.701,"Comparstic Spotlight F2Ba Au 240926.csv",1427.51381564676,3519.79621644465,1427.51381564676,3519.79621644465,1,700.238262754525,0.0585812698652181,FALSE
92,110,301,192.043506930019,192.317275655604,"A110",3980.912,-4147.988,1275,40,40,40,40,"Polyamide (naturally occurring)",0.911695689243465,"Comparstic LDIR F2Ba Au MP2 240925.xlsx",40.291195310357,1,2.10704697293709,"circle_calibrated",-4210.88869306931,-4560.9180950495,-3148.04501076874,-5028.00372433648,"landmark_ransac","MP_-1",9500,9700,1875,60.4,39.6,50,60.4,"Protein",0.68,"Comparstic Spotlight F2Ba Au 240926.csv",-3027.70084241025,-4878.34414497023,-3027.70084241025,-4878.34414497023,0,315.927153264073,0.60787274834049,FALSE
93,112,308,452.098173678708,452.258774423064,"A112",-3274.518,-3784.222,1250,62,28,28,62,"Cellulosic",0.916479030282102,"Comparstic LDIR F2Ba Au MP2 240925.xlsx",39.8942280401433,2.25000012894456,0.270868671059677,"circle_calibrated",-3847.12269306931,2694.5119049505,-2758.5213957664,1665.95753572189,"landmark_ransac","MP_-1",9950,2750,1875,60.4,39.6,50,60.4,"Protein",0.682,"Comparstic Spotlight F2Ba Au 240926.csv",-2958.69350474143,2071.32636214063,-2958.69350474143,2071.32636214063,0,236.97352411053,1.90780035607623,TRUE
94,113,235,15.5971197849457,16.0579753935676,"A113",-1880.138,-1516.008,1250,58,29,29,58,"Polyamide (naturally occurring)",0.914672228900686,"Comparstic LDIR F2Ba Au MP2 240925.xlsx",39.8942280401433,0.499999958990759,0.108826683905052,"circle_calibrated",-1578.90869306931,1300.1319049505,-675.326877501618,362.154276432224,"landmark_ransac","MP_-1",7550,4275,3750,80.9,59,50,80.9,"Protein",0.732,"Comparstic Spotlight F2Ba Au 240926.csv",-683.765698776997,375.271305099881,-683.765698776997,375.271305099881,1,109.838965919689,0.141999878224908,FALSE
95,114,81,306.611437628279,306.841363952295,"A114",4234.464,2475.538,1237.5,74,27,27,74,"Cellulosic",0.885332988884678,"Comparstic LDIR F2Ba Au MP2 240925.xlsx",39.6942557130092,2.77419330535399,0.07979587395605,"circle_calibrated",2412.63730693069,-4814.47009504951,2963.49480806835,-5311.11811772919,"landmark_ransac","MP_-1",3325,9950,1875,60.4,39.6,50,60.4,"Protein",0.754,"Comparstic Spotlight F2Ba Au 240926.csv",3098.68416078529,-5586.31697782213,3098.68416078529,-5586.31697782213,0,300.701794537284,1.01965283612653,TRUE
96,116,34,1221.52378920565,1221.80327035111,"A116",3351.27,4650.698,1212.5,40,35,35,40,"Polyamide (naturally occurring)",0.899545375294274,"Comparstic LDIR F2Ba Au MP2 240925.xlsx",39.2912579079798,0.875,0.448485445642546,"circle_calibrated",4587.79730693069,-3931.2760950495,4977.68182180797,-4512.06375596875,"landmark_ransac","MP_-1",2175,9775,1875,60.4,39.6,30,60.4,"Protein",0.67,"Comparstic Spotlight F2Ba Au 240926.csv",4256.10601333069,-5497.68473799769,4256.10601333069,-5497.68473799769,0,674.662305311596,1.81057068045544,TRUE
97,118,178,140.163187374795,140.599161291679,"A118",6364.15,-188.448,1187.5,50,30,30,50,"Polyamide (naturally occurring)",0.899157106870072,"Comparstic LDIR F2Ba Au MP2 240925.xlsx",38.8840836252188,1.66666666666667,0.0932145714865953,"circle_calibrated",-251.348693069307,-6944.15609504951,488.890202862009,-7257.04374058966,"landmark_ransac","MP_-1",5825,11675,3125,80.9,49.2,50,80.9,"Cellulose",0.863,"Comparstic Spotlight F2Ba Au 240926.csv",482.56447710741,-7117.02336961193,482.56447710741,-7117.02336961193,0,370.942461861129,0.377856950297776,FALSE
98,122,237,5.46542546145694,5.79382339432104,"A122",1075.23,-1728.142,1150,57,28,28,57,"Polyamide (naturally occurring)",0.970035437145177,"Comparstic LDIR F2Ba Au MP2 240925.xlsx",38.2651992866291,0.5,0.0642528230375068,"circle_calibrated",-1791.04269306931,-1655.23609504951,-893.026894043916,-2364.03556522965,"landmark_ransac","MP_-1",7550,7025,2500,75,42.4,30,75,"Protein",0.775,"Comparstic Spotlight F2Ba Au 240926.csv",-888.262554642271,-2361.35751639875,-888.262554642271,-2361.35751639875,1,309.622039464626,0.0176519264290983,FALSE
99,123,236,168.904632974825,169.251078286261,"A123",5002.244,-1948.05,1150,42,35,35,42,"Polyamide (naturally occurring)",0.967228630447921,"Comparstic LDIR F2Ba Au MP2 240925.xlsx",38.2651992866291,1.19999994605203,0.266081733609347,"circle_calibrated",-2010.95069306931,-5582.2500950495,-1125.10345073245,-5986.98303840481,"landmark_ransac","MP_-1",7550,10500,2500,60.4,52.7,50,60.4,"Protein",0.698,"Comparstic Spotlight F2Ba Au 240926.csv",-1146.67221796293,-5819.46120901975,-1146.67221796293,-5819.46120901975,1,12.8911176602598,13.1024041069392,TRUE
100,128,292,17.0262155001632,17.4866897539117,"A128",4624.724,-3827.408,1137.5,49,32,32,49,"Polyamide (naturally occurring)",0.909828476003282,"Comparstic LDIR F2Ba Au MP2 240925.xlsx",38.0566680377598,0.645161326411559,0.0859387753367786,"circle_calibrated",-3890.30869306931,-5204.7300950495,-2856.92583693205,-5624.60886143632,"landmark_ransac","MP_-1",9275,10450,3125,80.9,49.2,55,80.9,"Protein",0.79,"Comparstic Spotlight F2Ba Au 240926.csv",-2859.56671770544,-5641.42902085883,-2859.56671770544,-5641.42902085883,1,205.125288763707,0.0830039806538749,FALSE
101,132,280,1007.29466574772,1007.51644010337,"A132",3955.796,-3831.412,1112.5,50,30,30,50,"Polyamide (naturally occurring)",0.933069125103516,"Comparstic LDIR F2Ba Au MP2 240925.xlsx",37.6361394608675,0.6,0.0595224073531202,"circle_calibrated",-3894.31269306931,-4535.80209504951,-2855.6637829851,-5007.16828759868,"landmark_ransac","MP_-1",8750,10650,1875,60.4,39.6,30,60.4,"Protein",0.72,"Comparstic Spotlight F2Ba Au 240926.csv",-2351.9918958459,-5879.49688036029,-2351.9918958459,-5879.49688036029,0,214.924194867886,4.68674393018853,TRUE
102,135,347,16.8342141945028,17.207853686257,"A135",-2774.798,-5439.46,1087.5,40,35,35,40,"Polyamide (naturally occurring)",0.93285967297164,"Comparstic LDIR F2Ba Au MP2 240925.xlsx",37.2108586960781,0.875,2.04035559843841,"circle_calibrated",-5502.36069306931,2194.7919049505,-4289.98582387308,1216.99080038273,"landmark_ransac","MP_-1",11200,3700,2500,60.4,52.7,50,60.4,"Protein",0.747,"Comparstic Spotlight F2Ba Au 240926.csv",-4273.26006472154,1218.89861283441,-4273.26006472154,1218.89861283441,1,120.504686444849,0.139697589290083,FALSE
103,136,88,251.373684471214,251.932146825387,"A136",-3658.616,2886,1087.5,40,35,35,40,"Polyamide (naturally occurring)",0.935471825715886,"Comparstic LDIR F2Ba Au MP2 240925.xlsx",37.2108586960781,0.875,2.04035559843841,"circle_calibrated",2823.09930693069,3078.6099049505,3400.84403241995,1971.03881555057,"landmark_ransac","MP_-1",3700,2150,3125,80.9,49.2,50,80.9,"Protein",0.832,"Comparstic Spotlight F2Ba Au 240926.csv",3305.53494903517,2203.64343259199,3305.53494903517,2203.64343259199,0,558.518847823968,0.450071981367478,FALSE
104,138,118,20.2265080840311,20.758284984736,"A138",598.52,1797.484,1062.5,55,25,25,55,"Polyethylene terephthalate",0.913744115578168,"Comparstic LDIR F2Ba Au MP2 240925.xlsx",36.7806609005481,2.2,0.017581545065259,"circle_calibrated",1734.58330693069,-1178.5260950495,2364.60815249012,-1950.16890840108,"landmark_ransac","MP_-1",4350,6375,3750,80.9,59,55,80.9,"Protein",0.814,"Comparstic Spotlight F2Ba Au 240926.csv",2344.51387630611,-1952.47795450594,2344.51387630611,-1952.47795450594,1,691.667125083938,0.0292431248363531,FALSE
105,139,234,6.00529151439688,6.58799423747227,"A139",-3787.966,-1396.642,1050,49,40,40,49,"Polyamide (naturally occurring)",0.923709636857136,"Comparstic LDIR F2Ba Au MP2 240925.xlsx",36.5636639571573,0.818181800558012,0.038053179297773,"circle_calibrated",-1459.54269306931,3207.9599049505,-551.014117814331,2122.16734283445,"landmark_ransac","MP_-1",7550,2525,4375,80.9,68.9,55,80.9,"Protein",0.895,"Comparstic Spotlight F2Ba Au 240926.csv",-553.631335953641,2116.76237332628,-553.631335953641,2116.76237332628,1,513.560011166816,0.0116934562345553,FALSE
106,142,248,23.3755301901664,23.8889701389464,"A142",-1862.536,-1916.304,1037.5,60,27,27,60,"Polyamide (naturally occurring)",0.953825080018043,"Comparstic LDIR F2Ba Au MP2 240925.xlsx",36.3453714750961,0.444444418117524,0.0468063998718984,"circle_calibrated",-1979.20469306931,1282.52990495049,-1044.92476890718,348.874635160292,"landmark_ransac","MP_-1",7900,4350,3750,80.9,59,75,80.9,"Protein",0.954,"Comparstic Spotlight F2Ba Au 240926.csv",-1037.64109940042,326.662846169135,-1037.64109940042,326.662846169135,1,221.714616173404,0.105430713561456,FALSE
107,143,106,31.5403113421779,31.6397358062699,"A143",-3205.436,2269.982,1012.5,45,30,30,45,"Carbonate",0.802803126661236,"Comparstic LDIR F2Ba Au MP2 240925.xlsx",35.9048052361289,1.5,0.142926436068003,"circle_calibrated",2207.08130693069,2625.42990495049,2828.90960585886,1557.32576144086,"landmark_ransac","MP_-1",4125,2800,1250,50,31.8,25,50,"Protein",0.747,"Comparstic Spotlight F2Ba Au 240926.csv",2834.26578341722,1588.40795250785,2834.26578341722,1588.40795250785,1,232.665048769727,0.135561020054172,FALSE
108,144,17,24.4474412230451,24.720224659125,"A144",939.406,4794.374,987.5,50,25,25,50,"Polyamide (naturally occurring)",0.900482979042572,"Comparstic LDIR F2Ba Au MP2 240925.xlsx",35.4587654949516,2,0.193313103214497,"circle_calibrated",4731.47330693069,-1519.4120950495,5128.1679697843,-2287.0129003027,"landmark_ransac","MP_-1",1550,6525,1875,60.4,39.6,30,60.4,"Protein",0.704,"Comparstic Spotlight F2Ba Au 240926.csv",5119.74521151207,-2309.96359801414,5119.74521151207,-2309.96359801414,1,310.840042686611,0.0786495877807256,FALSE
109,146,68,276.486895335951,277.072159134716,"A146",1103.908,2913.404,975,35,35,35,35,"Polyamide (naturally occurring)",0.93025516856779,"Comparstic LDIR F2Ba Au MP2 240925.xlsx",35.2336281997296,1,2.0535582879861,"circle_calibrated",2850.50330693069,-1683.9140950495,3390.84059283984,-2424.90526666731,"landmark_ransac","MP_-1",3025,6900,2500,80.9,39.3,55,80.9,"Protein",0.79,"Comparstic Spotlight F2Ba Au 240926.csv",3624.03109054481,-2573.4555782544,3624.03109054481,-2573.4555782544,0,517.915821616396,0.533845238542909,FALSE
110,147,98,15.1296735644867,15.7779416502253,"A147",-5207.28,2590.666,975,46,28,28,46,"Polyamide (naturally occurring)",0.937900148445519,"Comparstic LDIR F2Ba Au MP2 240925.xlsx",35.2336281997296,0.620689730477352,0.0518718959779128,"circle_calibrated",2527.76530693069,4627.27390495049,3139.7327662223,3402.62219342072,"landmark_ransac","MP_-1",3950,950,4375,80.9,68.9,75,80.9,"Protein",0.733,"Comparstic Spotlight F2Ba Au 240926.csv",3145.98550236741,3416.39935977914,3145.98550236741,3416.39935977914,1,208.11229804599,0.072699565122015,FALSE
111,148,344,1062.27399296602,1062.83253629681,"A148",1698.32,-4674.514,962.5,43,31,31,43,"Polyamide (naturally occurring)",0.899673539667777,"Comparstic LDIR F2Ba Au MP2 240925.xlsx",35.0070430314757,1.38709687839314,0.0334187277109339,"circle_calibrated",-4737.41469306931,-2278.3260950495,-3617.10373062262,-2917.3019303497,"landmark_ransac","MP_-1",11000,8525,3125,80.9,49.2,50,80.9,"Protein",0.805,"Comparstic Spotlight F2Ba Au 240926.csv",-4433.03154299434,-3597.51354531248,-4433.03154299434,-3597.51354531248,0,209.154174481168,5.07890409360041,TRUE
112,150,276,477.014864910697,477.658705466269,"A150",3048.786,-3538.6,962.5,35,35,35,35,"Cellulosic",0.911131013108027,"Comparstic LDIR F2Ba Au MP2 240925.xlsx",35.0070430314757,1,2.08321449756899,"circle_calibrated",-3601.50069306931,-3628.79209504951,-2578.68032163703,-4172.18128069072,"landmark_ransac","MP_-1",8675,8750,3125,80.9,49.2,50,80.9,"Protein",0.768,"Comparstic Spotlight F2Ba Au 240926.csv",-2136.06782757084,-3994.31233612119,-2136.06782757084,-3994.31233612119,0,368.664542688583,1.29389949310541,TRUE
113,151,57,14.8684945448033,15.2879781552813,"A151",857.558,3477.994,950,57,21,21,57,"Cellulosic",0.970433624467308,"Comparstic LDIR F2Ba Au MP2 240925.xlsx",34.7789816915102,0.375000021073426,0.0713619433381505,"circle_calibrated",3415.09330693069,-1437.5640950495,3913.77481856126,-2201.71216713014,"landmark_ransac","MP_-1",2750,6500,2500,80.9,39.3,50,80.9,"Protein",0.835,"Comparstic Spotlight F2Ba Au 240926.csv",3927.43896991144,-2195.85016253204,3927.43896991144,-2195.85016253204,1,278.141164765784,0.0534566487392245,FALSE
114,152,299,98.1483281117436,99.4723221454848,"A152",1746.888,-3845.192,937.5,35,30,30,35,"Rubber",0.772333042386798,"Comparstic LDIR F2Ba Au MP2 240925.xlsx",34.5494149471335,1.16666666666667,2.04028127662482,"circle_calibrated",-3908.09269306931,-2326.89409504951,-2852.01143927781,-2968.2759252013,"landmark_ransac","MP_-1",9450,7875,9375,226.6,52.7,75,226.6,"Cellulose",0.754,"Comparstic Spotlight F2Ba Au 240926.csv",-2842.23240494514,-3065.93586990051,-2842.23240494514,-3065.93586990051,0,150.195396366279,0.65347094841969,FALSE
115,154,311,74.6353121812523,74.795702703876,"A154",-184.6,-4285.632,925,35,32,32,35,"Polytetrafluoroethylene",0.659396083088727,"Comparstic LDIR F2Ba Au MP2 240925.xlsx",34.3183125878885,1.11111124431598,1.99060491089931,"circle_calibrated",-4348.53269306931,-395.406095049505,-3244.2161921032,-1182.27607775698,"landmark_ransac","MP_-1",10050,5975,625,31.8,25,25,31.8,"Protein",0.694,"Comparstic Spotlight F2Ba Au 240926.csv",-3298.02632012883,-1130.55664285812,-3298.02632012883,-1130.55664285812,0,296.959259009263,0.25133182386788,FALSE
116,156,209,194.046815920294,194.452828166862,"A156",-1815.996,-832.988,900,36,34,34,36,"Cellulosic",0.839816627593298,"Comparstic LDIR F2Ba Au MP2 240925.xlsx",33.8513750128654,1.06666668088321,2.05139934734826,"circle_calibrated",-895.888693069307,1235.9899049505,-45.3846476375818,297.890005744912,"landmark_ransac","MP_-1",6725,4375,1875,60.4,39.6,30,60.4,"Protein",0.883,"Comparstic Spotlight F2Ba Au 240926.csv",129.786698368401,214.408473013076,129.786698368401,214.408473013076,0,136.543044722999,1.4211402441915,TRUE
117,157,36,12.3735100991368,13.1327010063104,"A157",-3068.026,4305.99,887.5,40,30,30,40,"Polyamide (naturally occurring)",0.947236752252524,"Comparstic LDIR F2Ba Au MP2 240925.xlsx",33.6154740551499,1.33333333333333,0.0570065205747361,"circle_calibrated",4243.08930693069,2488.0199049505,4707.09723284021,1415.40865759426,"landmark_ransac","MP_-1",2250,2825,4375,95.7,58.2,75,95.7,"Protein",0.858,"Comparstic Spotlight F2Ba Au 240926.csv",4698.29000847661,1424.09983422245,4698.29000847661,1424.09983422245,1,192.958754001697,0.0641251554673077,FALSE
118,158,103,18.3023447242968,18.7963771655082,"A158",-3433.924,2321.878,887.5,56,32,32,56,"Cellulosic",0.939837039840846,"Comparstic LDIR F2Ba Au MP2 240925.xlsx",33.6154740551499,0.577235796726732,0.120501758919295,"circle_calibrated",2258.97730693069,2853.9179049505,2878.50227989724,1767.83226919138,"landmark_ransac","MP_-1",4100,2600,3125,80.9,49.2,55,80.9,"Protein",0.913,"Comparstic Spotlight F2Ba Au 240926.csv",2874.01672585741,1785.57644083625,2874.01672585741,1785.57644083625,1,184.797059062572,0.0990402380705617,FALSE
119,159,180,20.391973656072,20.8589213101118,"A159",2274.61,-15.2360000000003,875,40,25,25,40,"Polyvinyl chloride",0.674151835167838,"Comparstic LDIR F2Ba Au MP2 240925.xlsx",33.3779058906227,0.625,0.0475461629925851,"circle_calibrated",-78.1366930693072,-2854.6160950495,679.0715689059,-3483.74103050112,"landmark_ransac","MP_-1",5900,8050,2500,60.4,52.7,50,60.4,"Protein",0.833,"Comparstic Spotlight F2Ba Au 240926.csv",677.493182888944,-3504.07182702195,677.493182888944,-3504.07182702195,1,325.601970294055,0.0626285327378571,FALSE
120,160,31,18.7894887547925,19.249957823694,"A160",-375.05,4343.612,875,38,31,31,38,"Carbonate",0.819768104945177,"Comparstic LDIR F2Ba Au MP2 240925.xlsx",33.3779058906227,0.82352944128001,2.05322944877661,"circle_calibrated",4280.71130693069,-204.956095049505,4721.86309322544,-1070.4481913784,"landmark_ransac","MP_-1",2050,5300,2500,60.4,52.7,50,60.4,"Protein",0.75,"Comparstic Spotlight F2Ba Au 240926.csv",4713.27038885231,-1053.7386037347,4713.27038885231,-1053.7386037347,1,352.239533334502,0.0533429299571242,FALSE
121,162,107,5.53426803227411,6.07061478474308,"A162",-2382.146,2143.05,850,56,22,22,56,"Polyamide (naturally occurring)",0.921464999904045,"Comparstic LDIR F2Ba Au MP2 240925.xlsx",32.8976232123977,2.50000021357691,0.262185104470491,"circle_calibrated",2080.14930693069,1802.1399049505,2705.65147447208,798.381705510889,"landmark_ransac","MP_-1",4200,3600,3125,80.9,49.2,55,80.9,"Protein",0.798,"Comparstic Spotlight F2Ba Au 240926.csv",2700.14045748827,797.874936868212,2700.14045748827,797.874936868212,1,313.043148457692,0.0176789303951882,FALSE
122,164,113,10.1142817675464,10.7742592505073,"A164",-2732.782,2095.964,837.5,41,28,28,41,"Polyamide (naturally occurring)",0.958400288917463,"Comparstic LDIR F2Ba Au MP2 240925.xlsx",32.6548330070098,0.6818181287635,0.0737189594660146,"circle_calibrated",2033.06330693069,2152.7759049505,2664.7904765645,1122.36265047941,"landmark_ransac","MP_-1",4250,3275,3750,80.9,59,50,80.9,"Protein",0.83,"Comparstic Spotlight F2Ba Au 240926.csv",2674.55138006328,1125.01283133378,2674.55138006328,1125.01283133378,1,182.687818523368,0.0553637448260006,FALSE
123,168,158,6.18554612622418,6.63454993261249,"A168",4537.286,625.066,812.5,35,35,35,35,"Polyamide (naturally occurring)",0.965773891299914,"Comparstic LDIR F2Ba Au MP2 240925.xlsx",32.1637549129034,1,1.82021939184802,"circle_calibrated",562.165306930693,-5117.2920950495,1253.291501506,-5576.90388229555,"landmark_ransac","MP_-1",5175,10075,1875,60.4,39.6,50,60.4,"Protein",0.741,"Comparstic Spotlight F2Ba Au 240926.csv",1248.38400560143,-5573.13858485361,1248.38400560143,-5573.13858485361,1,148.267410936712,0.0417188516825487,FALSE
124,169,294,395.607633870794,395.966721267164,"A169",2291.51,-4077.476,800,45,25,25,45,"Polyamide",0.694726033409494,"Comparstic LDIR F2Ba Au MP2 240925.xlsx",31.9153824321146,1.8,0.100426460832168,"circle_calibrated",-4140.37669306931,-2871.5160950495,-3070.44262954781,-3469.23263022748,"landmark_ransac","MP_-1",9325,8525,1875,60.4,39.6,50,60.4,"Protein",0.703,"Comparstic Spotlight F2Ba Au 240926.csv",-2766.17580626336,-3722.07072115769,-2766.17580626336,-3722.07072115769,0,265.419102376415,1.49050173980977,TRUE
125,175,83,970.942377593905,971.454386694108,"A175",6136.286,1530.048,787.5,35,30,30,35,"Cellulosic",0.896571768697195,"Comparstic LDIR F2Ba Au MP2 240925.xlsx",31.6650618423356,0.857142857142857,1.78896684834392,"circle_calibrated",1467.14730693069,-6716.2920950495,2076.72602122027,-7059.46500320596,"landmark_ransac","MP_-1",3350,11900,2500,60.4,52.7,50,60.4,"Protein",0.664,"Comparstic Spotlight F2Ba Au 240926.csv",2928.79885552175,-7524.97653437693,2928.79885552175,-7524.97653437693,0,615.769935118786,1.57679406255293,TRUE
126,176,43,27.9565316938759,28.4685407940789,"A176",1979.666,3874.104,787.5,35,30,30,35,"Polyamide (naturally occurring)",0.970222003369141,"Comparstic LDIR F2Ba Au MP2 240925.xlsx",31.6650618423356,0.857142857142857,1.78896684834392,"circle_calibrated",3811.20330693069,-2559.6720950495,4271.06225375261,-3240.33739810753,"landmark_ransac","MP_-1",2350,7500,2500,60.4,52.7,50,60.4,"Protein",0.74,"Comparstic Spotlight F2Ba Au 240926.csv",4251.13157817842,-3220.73291302103,4251.13157817842,-3220.73291302103,1,208.903860357124,0.133824868751031,FALSE
127,179,224,9.15769493460672,9.60994745413231,"A179",5183.776,-1531.114,775,35,30,30,35,"Polyamide (naturally occurring)",0.950747285026925,"Comparstic LDIR F2Ba Au MP2 240925.xlsx",31.4127465715711,1.16666666666667,1.18838720999124,"circle_calibrated",-1594.01469306931,-5763.78209504951,-741.622939570333,-6157.62453336544,"landmark_ransac","MP_-1",7125,10800,1875,60.4,39.6,30,60.4,"Protein",0.676,"Comparstic Spotlight F2Ba Au 240926.csv",-746.047420734812,-6149.60659454424,-746.047420734812,-6149.60659454424,1,269.525258357735,0.0339771307164537,FALSE
128,181,352,27.5946636538743,28.2431741620347,"A181",-2827.422,-5579.756,775,40,30,30,40,"Polyamide (naturally occurring)",0.917362687058753,"Comparstic LDIR F2Ba Au MP2 240925.xlsx",31.4127465715711,1.33333333333333,0.027111224578279,"circle_calibrated",-5642.65669306931,2247.4159049505,-4419.08699178409,1266.60178236359,"landmark_ransac","MP_-1",11325,3650,3125,80.9,49.2,75,80.9,"Protein",0.756,"Comparstic Spotlight F2Ba Au 240926.csv",-4393.93415922847,1277.95081212826,-4393.93415922847,1277.95081212826,1,52.2973662295956,0.527649203838075,FALSE
129,182,196,655.796238112237,656.22274925046,"A182",-4464.356,537.264,775,57,21,21,57,"Cellulosic",0.915730224189129,"Comparstic LDIR F2Ba Au MP2 240925.xlsx",31.4127465715711,2.6666665168112,0.205564284561856,"circle_calibrated",474.363306930693,3884.34990495049,1238.96622691317,2732.13262271122,"landmark_ransac","MP_-1",6450,1900,2500,60.4,52.7,50,60.4,"Protein",0.779,"Comparstic Spotlight F2Ba Au 240926.csv",587.496750797011,2656.92472677532,587.496750797011,2656.92472677532,0,439.742283333814,1.4913194909083,TRUE
130,184,330,486.708160693066,487.246221052748,"A184",-534.196,-5216.588,762.5,35,25,25,35,"Cellulosic",0.857782237441678,"Comparstic LDIR F2Ba Au MP2 240925.xlsx",31.1583881621075,1.4,0.506378482747628,"circle_calibrated",-5279.48869306931,-45.8100950495049,-4100.88416319699,-852.704329972689,"landmark_ransac","MP_-1",10450,6000,2500,60.4,52.7,50,60.4,"Protein",0.742,"Comparstic Spotlight F2Ba Au 240926.csv",-3697.94048376377,-1125.69008947316,-3697.94048376377,-1125.69008947316,1,27.8621203091735,17.4684537749562,TRUE
131,186,261,326.045288175951,326.592381009444,"A186",5659.212,-3032.692,762.5,32,28,28,32,"Polyamide (naturally occurring)",0.955234345501191,"Comparstic LDIR F2Ba Au MP2 240925.xlsx",31.1583881621075,1.12499997892657,0.205639029265583,"circle_calibrated",-3095.59269306931,-6239.2180950495,-2131.08142506048,-6585.31632148853,"landmark_ransac","MP_-1",8150,11350,2500,60.4,52.7,50,60.4,"Protein",0.829,"Comparstic Spotlight F2Ba Au 240926.csv",-1806.9629890119,-6620.710803476,-1806.9629890119,-6620.710803476,0,551.573103757858,0.591118903286999,FALSE
132,187,39,52.9577997320442,53.72533539685,"A187",2361.242,3876.6,762.5,44,24,24,44,"Polyamide (naturally occurring)",0.920401598358279,"Comparstic LDIR F2Ba Au MP2 240925.xlsx",31.1583881621075,1.88235281029849,1.9889098079965,"circle_calibrated",3813.69930693069,-2941.24809504951,4270.53801611497,-3592.545042939,"landmark_ransac","MP_-1",2250,7875,4375,95.7,58.2,75,95.7,"Cellulose",0.813,"Comparstic Spotlight F2Ba Au 240926.csv",4322.75941861492,-3601.34581980231,4322.75941861492,-3601.34581980231,0,186.679255234088,0.283683367311688,FALSE
133,188,279,28.6417415521059,29.1599908814881,"A188",-4667.26,-2669.316,762.5,50,20,20,50,"Cellulosic",0.951939672642685,"Comparstic LDIR F2Ba Au MP2 240925.xlsx",31.1583881621075,2.5,0.0402680268146847,"circle_calibrated",-2732.21669306931,4087.2539049505,-1719.15707563908,2943.1753131691,"landmark_ransac","MP_-1",8750,1775,2500,80.9,39.3,50,80.9,"Protein",0.853,"Comparstic Spotlight F2Ba Au 240926.csv",-1692.02477009888,2952.35067993076,-1692.02477009888,2952.35067993076,1,846.508363513833,0.0338351548391262,FALSE
134,189,79,100.916075521134,101.449270870913,"A189",-1343.212,2998.97,750,35,28,28,35,"Polyamide (naturally occurring)",0.916358019690294,"Comparstic LDIR F2Ba Au MP2 240925.xlsx",30.9019361618552,1.25000012644056,0.503835422771157,"circle_calibrated",2936.06930693069,763.205904950495,3487.9533447807,-166.882955323218,"landmark_ransac","MP_-1",3250,4550,2500,60.4,52.7,50,60.4,"Protein",0.714,"Comparstic Spotlight F2Ba Au 240926.csv",3574.87695470707,-218.150297130228,3574.87695470707,-218.150297130228,0,590.703481734918,0.170840495513485,FALSE
135,190,278,815.944899110567,816.478094460346,"A190",2164.006,-3759.184,750,35,28,28,35,"Polyamide (naturally occurring)",0.951073079205133,"Comparstic LDIR F2Ba Au MP2 240925.xlsx",30.9019361618552,0.799999919078051,0.518020057763113,"circle_calibrated",-3822.08469306931,-2744.0120950495,-2775.71872081383,-3353.90726378873,"landmark_ransac","MP_-1",8750,8700,2500,60.4,52.7,50,60.4,"Protein",0.779,"Comparstic Spotlight F2Ba Au 240926.csv",-2206.98503441416,-3938.97826147944,-2206.98503441416,-3938.97826147944,0,63.3208244809242,12.8858855802861,TRUE
136,193,212,24.7473184384027,25.2655534318856,"A193",-54.6,-870.324,737.5,40,25,25,40,"Polyamide (naturally occurring)",0.970980710900523,"Comparstic LDIR F2Ba Au MP2 240925.xlsx",30.6433380075047,1.6,1.82482069810509,"circle_calibrated",-933.224693069306,-525.406095049505,-92.8996350471351,-1327.57639264113,"landmark_ransac","MP_-1",6850,5950,2500,60.4,52.7,50,60.4,"Protein",0.748,"Comparstic Spotlight F2Ba Au 240926.csv",-111.726447331648,-1343.63817676045,-111.726447331648,-1343.63817676045,1,301.540063328195,0.0820697527395152,FALSE
137,194,286,1240.47478283362,1240.72139936944,"A194",4488.328,-4571.242,737.5,40,20,20,40,"Polyamide (naturally occurring)",0.884271822228978,"Comparstic LDIR F2Ba Au MP2 240925.xlsx",30.6433380075047,2,0.0480506556655791,"circle_calibrated",-4634.14269306931,-5068.3340950495,-3542.46300912859,-5493.20447414469,"landmark_ransac","MP_-1",8975,11100,1250,50,31.8,25,50,"Protein",0.675,"Comparstic Spotlight F2Ba Au 240926.csv",-2609.36101220101,-6310.57730839836,-2609.36101220101,-6310.57730839836,0,408.320856359345,3.03799025573637,TRUE
138,195,164,437.045856530384,437.858405429685,"A195",-4498.624,566.8,737.5,30,30,30,30,"Chitin",0.759995023201463,"Comparstic LDIR F2Ba Au MP2 240925.xlsx",30.6433380075047,1,0.774809573415165,"circle_calibrated",503.899306930693,3918.61790495049,1266.48150263989,2763.54258969553,"landmark_ransac","MP_-1",5425,2000,3750,80.9,59,75,80.9,"Protein",0.835,"Comparstic Spotlight F2Ba Au 240926.csv",1600.07669859686,2481.18939608013,1600.07669859686,2481.18939608013,0,584.195183578018,0.74811615846199,TRUE
139,196,159,36.3318336965589,36.6229260023652,"A196",4595.188,517.556,737.5,35,30,30,35,"Polyamide (naturally occurring)",0.90807277105187,"Comparstic LDIR F2Ba Au MP2 240925.xlsx",30.6433380075047,0.857142857142857,0.575320911600454,"circle_calibrated",454.655306930693,-5175.19409504951,1153.63218723961,-5629.54979454947,"landmark_ransac","MP_-1",5300,10150,1250,50,31.8,50,50,"Protein",0.834,"Comparstic Spotlight F2Ba Au 240926.csv",1118.41459946426,-5638.47860471879,1118.41459946426,-5638.47860471879,1,110.272987001447,0.329471747202079,FALSE
140,199,183,320.332081406595,320.881292777267,"A199",-2567.032,447.823999999999,737.5,35,25,25,35,"Polyamide (naturally occurring)",0.949374759682262,"Comparstic LDIR F2Ba Au MP2 240925.xlsx",30.6433380075047,1.4,0.418974841209759,"circle_calibrated",384.923306930693,1987.02590495049,1142.35258298887,981.592803506986,"landmark_ransac","MP_-1",6050,3375,1875,75,31.8,52.5,75,"Protein",0.766,"Comparstic Spotlight F2Ba Au 240926.csv",875.867174869074,1159.35154348201,875.867174869074,1159.35154348201,0,328.369930322528,0.975521970272862,TRUE
141,202,55,203.255032042718,203.668394340202,"A202",2332.876,3563.222,725,40,25,25,40,"Polyamide (naturally occurring)",0.95017311182442,"Comparstic LDIR F2Ba Au MP2 240925.xlsx",30.3825388987325,1.6,0.087575116305787,"circle_calibrated",3500.32130693069,-2912.88209504951,3981.50487233256,-3564.0410664767,"landmark_ransac","MP_-1",2675,8050,1875,60.4,39.6,30,60.4,"Protein",0.73,"Comparstic Spotlight F2Ba Au 240926.csv",3886.81243719189,-3743.89086708214,3886.81243719189,-3743.89086708214,0,181.297780380468,1.12111153052271,TRUE
142,205,295,478.876350950173,479.315128923136,"A205",-426.816,-4079.66,725,37,26,26,37,"Polyamide (naturally occurring)",0.972780674923961,"Comparstic LDIR F2Ba Au MP2 240925.xlsx",30.3825388987325,1.42105267444141,0.0198842396884991,"circle_calibrated",-4142.56069306931,-153.190095049505,-3052.31184810984,-960.240741721194,"landmark_ransac","MP_-1",9375,5600,1875,60.4,39.6,50,60.4,"Protein",0.716,"Comparstic Spotlight F2Ba Au 240926.csv",-2598.42240177936,-807.574668184325,-2598.42240177936,-807.574668184325,0,92.2758253645613,5.18961872254449,TRUE
143,206,61,14.6598555104031,15.5488573886824,"A206",-3081.988,3598.166,712.5,35,25,25,35,"Polyamide (naturally occurring)",0.949650640398687,"Comparstic LDIR F2Ba Au MP2 240925.xlsx",30.1194816626018,0.714285714285714,0.0212403014306295,"circle_calibrated",3535.26530693069,2501.9819049505,4053.88936493457,1433.54134402384,"landmark_ransac","MP_-1",2900,2850,5000,95.7,66.5,75,95.7,"Cellulose",0.819,"Comparstic Spotlight F2Ba Au 240926.csv",4049.59140652361,1447.55701086789,4049.59140652361,1447.55701086789,1,258.896264756545,0.0566244380705476,FALSE
144,207,259,487.078837111107,487.830474313306,"A207",-546.702,-2073.968,712.5,35,25,25,35,"Polyamide (naturally occurring)",0.941450452795813,"Comparstic LDIR F2Ba Au MP2 240925.xlsx",30.1194816626018,1.4,0.0212403014306295,"circle_calibrated",-2136.86869306931,-33.304095049505,-1200.19853025625,-864.452663773448,"landmark_ransac","MP_-1",8075,5075,3750,80.9,59,55,80.9,"Protein",0.911,"Comparstic Spotlight F2Ba Au 240926.csv",-1265.70301367845,-381.798588670896,-1265.70301367845,-381.798588670896,0,322.315209771946,1.51118787554499,TRUE
145,210,64,26.8591925028862,27.4266321152807,"A210",-322.764,3392.948,712.5,32,28,28,32,"Polyamide (naturally occurring)",0.93579021553149,"Comparstic LDIR F2Ba Au MP2 240925.xlsx",30.1194816626018,0.888888905539498,0.0164555759225544,"circle_calibrated",3330.04730693069,-257.242095049505,3844.02641691331,-1111.66167106275,"landmark_ransac","MP_-1",2900,5400,2500,60.4,52.7,50,60.4,"Protein",0.721,"Comparstic Spotlight F2Ba Au 240926.csv",3859.96704926672,-1090.0442599763,3859.96704926672,-1090.0442599763,1,297.160492406707,0.0903861488630379,FALSE
146,212,297,8.44348507693269,9.24484400173646,"A212",-5350.592,-3306.628,700,36,28,28,36,"Polyamide (naturally occurring)",0.930803105523634,"Comparstic LDIR F2Ba Au MP2 240925.xlsx",29.8541066072092,1.30000010315565,0.819787568698242,"circle_calibrated",-3369.52869306931,4770.5859049505,-2302.32242022019,3578.60426571164,"landmark_ransac","MP_-1",9400,1200,4375,80.9,68.9,75,80.9,"Protein",0.899,"Comparstic Spotlight F2Ba Au 240926.csv",-2296.10587622673,3572.89050853954,-2296.10587622673,3572.89050853954,1,856.688539980043,0.00985595660837179,FALSE
147,213,323,31.3003707014929,31.8339507473877,"A213",2221.492,-4762.81,700,42,21,21,42,"Polycarbonate",0.692949627009735,"Comparstic LDIR F2Ba Au MP2 240925.xlsx",29.8541066072092,0.5,1.80008491906736,"circle_calibrated",-4825.71069306931,-2801.49809504951,-3702.47709870138,-3399.52774630404,"landmark_ransac","MP_-1",10300,8300,2500,60.4,52.7,50,60.4,"Protein",0.751,"Comparstic Spotlight F2Ba Au 240926.csv",-3719.70355476935,-3425.66129595557,-3719.70355476935,-3425.66129595557,1,182.109821510984,0.171876346052017,FALSE
148,214,170,538.595838080797,538.887746112555,"A214",4521.374,437.138,700,35,25,25,35,"Polyamide (naturally occurring)",0.853869071996376,"Comparstic LDIR F2Ba Au MP2 240925.xlsx",29.8541066072092,0.714285714285714,0.0227720862591161,"circle_calibrated",374.237306930693,-5101.38009504951,1079.95459735319,-5560.82452749313,"landmark_ransac","MP_-1",5600,9600,1250,50,31.8,30,50,"Protein",0.734,"Comparstic Spotlight F2Ba Au 240926.csv",860.772644655641,-5068.84409250649,860.772644655641,-5068.84409250649,0,86.6563758309329,6.21530537039307,TRUE
149,215,245,19.6232634639998,19.9151714957573,"A215",3541.2,-2158.338,700,35,25,25,35,"Polyamide (naturally occurring)",0.91235335604251,"Comparstic LDIR F2Ba Au MP2 240925.xlsx",29.8541066072092,1.4,0.0423805576474923,"circle_calibrated",-2221.23869306931,-4121.20609504951,-1308.36787146557,-4636.90196644631,"landmark_ransac","MP_-1",7800,9350,1250,50,31.8,25,50,"Protein",0.671,"Comparstic Spotlight F2Ba Au 240926.csv",-1309.93978928279,-4656.46216949621,-1309.93978928279,-4656.46216949621,1,258.876972683706,0.0758015023915448,FALSE
150,216,322,157.252430059764,158.056260174233,"A216",-3187.236,-4550.858,687.5,32,28,28,32,"Polyamide (naturally occurring)",0.952123909011037,"Comparstic LDIR F2Ba Au MP2 240925.xlsx",29.586351363516,0.888888905539498,0.0195773266367396,"circle_calibrated",-4613.75869306931,2607.22990495049,-3466.76225071261,1591.07934884256,"landmark_ransac","MP_-1",10275,3325,3750,80.9,59,75,80.9,"Cellulose",0.785,"Comparstic Spotlight F2Ba Au 240926.csv",-3324.871708054,1523.28996424773,-3324.871708054,1523.28996424773,0,380.844460754794,0.41290460086542,FALSE
151,217,89,141.137447631174,141.666171285502,"A217",-2913.43,2580.006,687.5,53,22,22,53,"Polyethylene terephthalate",0.90668700525846,"Comparstic LDIR F2Ba Au MP2 240925.xlsx",29.586351363516,2.4444443959,0.0977019848788294,"circle_calibrated",2517.10530693069,2333.42390495049,3112.89311638574,1285.51072425743,"landmark_ransac","MP_-1",3700,3150,2500,80.9,39.3,55,80.9,"Cellulose",0.672,"Comparstic Spotlight F2Ba Au 240926.csv",3231.17245599325,1208.50567931976,3231.17245599325,1208.50567931976,0,241.407765484026,0.58464336202355,FALSE
152,218,275,276.923181524564,277.4740515019,"A218",-2105.896,-2834.546,675,30,30,30,30,"Carbonate",0.739916183928179,"Comparstic LDIR F2Ba Au MP2 240925.xlsx",29.3161507141752,1,0.649888531902845,"circle_calibrated",-2897.44669306931,1525.8899049505,-1890.64525805957,580.297858329391,"landmark_ransac","MP_-1",8675,3900,1875,60.4,39.6,50,60.4,"Protein",0.735,"Comparstic Spotlight F2Ba Au 240926.csv",-1775.40973631754,832.105767249125,-1775.40973631754,832.105767249125,0,182.637278207594,1.51624676102433,TRUE
153,220,92,344.379862143349,345.176394315456,"A220",3906.734,2530.476,675,30,30,30,30,"Polyamide (naturally occurring)",0.940643229375813,"Comparstic LDIR F2Ba Au MP2 240925.xlsx",29.3161507141752,1,0.68625617607372,"circle_calibrated",2467.57530693069,-4486.74009504951,3016.63072569528,-5009.03522042201,"landmark_ransac","MP_-1",3750,9550,3125,80.9,49.2,55,80.9,"Protein",0.811,"Comparstic Spotlight F2Ba Au 240926.csv",2705.49561286136,-5156.65781697042,2705.49561286136,-5156.65781697042,0,472.52018825127,0.728815129397644,TRUE
154,221,70,99.9424170161179,100.480174410672,"A221",-44.5119999999997,3180.892,675,30,25,25,30,"Polyamide (naturally occurring)",0.866809520082321,"Comparstic LDIR F2Ba Au MP2 240925.xlsx",29.3161507141752,0.833333333333333,0.632188954803444,"circle_calibrated",3117.99130693069,-535.494095049505,3646.23955169249,-1366.91262457546,"landmark_ransac","MP_-1",3175,5750,1875,60.4,39.6,50,60.4,"Protein",0.789,"Comparstic Spotlight F2Ba Au 240926.csv",3560.27729455218,-1417.89278803505,3560.27729455218,-1417.89278803505,0,229.639667625037,0.435214081477017,FALSE
155,223,194,151.66039150138,152.231959340162,"A223",-3772.314,74.3340000000004,675,28,28,28,28,"Polyamide (naturally occurring)",0.959281921288804,"Comparstic LDIR F2Ba Au MP2 240925.xlsx",29.3161507141752,1,0.856554152976257,"circle_calibrated",11.4333069306935,3192.3079049505,806.559516827061,2096.81879147841,"landmark_ransac","MP_-1",6325,2375,1875,60.4,39.6,50,60.4,"Protein",0.713,"Comparstic Spotlight F2Ba Au 240926.csv",676.566785761129,2174.93898234077,676.566785761129,2174.93898234077,1,15.701333259703,9.6590772893543,TRUE
156,224,220,842.175046135798,842.716807641475,"A224",1098.89,-851.136,675,42,22,22,42,"Rubber",0.805345164262843,"Comparstic LDIR F2Ba Au MP2 240925.xlsx",29.3161507141752,0.526315765845089,0.475649443535568,"circle_calibrated",-914.036693069307,-1678.89609504951,-83.7383552885855,-2392.37324009149,"landmark_ransac","MP_-1",7000,7800,2500,60.4,52.7,50,60.4,"Protein",0.807,"Comparstic Spotlight F2Ba Au 240926.csv",-398.56772245003,-3173.48864635779,-398.56772245003,-3173.48864635779,0,71.0462328482329,11.8539015000954,TRUE
157,225,257,20.6916366914657,21.2718716363338,"A225",-2917.434,-2017.86,662.5,35,25,25,35,"Polyamide (naturally occurring)",0.922057074096031,"Comparstic LDIR F2Ba Au MP2 240925.xlsx",29.0434364080259,1.42857153866933,0.109863157989237,"circle_calibrated",-2080.76069306931,2337.42790495049,-1130.84122903468,1323.28294983268,"landmark_ransac","MP_-1",8050,3350,2500,60.4,52.7,50,60.4,"Protein",0.667,"Comparstic Spotlight F2Ba Au 240926.csv",-1112.54926934934,1332.95497339765,-1112.54926934934,1332.95497339765,1,222.086141874755,0.0931694184823775,FALSE
158,227,326,193.333031098422,193.817038346151,"A227",-949.91,-4701.554,662.5,35,25,25,35,"Polyethylene terephthalate",0.879502786203839,"Comparstic LDIR F2Ba Au MP2 240925.xlsx",29.0434364080259,0.714285714285714,0.0806527202566842,"circle_calibrated",-4764.45469306931,369.903904950495,-3622.43418777695,-472.82342153674,"landmark_ransac","MP_-1",10325,5175,1875,60.4,39.6,50,60.4,"Protein",0.688,"Comparstic Spotlight F2Ba Au 240926.csv",-3512.19920784516,-313.996754653805,-3512.19920784516,-313.996754653805,0,159.426310409414,1.21267957968753,TRUE
159,228,157,21.3321386288289,21.9123735736969,"A228",1070.368,839.280000000001,662.5,35,25,25,35,"Polyamide (naturally occurring)",0.91486452605047,"Comparstic LDIR F2Ba Au MP2 240925.xlsx",29.0434364080259,1.4,0.0915817907888741,"circle_calibrated",776.379306930694,-1650.3740950495,1476.70262608131,-2378.57618245182,"landmark_ransac","MP_-1",5200,6850,2500,60.4,52.7,50,60.4,"Protein",0.771,"Comparstic Spotlight F2Ba Au 240926.csv",1463.32460182981,-2361.96026822462,1463.32460182981,-2361.96026822462,1,320.987763543428,0.0664577938839178,FALSE
160,229,139,489.705792315613,490.495768963224,"A229",827.762,1561.456,662.5,30,25,25,30,"Rubber",0.70451537726586,"Comparstic LDIR F2Ba Au MP2 240925.xlsx",29.0434364080259,0.833333333333333,0.579010645720122,"circle_calibrated",1498.55530693069,-1407.7680950495,2145.05870929016,-2160.00667268681,"landmark_ransac","MP_-1",4875,6950,3125,80.9,49.2,55,80.9,"Protein",0.825,"Comparstic Spotlight F2Ba Au 240926.csv",1779.30812233909,-2485.64185379047,1779.30812233909,-2485.64185379047,0,287.837684327743,1.70132619521082,TRUE
161,230,211,765.616138772266,766.172616389506,"A230",862.576000000001,-536.354,662.5,30,30,30,30,"Chitin",0.828103633690543,"Comparstic LDIR F2Ba Au MP2 240925.xlsx",29.0434364080259,1,0.579010645720122,"circle_calibrated",-599.254693069307,-1442.58209504951,208.552307715304,-2176.59179861248,"landmark_ransac","MP_-1",6800,7450,1875,60.4,39.6,30,60.4,"Protein",0.748,"Comparstic Spotlight F2Ba Au 240926.csv",-173.513299230913,-2840.06293132089,-173.513299230913,-2840.06293132089,0,327.042182072646,2.3410317712539,TRUE
162,231,218,317.77105562909,318.383891610562,"A231",804.336,-882.986,662.5,30,25,25,30,"Polyamide (naturally occurring)",0.967814555602615,"Comparstic LDIR F2Ba Au MP2 240925.xlsx",29.0434364080259,1.2,0.579010645720122,"circle_calibrated",-945.886693069307,-1384.34209504951,-110.952390621652,-2120.26809244951,"landmark_ransac","MP_-1",6950,6450,2500,60.4,52.7,50,60.4,"Protein",0.681,"Comparstic Spotlight F2Ba Au 240926.csv",-248.42146917983,-1833.77080409237,-248.42146917983,-1833.77080409237,0,202.770154658391,1.56714905191271,TRUE
163,232,202,411.716813633464,412.439289614083,"A232",-1289.262,-178.828000000001,650,30,30,30,30,"Polyamide (naturally occurring)",0.915708199824675,"Comparstic LDIR F2Ba Au MP2 240925.xlsx",28.768136958758,1,0.830837404884826,"circle_calibrated",-241.728693069307,709.255904950495,554.491767310868,-193.126117956286,"landmark_ransac","MP_-1",6525,5075,2500,75,42.4,30,75,"Protein",0.773,"Comparstic Spotlight F2Ba Au 240926.csv",276.760503893505,-497.060452885869,276.760503893505,-497.060452885869,0,435.333764055412,0.945749784712445,TRUE
164,233,69,560.336636467119,560.904377467644,"A233",3225.56,3213.054,650,38,25,25,38,"Polyamide (naturally occurring)",0.901091221197316,"Comparstic LDIR F2Ba Au MP2 240925.xlsx",28.768136958758,1.54545430753316,0.0706352598529756,"circle_calibrated",3150.15330693069,-3805.5660950495,3651.68882562412,-4385.38029410384,"landmark_ransac","MP_-1",3100,8200,2500,60.4,52.7,50,60.4,"Protein",0.797,"Comparstic Spotlight F2Ba Au 240926.csv",3452.7245180949,-3861.55747053016,3452.7245180949,-3861.55747053016,0,365.861291292863,1.531554853718,TRUE
165,234,269,252.501438639653,253.08432857683,"A234",-3817.84,-2062.736,650,28,28,28,28,"Polyamide (naturally occurring)",0.944869669401983,"Comparstic LDIR F2Ba Au MP2 240925.xlsx",28.768136958758,1,1.63954044592647,"circle_calibrated",-2125.63669306931,3237.8339049505,-1165.58786734808,2154.67729840172,"landmark_ransac","MP_-1",8400,2625,1875,60.4,39.6,50,60.4,"Protein",0.684,"Comparstic Spotlight F2Ba Au 240926.csv",-1406.93467553923,2080.45671708469,-1406.93467553923,2080.45671708469,0,392.931954732104,0.642608562624553,FALSE
166,235,331,447.989307067959,448.5687692073,"A235",1935.44,-4618.562,637.5,39,21,21,39,"Polyamide (naturally occurring)",0.949812015469865,"Comparstic LDIR F2Ba Au MP2 240925.xlsx",28.490177426065,1.8333333707972,0.0467217166474425,"circle_calibrated",-4681.46269306931,-2515.44609504951,-3567.21823088179,-3136.57495353274,"landmark_ransac","MP_-1",10450,8350,2500,60.4,52.7,50,60.4,"Protein",0.756,"Comparstic Spotlight F2Ba Au 240926.csv",-3872.69234241228,-3464.2638096629,-3872.69234241228,-3464.2638096629,0,326.837402046496,1.37067943957108,TRUE
167,236,242,6.58357556950063,7.4780278312885,"A236",-912.47,-1786.798,637.5,35,25,25,35,"Polyamide (naturally occurring)",0.915357706517027,"Comparstic LDIR F2Ba Au MP2 240925.xlsx",28.490177426065,1.42857153866933,0.0313755233246722,"circle_calibrated",-1849.69869306931,332.463904950495,-932.433910657384,-528.982403532248,"landmark_ransac","MP_-1",7725,5200,4375,95.7,58.2,75,95.7,"Protein",0.875,"Comparstic Spotlight F2Ba Au 240926.csv",-926.700111663411,-532.217680394596,-926.700111663411,-532.217680394596,1,364.323167511494,0.0180707024877657,FALSE
168,237,337,4.91030330915898,5.53467917487917,"A237",-965.822,-4998.136,637.5,30,25,25,30,"Polyamide (naturally occurring)",0.969545731973827,"Comparstic LDIR F2Ba Au MP2 240925.xlsx",28.490177426065,0.833333333333333,0.811419319027725,"circle_calibrated",-5061.03669306931,385.815904950495,-3896.05716723041,-455.938789252947,"landmark_ransac","MP_-1",10700,5350,2500,60.4,52.7,50,60.4,"Protein",0.756,"Comparstic Spotlight F2Ba Au 240926.csv",-3898.38930160458,-460.259926585726,-3898.38930160458,-460.259926585726,1,245.003355057609,0.0200417798687058,FALSE
169,239,290,15.368249262699,15.9231541814055,"A239",1129.622,-3458.702,637.5,30,25,25,30,"Cellulosic",0.944614896333655,"Comparstic LDIR F2Ba Au MP2 240925.xlsx",28.490177426065,0.833333333333333,0.686256176073719,"circle_calibrated",-3521.60269306931,-1709.6280950495,-2490.71194130474,-2401.41273689012,"landmark_ransac","MP_-1",9150,7200,1875,60.4,39.6,50,60.4,"Protein",0.682,"Comparstic Spotlight F2Ba Au 240926.csv",-2493.49639616018,-2416.52663435432,-2493.49639616018,-2416.52663435432,1,582.525554697056,0.0263821031348424,FALSE
170,240,213,31.1222752474647,31.9998653152811,"A240",-5305.066,-599.923999999999,637.5,30,25,25,30,"Polyamide (naturally occurring)",0.948715287677415,"Comparstic LDIR F2Ba Au MP2 240925.xlsx",28.490177426065,1.2,0.78944041230895,"circle_calibrated",-662.824693069306,4725.0599049505,195.588932311531,3516.52397741974,"landmark_ransac","MP_-1",6875,1075,4375,80.9,68.9,75,80.9,"Cellulose",0.885,"Comparstic Spotlight F2Ba Au 240926.csv",225.912262415895,3509.51743276772,225.912262415895,3509.51743276772,1,463.417042356414,0.0671582449562324,FALSE
171,241,310,358.401605179045,358.780536232154,"A241",-2536.976,-4286.204,637.5,30,25,25,30,"Polyamide (naturally occurring)",0.921882136678206,"Comparstic LDIR F2Ba Au MP2 240925.xlsx",28.490177426065,1.2,0.78944041230895,"circle_calibrated",-4349.10469306931,1956.9699049505,-3227.30975713128,988.937290275356,"landmark_ransac","MP_-1",10050,4200,1250,50,31.8,25,50,"Protein",0.741,"Comparstic Spotlight F2Ba Au 240926.csv",-3166.03289497943,635.812869200093,-3166.03289497943,635.812869200093,0,543.186077186511,0.659813681225821,FALSE
172,242,138,236.749652783378,237.350460086306,"A242",-563.758,1343.524,637.5,32,28,28,32,"Polyamide (naturally occurring)",0.948076441487583,"Comparstic LDIR F2Ba Au MP2 240925.xlsx",28.490177426065,0.888888905539498,0.0158955086998496,"circle_calibrated",1280.62330693069,-16.2480950495052,1954.22371709889,-874.038597563537,"landmark_ransac","MP_-1",4900,5550,2500,60.4,52.7,50,60.4,"Protein",0.803,"Comparstic Spotlight F2Ba Au 240926.csv",1858.53716876597,-1090.58993688329,1858.53716876597,-1090.58993688329,0,178.570095232005,1.3258079549982,TRUE
173,243,230,131.560900864124,132.268147390725,"A243",-1699.516,-1328.236,637.5,39,21,21,39,"Polyamide (naturally occurring)",0.914187638323926,"Comparstic LDIR F2Ba Au MP2 240925.xlsx",28.490177426065,1.8333333707972,0.0592392456721436,"circle_calibrated",-1391.13669306931,1119.5099049505,-503.354689619756,194.051122786823,"landmark_ransac","MP_-1",7450,4350,3125,80.9,49.2,75,80.9,"Protein",0.8,"Comparstic Spotlight F2Ba Au 240926.csv",-589.829110427918,293.199724300272,-589.829110427918,293.199724300272,0,255.712507912132,0.51448754673092,FALSE
174,245,97,15.8095878524637,16.4265122732446,"A245",4506.034,1997.866,625,32,25,25,32,"Polyamide (naturally occurring)",0.947139047880254,"Comparstic LDIR F2Ba Au MP2 240925.xlsx",28.2094791773878,1.28571442333666,0.0175990866246332,"circle_calibrated",1934.96530693069,-5086.04009504951,2520.59772773415,-5558.23309706101,"landmark_ransac","MP_-1",3900,9950,2500,60.4,52.7,50,60.4,"Protein",0.69,"Comparstic Spotlight F2Ba Au 240926.csv",2526.47995265376,-5543.55854432303,2526.47995265376,-5543.55854432303,1,258.991857211172,0.0610427988844959,FALSE
175,246,241,12.2421822034594,12.6604719062033,"A246",437.944,-1743.742,625,28,28,28,28,"Polyamide (naturally occurring)",0.950522771750033,"Comparstic LDIR F2Ba Au MP2 240925.xlsx",28.2094791773878,1,0.404899662398717,"circle_calibrated",-1806.64269306931,-1017.95009504951,-902.702292185715,-1775.71415862919,"landmark_ransac","MP_-1",7600,6450,1250,50,31.8,30,50,"Protein",0.699,"Comparstic Spotlight F2Ba Au 240926.csv",-895.26100880678,-1785.43518361512,-895.26100880678,-1785.43518361512,1,406.612834417177,0.0301077122196767,FALSE
176,247,247,704.392636523203,705.471144301572,"A247",501.566,-2080.078,625,30,25,25,30,"Polyamide (naturally occurring)",0.95757956575154,"Comparstic LDIR F2Ba Au MP2 240925.xlsx",28.2094791773878,1.2,0.0397645850828523,"circle_calibrated",-2142.97869306931,-1081.5720950495,-1213.60709814079,-1831.94362901965,"landmark_ransac","MP_-1",7875,7225,4375,128.1,43.5,75,128.1,"Protein",0.779,"Comparstic Spotlight F2Ba Au 240926.csv",-1226.55482306413,-2536.21725681458,-1226.55482306413,-2536.21725681458,0,321.725454523267,2.18942152888392,TRUE
177,249,188,15.546690779608,16.1607793977265,"A249",-4097.262,68.8739999999994,625,35,20,20,35,"Polyamide (naturally occurring)",0.903985177441214,"Comparstic LDIR F2Ba Au MP2 240925.xlsx",28.2094791773878,0.571428571428571,0.0223838121327082,"circle_calibrated",5.97330693069254,3517.25590495049,803.9283328474,2396.78157620651,"landmark_ransac","MP_-1",6200,2150,2500,60.4,52.7,50,60.4,"Protein",0.728,"Comparstic Spotlight F2Ba Au 240926.csv",817.690565854589,2389.54966519678,817.690565854589,2389.54966519678,1,144.261698542096,0.107767279442308,FALSE
178,251,41,506.874198272764,507.259070114062,"A251",3654.976,3819.192,625,30,25,25,30,"Polyamide (naturally occurring)",0.945224783067511,"Comparstic LDIR F2Ba Au MP2 240925.xlsx",28.2094791773878,1.2,0.520741737596146,"circle_calibrated",3756.29130693069,-4234.98209504951,4207.96288894118,-4786.21739714017,"landmark_ransac","MP_-1",2300,9575,1250,50,31.8,30,50,"Protein",0.677,"Comparstic Spotlight F2Ba Au 240926.csv",4146.58629278005,-5289.36187571301,4146.58629278005,-5289.36187571301,0,142.909433032286,3.54682114061883,TRUE
179,252,227,352.799657971924,353.381873672661,"A252",5880.29,-1460.602,625,40,20,20,40,"Polyamide (naturally occurring)",0.959672078576031,"Comparstic LDIR F2Ba Au MP2 240925.xlsx",28.2094791773878,2,0.100078578977159,"circle_calibrated",-1523.50269306931,-6460.2960950495,-681.703519190574,-6801.01950435344,"landmark_ransac","MP_-1",7350,11550,2500,60.4,52.7,50,60.4,"Protein",0.794,"Comparstic Spotlight F2Ba Au 240926.csv",-1025.7252850025,-6879.22834856398,-1025.7252850025,-6879.22834856398,0,423.372869187593,0.833307194787678,TRUE
180,254,281,26.5805457558901,27.4546441725925,"A254",1973.92,-3227.77,612.5,35,20,20,35,"Polyamide (naturally occurring)",0.948804958581335,"Comparstic LDIR F2Ba Au MP2 240925.xlsx",27.9259596281003,0.571428571428571,0.0353333121320887,"circle_calibrated",-3290.67069306931,-2553.9260950495,-2283.82245933106,-3182.39914460198,"landmark_ransac","MP_-1",8875,7975,4375,80.9,68.9,75,80.9,"Protein",0.945,"Comparstic Spotlight F2Ba Au 240926.csv",-2277.4644461178,-3208.20807872683,-2277.4644461178,-3208.20807872683,1,189.415701513976,0.140329157210491,FALSE
181,256,128,13.2994733231664,13.6904059766594,"A256",1878.11,1487.746,612.5,30,25,25,30,"Polyamide (naturally occurring)",0.953831033312895,"Comparstic LDIR F2Ba Au MP2 240925.xlsx",27.9259596281003,1.2,0.450942089139254,"circle_calibrated",1424.84530693069,-2458.11609504951,2069.24090044362,-3128.91643778286,"landmark_ransac","MP_-1",4550,7575,1250,50,31.8,30,50,"Protein",0.822,"Comparstic Spotlight F2Ba Au 240926.csv",2056.25133400137,-3131.77075982423,2056.25133400137,-3131.77075982423,1,161.938825517035,0.0821265269814334,FALSE
182,257,283,333.924663225253,334.561040691358,"A257",-2261.272,-3340.766,612.5,30,25,25,30,"Polyethylene terephthalate",0.724431794959143,"Comparstic LDIR F2Ba Au MP2 240925.xlsx",27.9259596281003,0.833333333333333,0.816876358490783,"circle_calibrated",-3403.66669306931,1681.2659049505,-2356.72746621348,727.459461238936,"landmark_ransac","MP_-1",8950,4200,2500,60.4,52.7,50,60.4,"Cellulose",0.748,"Comparstic Spotlight F2Ba Au 240926.csv",-2071.38136637998,554.014126853983,-2071.38136637998,554.014126853983,0,273.493100386268,1.22096192830325,TRUE
183,258,296,600.918158852421,601.547329871558,"A258",-31.1219999999995,-4248.842,600,32,25,25,32,"Polyamide (naturally occurring)",0.928027954200423,"Comparstic LDIR F2Ba Au MP2 240925.xlsx",27.6395319577068,1.28571423066534,0.021228854675212,"circle_calibrated",-4311.74269306931,-548.884095049506,-3211.39703833964,-1324.20672387709,"landmark_ransac","MP_-1",9350,6100,2500,60.4,52.7,50,60.4,"Protein",0.798,"Comparstic Spotlight F2Ba Au 240926.csv",-2610.72520446851,-1307.00260714649,-2610.72520446851,-1307.00260714649,0,212.14378695113,2.83259843471565,TRUE
184,259,124,182.059418069808,182.682478686119,"A259",2282.15,1303.562,600,35,21,21,35,"Polyamide (naturally occurring)",0.924933895428387,"Comparstic LDIR F2Ba Au MP2 240925.xlsx",27.6395319577068,0.599999973026017,0.0374422760069102,"circle_calibrated",1240.66130693069,-2862.1560950495,1896.24722504512,-3500.47447188055,"landmark_ransac","MP_-1",4500,7950,2500,60.4,52.7,50,60.4,"Protein",0.735,"Comparstic Spotlight F2Ba Au 240926.csv",2078.12228677426,-3508.66554195341,2078.12228677426,-3508.66554195341,0,401.925045458717,0.452968582393324,FALSE
185,260,47,7.09707928154303,7.49419772119689,"A260",-2281.292,4019.132,600,30,25,25,30,"Sand",0.770421172824445,"Comparstic LDIR F2Ba Au MP2 240925.xlsx",27.6395319577068,1.2,0.466750829244898,"circle_calibrated",3956.23130693069,1701.2859049505,4436.50064032982,691.390536974312,"landmark_ransac","MP_-1",2450,3575,1250,50,31.8,30,50,"Protein",0.687,"Comparstic Spotlight F2Ba Au 240926.csv",4443.49058804072,692.619017876662,4443.49058804072,692.619017876662,1,378.415970008229,0.0187547034058544,FALSE
186,261,85,819.192165794347,819.959611443401,"A261",1387.126,2427.23,600,30,25,25,30,"Polyamide (naturally occurring)",0.967622113903948,"Comparstic LDIR F2Ba Au MP2 240925.xlsx",27.6395319577068,0.833333333333333,0.0438939784248644,"circle_calibrated",2364.32930693069,-1967.13209504951,2940.00996119313,-2682.70817038255,"landmark_ransac","MP_-1",3600,7875,2500,80.9,39.3,50,80.9,"Protein",0.763,"Comparstic Spotlight F2Ba Au 240926.csv",2979.32345169741,-3500.95645419572,2979.32345169741,-3500.95645419572,0,400.326604247183,2.04630958098537,TRUE
187,263,48,22.1210426396865,22.7636058919516,"A263",-2673.502,4016.298,600,30,25,25,30,"Polyamide (naturally occurring)",0.949210424715306,"Comparstic LDIR F2Ba Au MP2 240925.xlsx",27.6395319577068,1.2,0.502468911846977,"circle_calibrated",3953.39730693069,2093.4959049505,4436.79172159297,1053.41571552323,"landmark_ransac","MP_-1",2500,3200,2500,60.4,52.7,50,60.4,"Protein",0.786,"Comparstic Spotlight F2Ba Au 240926.csv",4421.61963526783,1069.51380000584,4421.61963526783,1069.51380000584,1,312.200594243701,0.0708552227239484,FALSE
188,264,204,572.239538841093,572.636657280747,"A264",-616.226000000001,-966.966,600,30,25,25,30,"Polyamide (naturally occurring)",0.972102100468779,"Comparstic LDIR F2Ba Au MP2 240925.xlsx",27.6395319577068,1.2,0.0671508405891315,"circle_calibrated",-1029.86669306931,36.2199049504956,-177.936376616295,-808.487440985759,"landmark_ransac","MP_-1",6550,5825,1250,50,31.8,30,50,"Protein",0.698,"Comparstic Spotlight F2Ba Au 240926.csv",196.110190280261,-1241.55470551399,196.110190280261,-1241.55470551399,0,539.230993857055,1.06121410927798,TRUE
189,266,270,14.5138932150603,15.0869855203117,"A266",4092.114,-2923.076,600,30,25,25,30,"Polyamide (naturally occurring)",0.958380848164594,"Comparstic LDIR F2Ba Au MP2 240925.xlsx",27.6395319577068,0.833333333333333,0.398928232906137,"circle_calibrated",-2985.97669306931,-4672.1200950495,-2018.29305868046,-5139.71987096562,"landmark_ransac","MP_-1",8475,9900,1875,60.4,39.6,50,60.4,"Protein",0.772,"Comparstic Spotlight F2Ba Au 240926.csv",-2022.5571439146,-5153.59325099264,-2022.5571439146,-5153.59325099264,1,205.529119317022,0.0706172111440479,FALSE
190,268,156,20.3784166702536,21.0209799225187,"A268",3676.946,703.014,600,30,25,25,30,"Polyamide (naturally occurring)",0.97133510260454,"Comparstic LDIR F2Ba Au MP2 240925.xlsx",27.6395319577068,1.2,0.398928232906137,"circle_calibrated",640.113306930693,-4256.95209504951,1331.61269930687,-4783.40017092687,"landmark_ransac","MP_-1",5150,9300,2500,60.4,52.7,50,60.4,"Protein",0.722,"Comparstic Spotlight F2Ba Au 240926.csv",1330.89338154072,-4803.76588839368,1330.89338154072,-4803.76588839368,1,379.114946127901,0.0537526069029696,FALSE
191,270,144,13.7898756594896,14.7299228355605,"A270",-379.521999999999,1176.968,600,36,28,28,36,"Polyamide (naturally occurring)",0.937971985734079,"Comparstic LDIR F2Ba Au MP2 240925.xlsx",27.6395319577068,0.785714295171479,0.0400990186666352,"circle_calibrated",1114.06730693069,-200.484095049506,1799.1294853188,-1042.85135708372,"landmark_ransac","MP_-1",4975,5500,5000,95.7,66.5,75,95.7,"Protein",0.937,"Comparstic Spotlight F2Ba Au 240926.csv",1787.61996192265,-1035.25586224154,1787.61996192265,-1035.25586224154,1,58.0644098773252,0.23749273761025,FALSE
192,271,316,570.413844660985,571.046495900219,"A271",-2978.456,-3846.856,587.5,35,20,20,35,"Cellulosic",0.957588050747499,"Comparstic LDIR F2Ba Au MP2 240925.xlsx",27.3501047992857,0.571428571428571,0.231858898152038,"circle_calibrated",-3909.75669306931,2398.4499049505,-2818.52590643393,1393.16078386833,"landmark_ransac","MP_-1",10150,3000,2500,60.4,52.7,50,60.4,"Protein",0.753,"Comparstic Spotlight F2Ba Au 240926.csv",-3176.31167865635,1837.41442243096,-3176.31167865635,1837.41442243096,0,448.602226075423,1.27153592092314,TRUE
193,272,228,298.720202594348,298.776672604117,"A272",568.23,-1307.072,587.5,35,25,25,35,"Polyamide (naturally occurring)",0.969211173944635,"Comparstic LDIR F2Ba Au MP2 240925.xlsx",27.3501047992857,0.714285714285714,0.0679710430469218,"circle_calibrated",-1369.97269306931,-1148.23609504951,-500.627779332052,-1899.20259094104,"landmark_ransac","MP_-1",7375,6775,625,31.8,25,25,31.8,"Cellulose",0.673,"Comparstic Spotlight F2Ba Au 240926.csv",-695.522824559151,-2125.58651436303,-695.522824559151,-2125.58651436303,0,260.555832041442,1.14647290852747,TRUE
194,273,13,27.2187020496957,28.2321454861787,"A273",253.448,4835.844,587.5,48,22,22,48,"Polyamide (naturally occurring)",0.93235243343228,"Comparstic LDIR F2Ba Au MP2 240925.xlsx",27.3501047992857,0.448979610064654,0.172352675252725,"circle_calibrated",4772.94330693069,-833.454095049505,5171.52808605506,-1654.19090770291,"landmark_ransac","MP_-1",1525,5850,6875,104.1,84.1,97.5,104.1,"Protein",0.828,"Comparstic Spotlight F2Ba Au 240926.csv",5194.81833814717,-1640.10467688144,5194.81833814717,-1640.10467688144,1,215.382906427802,0.12637354793436,FALSE
195,274,176,24.1156233137418,24.9416432549052,"A274",4349.956,59.9559999999999,587.5,30,25,25,30,"Polyamide (naturally occurring)",0.863885628334836,"Comparstic LDIR F2Ba Au MP2 240925.xlsx",27.3501047992857,1.2,0.409269392738687,"circle_calibrated",-2.94469306930704,-4929.96209504951,733.091496144285,-5399.81274120946,"landmark_ransac","MP_-1",5725,9950,3125,80.9,49.2,50,80.9,"Protein",0.818,"Comparstic Spotlight F2Ba Au 240926.csv",710.353552931941,-5407.84699452153,710.353552931941,-5407.84699452153,1,354.743177678514,0.0679805133154571,FALSE
196,277,277,13.2015236705678,13.8068748931372,"A277",-1412.112,-2817.802,587.5,28,25,25,28,"Polyamide (naturally occurring)",0.967805796044635,"Comparstic LDIR F2Ba Au MP2 240925.xlsx",27.3501047992857,1.14285711533267,0.312252600013876,"circle_calibrated",-2880.70269306931,832.105904950495,-1880.3326932879,-60.1788662508483,"landmark_ransac","MP_-1",8700,4800,1875,60.4,39.6,30,60.4,"Protein",0.745,"Comparstic Spotlight F2Ba Au 240926.csv",-1867.21442388707,-61.6591483698345,-1867.21442388707,-61.6591483698345,1,392.344162548403,0.0336478146758184,FALSE
197,278,152,12.9470584201822,13.5603430624506,"A278",-2986.23,1216.176,587.5,36,24,24,36,"Polyamide (naturally occurring)",0.929661223515047,"Comparstic LDIR F2Ba Au MP2 240925.xlsx",27.3501047992857,0.652173904492108,0.129684530519525,"circle_calibrated",1153.27530693069,2406.2239049505,1854.63724106908,1362.81195448644,"landmark_ransac","MP_-1",5100,3100,2500,60.4,52.7,50,60.4,"Protein",0.726,"Comparstic Spotlight F2Ba Au 240926.csv",1841.69772606422,1362.37005724205,1841.69772606422,1362.37005724205,1,198.595060779242,0.0651932549046329,FALSE
198,279,254,9.66534283954462,10.327475430611,"A279",-2710.708,-1913.496,587.5,36,22,22,36,"Polyethylene terephthalate",0.933458855729851,"Comparstic LDIR F2Ba Au MP2 240925.xlsx",27.3501047992857,1.62499998656827,0.141954623111339,"circle_calibrated",-1976.39669306931,2130.7019049505,-1036.04688947917,1131.70435004188,"landmark_ransac","MP_-1",7950,3550,2500,75,42.4,55,75,"Protein",0.763,"Comparstic Spotlight F2Ba Au 240926.csv",-1027.9079926305,1126.49117343902,-1027.9079926305,1126.49117343902,1,215.300783851075,0.0448922789163192,FALSE
199,280,150,49.8614583582017,50.6547046619127,"A280",2725.918,874.77,587.5,36,24,24,36,"Polyamide (naturally occurring)",0.951151784209478,"Comparstic LDIR F2Ba Au MP2 240925.xlsx",27.3501047992857,1.53333335343856,0.192598355930094,"circle_calibrated",811.869306930693,-3305.9240950495,1497.18945287223,-3906.88799114567,"landmark_ransac","MP_-1",5100,8400,2500,100,31.8,52.5,100,"Protein",0.792,"Comparstic Spotlight F2Ba Au 240926.csv",1447.57651294206,-3911.86003510077,1447.57651294206,-3911.86003510077,1,87.3757727152986,0.570655420933079,FALSE
200,282,193,318.324050378112,318.850825708914,"A282",-3250.676,214.63,575,35,21,21,35,"Cellulosic",0.913497830375121,"Comparstic LDIR F2Ba Au MP2 240925.xlsx",27.05758189903,0.599999973026017,0.029973981399384,"circle_calibrated",151.729306930694,2670.6699049505,932.184637720497,1614.31465028515,"landmark_ransac","MP_-1",6300,2750,1875,60.4,39.6,30,60.4,"Protein",0.69,"Comparstic Spotlight F2Ba Au 240926.csv",673.559294702215,1799.90326253764,673.559294702215,1799.90326253764,0,361.943948172019,0.879484384214166,TRUE
201,284,125,17.4123767034619,17.7624905638346,"A284",1540.5,1513.2,575,35,20,20,35,"Polyethylene terephthalate",0.880940166433867,"Comparstic LDIR F2Ba Au MP2 240925.xlsx",27.05758189903,1.75,0.0699953352361524,"circle_calibrated",1450.29930693069,-2120.5060950495,2095.23673576664,-2817.49592542947,"landmark_ransac","MP_-1",4550,7250,1250,50,31.8,50,50,"Protein",0.674,"Comparstic Spotlight F2Ba Au 240926.csv",2080.41914423999,-2808.35099001076,2080.41914423999,-2808.35099001076,1,198.717987576196,0.0876235559540643,FALSE
202,286,93,35.3953588598603,36.2877752533753,"A286",5155.514,2205.476,575,34,22,22,34,"Polyamide (naturally occurring)",0.922949798646161,"Comparstic LDIR F2Ba Au MP2 240925.xlsx",27.05758189903,1.5,0.015480212962758,"circle_calibrated",2142.57530693069,-5735.52009504951,2707.40521272846,-6159.23245138004,"landmark_ransac","MP_-1",3700,10575,3750,95.7,49.9,62.5,95.7,"Protein",0.758,"Comparstic Spotlight F2Ba Au 240926.csv",2679.03094515701,-6180.39213872655,2679.03094515701,-6180.39213872655,1,326.656429111083,0.108356535201772,FALSE
203,287,319,978.867313473001,979.699785275731,"A287",-5134.74,-3625.414,575,30,25,25,30,"Polyamide (naturally occurring)",0.958199966475364,"Comparstic LDIR F2Ba Au MP2 240925.xlsx",27.05758189903,1.2,1.03325527817551,"circle_calibrated",-3688.31469306931,4554.7339049505,-2598.15706556877,3381.73863040486,"landmark_ransac","MP_-1",10200,2250,3125,80.9,49.2,70,80.9,"Protein",0.671,"Comparstic Spotlight F2Ba Au 240926.csv",-3170.29669653853,2587.48586203723,-3170.29669653853,2587.48586203723,0,357.454838402501,2.7384363234462,TRUE
204,288,284,382.86585525231,383.451715441887,"A288",2547.688,-3735.056,575,30,25,25,30,"Polyamide (naturally occurring)",0.958325482295452,"Comparstic LDIR F2Ba Au MP2 240925.xlsx",27.05758189903,1.2,0.0245912261703358,"circle_calibrated",-3797.95669306931,-3127.69409504951,-2756.29254276012,-3708.21903950411,"landmark_ransac","MP_-1",8950,8625,1875,60.4,39.6,50,60.4,"Protein",0.755,"Comparstic Spotlight F2Ba Au 240926.csv",-2400.43539809046,-3849.47043137564,-2400.43539809046,-3849.47043137564,1,17.0161094879773,22.5001993271624,TRUE
205,290,282,583.493340715882,584.024642526245,"A290",3717.298,-3341,562.5,56,19,19,56,"Polypropylene",0.950282962175133,"Comparstic LDIR F2Ba Au MP2 240925.xlsx",26.7618617422916,2.97297285290685,1.72523675432842,"circle_calibrated",-3403.90069306931,-4297.30409504951,-2401.25297593613,-4790.67270854163,"landmark_ransac","MP_-1",8900,10150,2500,60.4,52.7,50,60.4,"Protein",0.786,"Comparstic Spotlight F2Ba Au 240926.csv",-2464.08131231577,-5370.77362976788,-2464.08131231577,-5370.77362976788,0,522.500155864492,1.11673333331446,TRUE
206,291,54,183.865088006984,184.525350918396,"A291",-139.958,3440.814,562.5,25,25,25,25,"Polyamide (naturally occurring)",0.965349923454516,"Comparstic LDIR F2Ba Au MP2 240925.xlsx",26.7618617422916,1,0.870919206819865,"circle_calibrated",3377.91330693069,-440.048095049505,3886.85119764004,-1280.74372688523,"landmark_ransac","MP_-1",2675,5600,1875,60.4,39.6,30,60.4,"Protein",0.838,"Comparstic Spotlight F2Ba Au 240926.csv",4069.00054514459,-1305.80337156517,4069.00054514459,-1305.80337156517,0,192.58516067732,0.954720952332634,TRUE
207,292,298,331.52570853253,332.107569979661,"A292",3736.148,-3560.674,562.5,46,19,19,46,"Cellulosic",0.922325682799352,"Comparstic LDIR F2Ba Au MP2 240925.xlsx",26.7618617422916,2.41666652530182,0.131685307682649,"circle_calibrated",-3623.57469306931,-4316.15409504951,-2604.1486151774,-4806.4428964222,"landmark_ransac","MP_-1",9400,9500,2500,60.4,52.7,50,60.4,"Protein",0.736,"Comparstic Spotlight F2Ba Au 240926.csv",-2913.31456847464,-4686.75284361998,-2913.31456847464,-4686.75284361998,0,429.611776766742,0.77168673314217,TRUE
208,293,320,14.5799294025393,15.4479026400791,"A293",-1554.098,-4461.106,562.5,40,20,20,40,"Polyamide",0.687808759340656,"Comparstic LDIR F2Ba Au MP2 240925.xlsx",26.7618617422916,2,0.0496829759627251,"circle_calibrated",-4524.00669306931,974.091904950495,-3396.02627619701,83.0513359863639,"landmark_ransac","MP_-1",10225,4775,4375,80.9,68.9,75,80.9,"Cellulose",0.779,"Comparstic Spotlight F2Ba Au 240926.csv",-3382.94043530117,76.6220973508957,-3382.94043530117,76.6220973508957,1,413.694738096497,0.0352432072731329,FALSE
209,294,304,24.3132489054795,24.8509757726554,"A294",4296.604,-4160.702,562.5,35,20,20,35,"Polyamide (naturally occurring)",0.840771430916692,"Comparstic LDIR F2Ba Au MP2 240925.xlsx",26.7618617422916,0.571428571428571,0.295677147132389,"circle_calibrated",-4223.60269306931,-4876.61009504951,-3162.11956688283,-5319.28865987423,"landmark_ransac","MP_-1",9600,10175,1875,60.4,39.6,30,60.4,"Protein",0.834,"Comparstic Spotlight F2Ba Au 240926.csv",-3162.53680193238,-5343.59832847035,-3162.53680193238,-5343.59832847035,1,441.941895186068,0.0550145826189279,FALSE
210,295,153,10.3132106892068,10.8509375563827,"A295",5177.042,664.3,562.5,35,20,20,35,"Polyamide (naturally occurring)",0.949254365409916,"Comparstic LDIR F2Ba Au MP2 240925.xlsx",26.7618617422916,1.75,0.0320926262596695,"circle_calibrated",601.399306930693,-5757.04809504951,1284.76243472498,-6167.68022413988,"landmark_ransac","MP_-1",5100,10675,1875,60.4,39.6,30,60.4,"Protein",0.712,"Comparstic Spotlight F2Ba Au 240926.csv",1278.40184127169,-6175.79842379509,1278.40184127169,-6175.79842379509,1,474.086377051202,0.0217538642501278,FALSE
211,296,262,21.6232887435074,21.9799962758957,"A296",3572.582,-2555.28,562.5,35,20,20,35,"Polyamide (naturally occurring)",0.941737660047569,"Comparstic LDIR F2Ba Au MP2 240925.xlsx",26.7618617422916,0.571428571428571,0.0721139800964379,"circle_calibrated",-2618.18069306931,-4152.58809504951,-1674.97219822681,-4662.92520683392,"landmark_ransac","MP_-1",8150,9400,1250,50,31.8,50,50,"Protein",0.661,"Comparstic Spotlight F2Ba Au 240926.csv",-1661.95612758016,-4680.19218459515,-1661.95612758016,-4680.19218459515,1,365.089619725215,0.0592273446716513,FALSE
212,297,239,23.8305783453036,24.5109883324619,"A297",3639.298,-1919.112,562.5,28,25,25,28,"Polyamide (naturally occurring)",0.944291424496274,"Comparstic LDIR F2Ba Au MP2 240925.xlsx",26.7618617422916,1.14285711533267,0.268767488074138,"circle_calibrated",-1982.01269306931,-4219.30409504951,-1088.29276572157,-4729.21800382737,"landmark_ransac","MP_-1",7550,9400,2500,60.4,52.7,50,60.4,"Protein",0.783,"Comparstic Spotlight F2Ba Au 240926.csv",-1064.87347561683,-4724.8096804203,-1064.87347561683,-4724.8096804203,1,233.282692205762,0.102153220712509,FALSE
213,298,186,193.103669038452,193.158418242945,"A298",900.744,-353.678000000001,562.5,30,25,25,30,"Polyamide (naturally occurring)",0.912865766046697,"Comparstic LDIR F2Ba Au MP2 240925.xlsx",26.7618617422916,1.2,0.918903051325715,"circle_calibrated",-416.578693069307,-1480.75009504951,376.876743637722,-2213.17419586672,"landmark_ransac","MP_-1",6200,6950,625,31.8,25,25,31.8,"Protein",0.701,"Comparstic Spotlight F2Ba Au 240926.csv",460.750599253384,-2387.11155050992,460.750599253384,-2387.11155050992,0,381.661447831296,0.505955396165159,FALSE
214,300,141,19.9411409860234,20.3576209820185,"A300",-1861.73,1318.668,562.5,30,25,25,30,"Polyamide (naturally occurring)",0.940828186962302,"Comparstic LDIR F2Ba Au MP2 240925.xlsx",26.7618617422916,0.833333333333333,0.382044801670728,"circle_calibrated",1255.76730693069,1281.7239049505,1940.90176793341,324.155060352652,"landmark_ransac","MP_-1",4925,4150,1250,50,31.8,25,50,"Protein",0.666,"Comparstic Spotlight F2Ba Au 240926.csv",1937.76621519285,304.461980023876,1937.76621519285,304.461980023876,1,463.219509521921,0.043049009327358,FALSE
215,301,136,129.862404826609,130.542814813767,"A301",-1226.42,1455.506,562.5,28,25,25,28,"Polyamide (naturally occurring)",0.924312300171768,"Comparstic LDIR F2Ba Au MP2 240925.xlsx",26.7618617422916,0.875000021073426,0.253729610709597,"circle_calibrated",1392.60530693069,646.413904950495,2062.49273683749,-263.241069189362,"landmark_ransac","MP_-1",4850,4800,2500,60.4,52.7,50,60.4,"Protein",0.808,"Comparstic Spotlight F2Ba Au 240926.csv",1964.06592621102,-347.954746581217,1964.06592621102,-347.954746581217,0,581.243027732444,0.223421871111694,FALSE
216,302,359,9.06359545130556,9.6627911696538,"A302",-1588.86,-5916.482,550,30,25,25,30,"Polyamide (naturally occurring)",0.937722753606073,"Comparstic LDIR F2Ba Au MP2 240925.xlsx",26.4628371420061,0.833333333333333,0.359571945818669,"circle_calibrated",-5979.38269306931,1008.85390495049,-4739.05970405946,125.922524063429,"landmark_ransac","MP_-1",11575,4825,1875,60.4,39.6,50,60.4,"Protein",0.704,"Comparstic Spotlight F2Ba Au 240926.csv",-4730.09452687078,127.254575293873,-4730.09452687078,127.254575293873,1,448.150169492683,0.0202244606123117,FALSE
217,303,28,19.9423436368009,20.6110103021629,"A303",-856.882,4408.56,550,30,25,25,30,"Polyamide (naturally occurring)",0.955524497450158,"Comparstic LDIR F2Ba Au MP2 240925.xlsx",26.4628371420061,1.2,0.867442658600404,"circle_calibrated",4345.65930693069,276.875904950495,4785.3802069813,-626.20555813519,"landmark_ransac","MP_-1",2000,4850,2500,60.4,52.7,50,60.4,"Protein",0.898,"Comparstic Spotlight F2Ba Au 240926.csv",4796.49039838478,-609.644739414294,4796.49039838478,-609.644739414294,1,215.384392082522,0.0925895485925471,FALSE
218,304,171,14.8216221853314,15.2448440380822,"A304",2678.39,258.544,550,30,25,25,30,"Polyamide (naturally occurring)",0.875017308918085,"Comparstic LDIR F2Ba Au MP2 240925.xlsx",26.4628371420061,0.833333333333333,0.233135978063392,"circle_calibrated",195.643306930693,-3258.39609504951,928.773989013654,-3858.4532394741,"landmark_ransac","MP_-1",5625,8400,1250,50,31.8,25,50,"Protein",0.694,"Comparstic Spotlight F2Ba Au 240926.csv",925.129192474136,-3872.81972625376,925.129192474136,-3872.81972625376,1,387.468541986342,0.0382524529845674,FALSE
219,305,339,245.138226571991,245.73742229034,"A305",1065.766,-5375.682,550,30,25,25,30,"Polyethylene terephthalate",0.9346571516977,"Comparstic LDIR F2Ba Au MP2 240925.xlsx",26.4628371420061,1.2,0.0407640854159359,"circle_calibrated",-5438.58269306931,-1645.7720950495,-4259.58357816127,-2328.26707772771,"landmark_ransac","MP_-1",10700,7350,1875,60.4,39.6,30,60.4,"Protein",0.766,"Comparstic Spotlight F2Ba Au 240926.csv",-4047.11428768842,-2450.53543313019,-4047.11428768842,-2450.53543313019,0,267.698701143533,0.915724377910054,TRUE
220,306,244,13.6957958442046,13.7572869054533,"A306",-5063.214,-1572.272,550,30,25,25,30,"Polyamide (naturally occurring)",0.954875118476621,"Comparstic LDIR F2Ba Au MP2 240925.xlsx",26.4628371420061,0.833333333333333,0.0407640854159359,"circle_calibrated",-1635.17269306931,4483.20790495049,-703.66671143716,3300.50452176085,"landmark_ransac","MP_-1",7775,1350,625,31.8,25,25,31.8,"Protein",0.66,"Comparstic Spotlight F2Ba Au 240926.csv",-690.16140111564,3302.78079435559,-690.16140111564,3302.78079435559,1,434.400919453044,0.0315280084154727,FALSE
221,307,338,5.95518520190524,6.55438092025348,"A307",-344.552,-5036.694,550,30,25,25,30,"Polyamide",0.627841765540542,"Comparstic LDIR F2Ba Au MP2 240925.xlsx",26.4628371420061,1.2,0.188684215492558,"circle_calibrated",-5099.59469306931,-235.454095049505,-3936.25012130751,-1029.07627257537,"landmark_ransac","MP_-1",10700,5925,1875,60.4,39.6,50,60.4,"Protein",0.773,"Comparstic Spotlight F2Ba Au 240926.csv",-3941.14773510369,-1032.46413471726,-3941.14773510369,-1032.46413471726,1,217.734474139911,0.027350676669045,FALSE
222,308,130,280.928924712729,281.385564426926,"A308",3920.592,1433.12,550,28,28,28,28,"Cellulosic",0.951758395580761,"Comparstic LDIR F2Ba Au MP2 240925.xlsx",26.4628371420061,1,0.261562104352867,"circle_calibrated",1370.21930693069,-4500.5980950495,2003.68425356386,-5013.69301816229,"landmark_ransac","MP_-1",4650,9250,1250,50,31.8,50,50,"Protein",0.68,"Comparstic Spotlight F2Ba Au 240926.csv",1832.18038282893,-4791.19024725103,1832.18038282893,-4791.19024725103,0,266.357452673324,1.05470645515324,TRUE
223,309,168,301.250972784511,302.277411268046,"A309",6340.516,-96.6679999999996,550,25,25,25,25,"Polyamide (naturally occurring)",0.929447391034541,"Comparstic LDIR F2Ba Au MP2 240925.xlsx",26.4628371420061,1,0.79437912969753,"circle_calibrated",-159.568693069306,-6920.5220950495,573.776980330756,-7235.91011701007,"landmark_ransac","MP_-1",5575,11525,3750,95.7,49.9,75,95.7,"Protein",0.92,"Comparstic Spotlight F2Ba Au 240926.csv",742.503289381755,-6986.34332988158,742.503289381755,-6986.34332988158,0,149.845852298884,2.01040581479448,TRUE
224,310,264,2.1615813032937,3.01954253087612,"A310",2774.824,-2620.332,550,25,25,25,25,"Polyamide (naturally occurring)",0.945820704720307,"Comparstic LDIR F2Ba Au MP2 240925.xlsx",26.4628371420061,1,0.79437912969753,"circle_calibrated",-2683.23269306931,-3354.8300950495,-1729.10175827501,-3926.12394990438,"landmark_ransac","MP_-1",8275,8650,2500,80.9,39.3,55,80.9,"Protein",0.793,"Comparstic Spotlight F2Ba Au 240926.csv",-1730.57647695775,-3924.54355801074,-1730.57647695775,-3924.54355801074,1,388.016344265971,0.00557085116448606,FALSE
225,311,82,2.94132188898283,3.31166813359423,"A311",4611.594,2644.044,537.5,35,20,20,35,"Polyamide (naturally occurring)",0.944625528048895,"Comparstic LDIR F2Ba Au MP2 240925.xlsx",26.1603947847725,0.571428571428571,0.076662026594341,"circle_calibrated",2581.14330693069,-5191.6000950495,3116.22835775879,-5660.4525339993,"landmark_ransac","MP_-1",3300,10025,1250,50,31.8,30,50,"Protein",0.694,"Comparstic Spotlight F2Ba Au 240926.csv",3117.98541763896,-5662.81137164359,3117.98541763896,-5662.81137164359,1,76.1831972100397,0.0386085383220858,FALSE
226,312,195,23.7137650586366,24.5920323728112,"A312",4323.566,-596.492,537.5,28,25,25,28,"Polyamide (naturally occurring)",0.963695846836079,"Comparstic LDIR F2Ba Au MP2 240925.xlsx",26.1603947847725,1.14285711533267,0.22330511399738,"circle_calibrated",-659.392693069307,-4903.57209504951,127.395044230553,-5370.5899577015,"landmark_ransac","MP_-1",6325,9975,3125,80.9,49.2,55,80.9,"Protein",0.831,"Comparstic Spotlight F2Ba Au 240926.csv",111.411838642554,-5388.10794252818,111.411838642554,-5388.10794252818,1,234.268586556172,0.101224690033082,FALSE
227,313,197,7.294792836629,8.26458021811617,"A313",-1930.994,-353.444,537.5,41,19,19,41,"Polyamide (naturally occurring)",0.930045299463583,"Comparstic LDIR F2Ba Au MP2 240925.xlsx",26.1603947847725,2.21052638314133,0.0786986892881589,"circle_calibrated",-416.344693069307,1350.9879049505,398.079845098831,400.477412585894,"landmark_ransac","MP_-1",6475,4175,5000,104.1,61.2,95,104.1,"Cellulose",0.712,"Comparstic Spotlight F2Ba Au 240926.csv",393.443635294842,394.845400407043,393.443635294842,394.845400407043,1,143.786468316748,0.0507335142313897,FALSE
228,314,214,11.737844810886,12.3242685105295,"A314",1196.572,-983.918,537.5,30,20,20,30,"Polyamide (naturally occurring)",0.959207519731645,"Comparstic LDIR F2Ba Au MP2 240925.xlsx",26.1603947847725,0.666666666666667,0.123135082849064,"circle_calibrated",-1046.81869306931,-1776.5780950495,-207.018186362519,-2481.54821803053,"landmark_ransac","MP_-1",6850,7100,1875,60.4,39.6,30,60.4,"Protein",0.782,"Comparstic Spotlight F2Ba Au 240926.csv",-197.243314329853,-2488.04659302351,-197.243314329853,-2488.04659302351,1,201.560115286065,0.0582349578150768,FALSE
229,315,23,60.0972328623645,60.7033254361801,"A315",2175.68,4417.374,537.5,30,25,25,30,"Polyamide (naturally occurring)",0.948384138503734,"Comparstic LDIR F2Ba Au MP2 240925.xlsx",26.1603947847725,1.2,0.15130595981576,"circle_calibrated",4354.47330693069,-2755.68609504951,4771.03989349304,-3425.28188115728,"landmark_ransac","MP_-1",1825,7725,1875,60.4,39.6,50,60.4,"Protein",0.725,"Comparstic Spotlight F2Ba Au 240926.csv",4756.84733771191,-3483.67921635429,4756.84733771191,-3483.67921635429,0,410.40594658143,0.146433630806176,FALSE
230,317,346,812.713800823795,814.737231121635,"A317",-3242.278,-5093.53,537.5,28,25,25,28,"Polyamide (naturally occurring)",0.969957590332902,"Comparstic LDIR F2Ba Au MP2 240925.xlsx",26.1603947847725,0.875000021073426,0.254076772664134,"circle_calibrated",-5156.43069306931,2662.2719049505,-3967.23274395198,1645.9042765771,"landmark_ransac","MP_-1",11175,2475,32500,326,126.9,215,326,"Cellulose",0.893,"Comparstic Spotlight F2Ba Au 240926.csv",-4157.28756691338,2436.08329826685,-4157.28756691338,2436.08329826685,0,525.344228031223,1.54701195418005,TRUE
231,318,251,7.41775691806725,7.96912249746618,"A318",1562.678,-2142.114,537.5,35,20,20,35,"Polyamide (naturally occurring)",0.975876230798027,"Comparstic LDIR F2Ba Au MP2 240925.xlsx",26.1603947847725,1.75,0.063923000816912,"circle_calibrated",-2205.01469306931,-2142.68409504951,-1278.72974954949,-2810.87493150829,"landmark_ransac","MP_-1",7900,7500,1875,60.4,39.6,50,60.4,"Protein",0.782,"Comparstic Spotlight F2Ba Au 240926.csv",-1271.88295248246,-2808.02107663839,-1271.88295248246,-2808.02107663839,1,217.224682734472,0.0341478547681179,FALSE
232,321,120,403.180594390604,403.731959970003,"A321",-3959.67,2247.596,537.5,35,20,20,35,"Polyamide (naturally occurring)",0.930325851242443,"Comparstic LDIR F2Ba Au MP2 240925.xlsx",26.1603947847725,1.75,0.076662026594341,"circle_calibrated",2184.69530693069,3379.6639049505,2813.83757513934,2253.63877946152,"landmark_ransac","MP_-1",4375,1775,1875,60.4,39.6,30,60.4,"Protein",0.707,"Comparstic Spotlight F2Ba Au 240926.csv",2661.70290046713,2627.01477287237,2661.70290046713,2627.01477287237,0,458.124839178764,0.880067090693765,TRUE
233,322,345,429.370427001564,430.259394212595,"A322",-3769.896,-4889.092,537.5,30,20,20,30,"Polyamide (naturally occurring)",0.940000872833713,"Comparstic LDIR F2Ba Au MP2 240925.xlsx",26.1603947847725,1.5,0.0430923751755268,"circle_calibrated",-4951.99269306931,3189.8899049505,-3774.62903349051,2131.37291243264,"landmark_ransac","MP_21",11100,2475,3750,80.9,59,50,80.9,"PET",0.848,"Comparstic Spotlight F2Ba Au 240926.csv",-4082.65223541796,2430.5061112887,-4082.65223541796,2430.5061112887,0,302.374127368276,1.41999724228592,TRUE
234,323,21,371.679131094605,372.559422931923,"A323",-324.402,5048.42,525,31,22,22,31,"Polyamide (naturally occurring)",0.920019766551681,"Comparstic LDIR F2Ba Au MP2 240925.xlsx",25.8544147291321,1.40000008529923,1.29453613598942,"circle_calibrated",4985.51930693069,-255.604095049505,5372.01534226028,-1122.41917406579,"landmark_ransac","MP_-1",1725,5475,3750,80.9,59,55,80.9,"Protein",0.833,"Comparstic Spotlight F2Ba Au 240926.csv",5023.67672238344,-1252.05552079597,5023.67672238344,-1252.05552079597,0,367.976196025063,1.01006297447917,TRUE
235,324,4,33.0437659005257,33.7893425533977,"A324",1510.522,5753.202,525,25,25,25,25,"Cellulosic",0.784865772545517,"Comparstic LDIR F2Ba Au MP2 240925.xlsx",25.8544147291321,1,0.721883627659376,"circle_calibrated",5690.30130693069,-2090.5280950495,6008.91962323776,-2821.25098429701,"landmark_ransac","MP_-1",650,6950,2500,60.4,52.7,50,60.4,"Protein",0.769,"Comparstic Spotlight F2Ba Au 240926.csv",5983.76512991426,-2799.82338689257,5983.76512991426,-2799.82338689257,1,141.227550584999,0.233975352285375,FALSE
236,325,206,16.3623092692419,17.1078859221139,"A325",-1627.054,-617.136,525,25,25,25,25,"Polyamide (naturally occurring)",0.962711253353756,"Comparstic LDIR F2Ba Au MP2 240925.xlsx",25.8544147291321,1,0.721883627659376,"circle_calibrated",-680.036693069307,1047.04790495049,152.443312565572,121.899500155005,"landmark_ransac","MP_-1",6700,4450,2500,60.4,52.7,50,60.4,"Protein",0.7,"Comparstic Spotlight F2Ba Au 240926.csv",149.087955222063,137.914079191611,149.087955222063,137.914079191611,1,95.2430166790966,0.171795369778884,FALSE
237,326,233,3.99932180441613,4.79185841202862,"A326",-5802.16,-1261.13,525,35,20,20,35,"Polyamide (naturally occurring)",0.953905280384705,"Comparstic LDIR F2Ba Au MP2 240925.xlsx",25.8544147291321,1.75,0.0523308885006601,"circle_calibrated",-1324.03069306931,5222.15390495049,-411.010512724319,3980.23502917902,"landmark_ransac","MP_-1",7550,650,3125,80.9,49.2,50,80.9,"Protein",0.827,"Comparstic Spotlight F2Ba Au 240926.csv",-414.201661500046,3982.64566071172,-414.201661500046,3982.64566071172,1,343.31989330713,0.0116489661169689,FALSE
238,327,357,216.620996588973,217.301957361831,"A327",2414.75,-5949.58,525,25,25,25,25,"Polyamide (naturally occurring)",0.949999649219545,"Comparstic LDIR F2Ba Au MP2 240925.xlsx",25.8544147291321,1,0.696565819675087,"circle_calibrated",-6012.48069306931,-2994.7560950495,-4799.28100743975,-3569.10647496466,"landmark_ransac","MP_-1",11450,8725,1875,60.4,39.6,30,60.4,"Protein",0.807,"Comparstic Spotlight F2Ba Au 240926.csv",-4895.71603057523,-3763.07797409807,-4895.71603057523,-3763.07797409807,1,31.6542583640486,6.84334455407745,TRUE
239,328,160,8.81159275129478,9.49255352415313,"A328",-3429.66,1005.81,525,25,25,25,25,"Polyamide (naturally occurring)",0.939680680535747,"Comparstic LDIR F2Ba Au MP2 240925.xlsx",25.8544147291321,1,0.696565819675087,"circle_calibrated",942.909306930693,2849.65390495049,1663.75889031222,1773.65055567202,"landmark_ransac","MP_-1",5300,2700,1875,60.4,39.6,30,60.4,"Protein",0.698,"Comparstic Spotlight F2Ba Au 240926.csv",1672.41517262654,1775.29765715933,1672.41517262654,1775.29765715933,1,286.753421073274,0.0307288147367671,FALSE
240,329,109,268.945069418012,269.499136282276,"A329",-5217.498,2464.306,525,35,21,21,35,"Polyamide (naturally occurring)",0.953848502781251,"Comparstic LDIR F2Ba Au MP2 240925.xlsx",25.8544147291321,1.6666667415944,0.0523308885006601,"circle_calibrated",2401.40530693069,4637.4919049505,3023.18003783966,3412.98976368936,"landmark_ransac","MP_-1",4200,1200,1875,60.4,39.6,30,60.4,"Protein",0.766,"Comparstic Spotlight F2Ba Au 240926.csv",2878.61044078887,3186.20554472157,2878.61044078887,3186.20554472157,0,122.852787772075,2.18916537666998,TRUE
241,330,302,325.79744075311,326.630015598973,"A330",-3136.952,-3817.554,525,40,20,20,40,"Polyamide (naturally occurring)",0.951726692770488,"Comparstic LDIR F2Ba Au MP2 240925.xlsx",25.8544147291321,2,0.0475461629925851,"circle_calibrated",-3880.45469306931,2556.9459049505,-2790.30590681913,1539.23313785525,"landmark_ransac","MP_-1",9500,3050,3750,80.9,59,50,80.9,"Protein",0.857,"Comparstic Spotlight F2Ba Au 240926.csv",-2533.1902636815,1739.3219142901,-2533.1902636815,1739.3219142901,0,487.762784930206,0.66794239088931,FALSE
242,332,324,349.163494440935,349.248481129515,"A332",-14.9760000000006,-4290.104,525,30,20,20,30,"Polyamide (naturally occurring)",0.965942020163795,"Comparstic LDIR F2Ba Au MP2 240925.xlsx",25.8544147291321,1.5,0.0455373641685934,"circle_calibrated",-4353.00469306931,-565.030095049504,-3249.60093372564,-1338.80344017256,"landmark_ransac","MP_-1",10300,6025,625,31.8,25,25,31.8,"Protein",0.673,"Comparstic Spotlight F2Ba Au 240926.csv",-3550.52888309899,-1161.72290726125,-3550.52888309899,-1161.72290726125,0,213.803055731255,1.63310806408597,TRUE
243,334,205,19.7560633207999,20.3692150438386,"A334",5646.42,-1052.376,525,30,25,25,30,"Polyamide (naturally occurring)",0.967092336603871,"Comparstic LDIR F2Ba Au MP2 240925.xlsx",25.8544147291321,1.2,0.765352791810701,"circle_calibrated",-1115.27669306931,-6226.42609504951,-303.183505014796,-6588.18638982975,"landmark_ransac","MP_-1",6650,11225,1875,60.4,39.6,30,60.4,"Protein",0.829,"Comparstic Spotlight F2Ba Au 240926.csv",-304.961047473318,-6607.86232387985,-304.961047473318,-6607.86232387985,1,116.370805407522,0.169768209918421,FALSE
244,335,104,13.8665853034855,14.5547753418176,"A335",1331.408,2008.864,512.5,25,25,25,25,"Polyethylene terephthalate",0.926423786205697,"Comparstic LDIR F2Ba Au MP2 240925.xlsx",25.5447698497515,1,0.697786076080316,"circle_calibrated",1945.96330693069,-1911.4140950495,2554.27712366733,-2628.180584998,"landmark_ransac","MP_-1",4100,7025,1875,60.4,39.6,50,60.4,"Protein",0.713,"Comparstic Spotlight F2Ba Au 240926.csv",2544.96269414692,-2617.90811739337,2544.96269414692,-2617.90811739337,1,506.954395887261,0.0273527272196082,FALSE
245,336,309,758.73540994601,759.355790934523,"A336",3579.42,-5198.882,512.5,30,25,25,30,"Polyamide (naturally occurring)",0.951604304839512,"Comparstic LDIR F2Ba Au MP2 240925.xlsx",25.5447698497515,0.833333333333333,0.0481080596716952,"circle_calibrated",-5261.78269306931,-4159.4260950495,-4115.02940481279,-4649.64380921032,"landmark_ransac","MP_-1",9975,9125,1875,60.4,39.6,50,60.4,"Cellulose",0.697,"Comparstic Spotlight F2Ba Au 240926.csv",-3457.63284171546,-4270.81775264379,-3457.63284171546,-4270.81775264379,0,249.450602455235,3.0416258869616,TRUE
246,337,127,12.1584859783867,13.1029830729722,"A337",-2362.646,1747.2,512.5,32,21,21,32,"Polyamide (naturally occurring)",0.947647703170995,"Comparstic LDIR F2Ba Au MP2 240925.xlsx",25.5447698497515,1.4999998876084,0.0234486114135251,"circle_calibrated",1684.29930693069,1782.6399049505,2340.14311013526,783.317286553803,"landmark_ransac","MP_-1",4550,3650,4375,80.9,68.9,75,80.9,"Protein",0.842,"Comparstic Spotlight F2Ba Au 240926.csv",2348.12411919089,774.144921769272,2348.12411919089,774.144921769272,1,141.399066628162,0.0859870313738346,FALSE
247,340,24,932.40426187763,933.232200180591,"A340",3510.13,4925.882,512.5,32,21,21,32,"Polyamide (naturally occurring)",0.971002271308307,"Comparstic LDIR F2Ba Au MP2 240925.xlsx",25.5447698497515,0.666666716618493,0.0368716317456659,"circle_calibrated",4862.98130693069,-4090.13609504951,5230.495312014,-4660.72874207783,"landmark_ransac","MP_-1",1950,9500,3125,80.9,49.2,50,80.9,"Cellulose",0.886,"Comparstic Spotlight F2Ba Au 240926.csv",4500.46169340347,-5240.75341678226,4500.46169340347,-5240.75341678226,0,859.17182226084,1.08523608167699,TRUE
248,341,287,9.90784637656033,10.6606522949061,"A341",1813.5,-3348.02,512.5,25,25,25,25,"Polyamide (naturally occurring)",0.963577711199882,"Comparstic LDIR F2Ba Au MP2 240925.xlsx",25.5447698497515,1,0.731359785924218,"circle_calibrated",-3410.92069306931,-2393.5060950495,-2393.62253978225,-3033.44257773038,"landmark_ransac","MP_-1",9000,7800,2500,60.4,52.7,50,60.4,"Protein",0.668,"Comparstic Spotlight F2Ba Au 240926.csv",-2388.84322899449,-3024.76366027395,-2388.84322899449,-3024.76366027395,1,209.846808558764,0.0472146631373991,FALSE
249,342,40,32.9647660832011,33.7175720015469,"A342",-1236.066,4150.354,512.5,25,25,25,25,"Polyamide (naturally occurring)",0.959838203284829,"Comparstic LDIR F2Ba Au MP2 240925.xlsx",25.5447698497515,1,0.647775655505656,"circle_calibrated",4087.45330693069,656.059904950495,4549.87007369042,-274.310527541197,"landmark_ransac","MP_-1",2300,4550,2500,60.4,52.7,50,60.4,"Protein",0.72,"Comparstic Spotlight F2Ba Au 240926.csv",4520.25782031569,-288.79466552005,4520.25782031569,-288.79466552005,1,319.411317867649,0.10320475274098,FALSE
250,343,20,37.3099491200618,38.4780120748207,"A343",-3211.104,4911.166,500,30,20,20,30,"Polyamide (naturally occurring)",0.962105408954194,"Comparstic LDIR F2Ba Au MP2 240925.xlsx",25.2313252202016,1.5,0.338496493721219,"circle_calibrated",4848.26530693069,2631.09790495049,5266.72636198071,1542.98239143565,"landmark_ransac","MP_-1",1700,2700,5000,128.1,49.7,50,128.1,"Cellulose",0.769,"Comparstic Spotlight F2Ba Au 240926.csv",5254.91108440657,1507.59268220843,5254.91108440657,1507.59268220843,1,236.283249765112,0.157903487264338,FALSE
251,344,306,16.2750568193632,16.9706546414724,"A344",-343.278000000001,-4026.178,500,25,25,25,25,"Polyamide (naturally occurring)",0.926758095077795,"Comparstic LDIR F2Ba Au MP2 240925.xlsx",25.2313252202016,1,0.706667173333846,"circle_calibrated",-4089.07869306931,-236.728095049504,-3003.56786621326,-1037.74148728717,"landmark_ransac","MP_-1",9750,5850,1875,60.4,39.6,50,60.4,"Protein",0.75,"Comparstic Spotlight F2Ba Au 240926.csv",-2990.18968251693,-1028.47317161166,-2990.18968251693,-1028.47317161166,1,308.74007544537,0.0527144291063795,FALSE
252,345,71,201.811700661289,202.419820559407,"A345",2578.29,2747.888,500,30,20,20,30,"Polyamide (naturally occurring)",0.774855761290187,"Comparstic LDIR F2Ba Au MP2 240925.xlsx",25.2313252202016,0.666666666666667,0.638601086171557,"circle_calibrated",2684.98730693069,-3158.29609504951,3227.14448719257,-3784.51188921533,"landmark_ransac","MP_-1",3150,8050,1875,60.4,39.6,30,60.4,"Protein",0.709,"Comparstic Spotlight F2Ba Au 240926.csv",3414.12200438758,-3708.56868288723,3414.12200438758,-3708.56868288723,0,238.37443642731,0.846616372485184,TRUE
253,347,356,34.1587715315392,34.8629082966414,"A347",1446.64,-5950.1,500,29,25,25,29,"Polyamide (naturally occurring)",0.933325674269062,"Comparstic LDIR F2Ba Au MP2 240925.xlsx",25.2313252202016,0.846153902935876,0.621650310333716,"circle_calibrated",-6013.00069306931,-2026.64609504951,-4792.58591638621,-2675.55105037272,"landmark_ransac","MP_-1",11400,7650,2500,60.4,52.7,50,60.4,"Protein",0.757,"Comparstic Spotlight F2Ba Au 240926.csv",-4766.01946289156,-2697.02301398251,-4766.01946289156,-2697.02301398251,1,432.164096644413,0.0790412063305788,FALSE
254,348,221,270.473071171812,271.046132949685,"A348",-3698.084,-589.16,500,35,20,20,35,"Polyamide (naturally occurring)",0.934525847136481,"Comparstic LDIR F2Ba Au MP2 240925.xlsx",25.2313252202016,1.75,0.101521132691432,"circle_calibrated",-652.060693069307,3118.07790495049,193.61397415971,2033.22298651637,"landmark_ransac","MP_-1",7050,2650,1875,60.4,39.6,50,60.4,"Protein",0.676,"Comparstic Spotlight F2Ba Au 240926.csv",-65.3577709477658,1955.1889076463,-65.3577709477658,1955.1889076463,0,503.315846865779,0.537382386936726,FALSE
255,349,147,13.439113699306,13.9031464674442,"A349",-5475.522,1467.7,500,28,21,21,28,"Polyamide (naturally occurring)",0.913288511523365,"Comparstic LDIR F2Ba Au MP2 240925.xlsx",25.2313252202016,1.3333332584056,0.0921439523948204,"circle_calibrated",1404.79930693069,4895.5159049505,2105.23938729539,3658.52843380711,"landmark_ransac","MP_-1",5000,775,1250,50,31.8,30,50,"Protein",0.728,"Comparstic Spotlight F2Ba Au 240926.csv",2114.1042977139,3668.6290842958,2114.1042977139,3668.6290842958,1,600.142163616239,0.0223932169976641,FALSE
256,350,342,18.1169496682527,18.8333112218382,"A350",-563.082,-5240.534,500,30,20,20,30,"Carbonate",0.807937621599494,"Comparstic LDIR F2Ba Au MP2 240925.xlsx",25.2313252202016,1.5,0.349783939452506,"circle_calibrated",-5303.43469306931,-16.9240950495046,-4122.77189042124,-825.865495270757,"landmark_ransac","MP_-1",10900,5750,2500,60.4,52.7,50,60.4,"Protein",0.834,"Comparstic Spotlight F2Ba Au 240926.csv",-4127.1618494758,-843.442529286235,-4127.1618494758,-843.442529286235,1,275.082408772277,0.0658600807994617,FALSE
257,352,86,20.7050199583376,21.5121936152009,"A352",3418.532,2365.376,500,35,20,20,35,"Cellulosic",0.911055897715493,"Comparstic LDIR F2Ba Au MP2 240925.xlsx",25.2313252202016,0.571428571428571,0.101521132691432,"circle_calibrated",2302.47530693069,-3998.53809504951,2867.86406312253,-4557.20819292089,"landmark_ransac","MP_-1",3650,8950,3125,80.9,49.2,50,80.9,"Protein",0.837,"Comparstic Spotlight F2Ba Au 240926.csv",2849.62688401374,-4567.01141431128,2849.62688401374,-4567.01141431128,1,111.338076323364,0.185965310719066,FALSE
258,353,219,14.5227270442691,15.4409857961692,"A353",-4811.222,-746.304,487.5,30,20,20,30,"Polyamide (naturally occurring)",0.958094951707511,"Comparstic LDIR F2Ba Au MP2 240925.xlsx",24.9139374258344,1.5,0.457997524092739,"circle_calibrated",-809.204693069307,4231.2159049505,56.8222310854413,3061.79796592402,"landmark_ransac","MP_-1",7000,1525,3750,80.9,59,75,80.9,"Protein",0.838,"Comparstic Spotlight F2Ba Au 240926.csv",68.0569213880031,3071.00075542546,68.0569213880031,3071.00075542546,1,388.934029623521,0.0373398209931045,FALSE
259,355,341,36.4629368737387,37.2307459182568,"A355",3319.134,-5366.478,487.5,25,25,25,25,"Polyamide (naturally occurring)",0.898432304832974,"Comparstic LDIR F2Ba Au MP2 240925.xlsx",24.9139374258344,1,0.706667173333846,"circle_calibrated",-5429.37869306931,-3899.14009504951,-4267.78901441367,-4408.16146451547,"landmark_ransac","MP_-1",10750,9350,2500,60.4,52.7,50,60.4,"Protein",0.753,"Comparstic Spotlight F2Ba Au 240926.csv",-4245.59616143587,-4437.09281502255,-4245.59616143587,-4437.09281502255,1,707.739512106816,0.0515202786477117,FALSE
260,356,15,16.2435737156244,16.8592889561371,"A356",-2423.044,5054.114,487.5,30,20,20,30,"Cellulosic",0.948807229322959,"Comparstic LDIR F2Ba Au MP2 240925.xlsx",24.9139374258344,1.5,0.499670220493307,"circle_calibrated",4991.21330693069,1843.0379049505,5392.82468252217,814.554930809768,"landmark_ransac","MP_-1",1525,3375,1875,60.4,39.6,50,60.4,"Protein",0.666,"Comparstic Spotlight F2Ba Au 240926.csv",5378.86550842592,822.861262467335,5378.86550842592,822.861262467335,1,383.128391722801,0.0423972069586973,FALSE
261,357,121,669.093168625035,669.79636178954,"A357",1236.066,1967.004,487.5,25,25,25,25,"Polyamide (naturally occurring)",0.949394386188322,"Comparstic LDIR F2Ba Au MP2 240925.xlsx",24.9139374258344,1,0.706667173333846,"circle_calibrated",1904.10330693069,-1816.0720950495,2516.34756427276,-2539.87105284378,"landmark_ransac","MP_-1",4375,7575,1875,60.4,39.6,30,60.4,"Protein",0.701,"Comparstic Spotlight F2Ba Au 240926.csv",2230.40044082401,-3144.78419610657,2230.40044082401,-3144.78419610657,0,83.118043174948,8.04991483277246,TRUE
262,358,260,8.65570627842354,9.25815272048097,"A358",4799.002,-2567.448,487.5,35,15,15,35,"Polyamide (naturally occurring)",0.945323858535642,"Comparstic LDIR F2Ba Au MP2 240925.xlsx",24.9139374258344,0.428571428571429,0.033031152841934,"circle_calibrated",-2630.34869306931,-5379.00809504951,-1695.29256722342,-5794.80300106002,"landmark_ransac","MP_-1",8100,10525,1875,60.4,39.6,30,60.4,"Protein",0.738,"Comparstic Spotlight F2Ba Au 240926.csv",-1695.85704458871,-5803.4402816785,-1695.85704458871,-5803.4402816785,1,549.174211742032,0.0157613123365113,FALSE
263,359,77,24.7654796993718,25.4894365953525,"A359",4944.914,2689.648,487.5,30,20,20,30,"Polyamide (naturally occurring)",0.870970369965427,"Comparstic LDIR F2Ba Au MP2 240925.xlsx",24.9139374258344,0.666666666666667,1.16555273185614,"circle_calibrated",2626.74730693069,-5524.92009504951,3155.84982671457,-5968.44007696575,"landmark_ransac","MP_-1",3250,10350,2500,60.4,52.7,50,60.4,"Protein",0.757,"Comparstic Spotlight F2Ba Au 240926.csv",3143.57449506394,-5989.94926610916,3143.57449506394,-5989.94926610916,1,133.237405271828,0.185874827334304,FALSE
264,362,184,1268.65116107076,1269.45324255069,"A362",3955.848,663.364,475,37,22,22,37,"Chitin",0.819237430467453,"Comparstic LDIR F2Ba Au MP2 240925.xlsx",24.5924537968297,0.599999974321533,0.235114792245384,"circle_calibrated",600.463306930693,-4535.85409504951,1292.9492687311,-5040.52883366703,"landmark_ransac","MP_-1",6125,8700,3125,80.9,49.2,50,80.9,"Protein",0.762,"Comparstic Spotlight F2Ba Au 240926.csv",405.251567925446,-4134.17980571447,405.251567925446,-4134.17980571447,0,186.278524071873,6.8105068332046,TRUE
265,363,122,8.52618746414329,9.38497995039481,"A363",5214.56,1421.966,475,32,23,23,32,"Polyamide (naturally occurring)",0.92947733911121,"Comparstic LDIR F2Ba Au MP2 240925.xlsx",24.5924537968297,0.730769195868936,0.0164555759225544,"circle_calibrated",1359.06530693069,-5794.56609504951,1983.79916718034,-6207.92415755539,"landmark_ransac","MP_-1",4400,10650,3125,80.9,49.2,75,80.9,"Protein",0.836,"Comparstic Spotlight F2Ba Au 240926.csv",1976.8573308883,-6202.97372509263,1976.8573308883,-6202.97372509263,1,261.33378430916,0.0326256610360669,FALSE
266,364,266,228.815442494413,229.919152015098,"A364",-975.754,-2434.484,475,25,25,25,25,"Polyamide (naturally occurring)",0.944604281949416,"Comparstic LDIR F2Ba Au MP2 240925.xlsx",24.5924537968297,1,0.706667173333846,"circle_calibrated",-2497.38469306931,395.747904950495,-1529.76972698308,-465.771928629119,"landmark_ransac","MP_-1",8350,4950,3750,104.1,45.9,50,104.1,"Cellulose",0.835,"Comparstic Spotlight F2Ba Au 240926.csv",-1530.07058419808,-236.95668392534,-1530.07058419808,-236.95668392534,1,22.6344093721591,10.10918547651,TRUE
267,365,300,550.27766174785,551.417040022861,"A365",1808.04,-4479.852,475,25,25,25,25,"Polyamide (naturally occurring)",0.942012450840136,"Comparstic LDIR F2Ba Au MP2 240925.xlsx",24.5924537968297,0.999999903664348,0.373338809803895,"circle_calibrated",-4542.75269306931,-2388.04609504951,-3438.24668951119,-3020.01462483924,"landmark_ransac","MP_18",9500,7925,5000,95.7,66.5,75,95.7,"PET",0.816,"Comparstic Spotlight F2Ba Au 240926.csv",-2895.70741726085,-3111.97463291202,-2895.70741726085,-3111.97463291202,0,345.885486347391,1.59092440552761,TRUE
268,369,22,16.0515618292347,17.1700225262594,"A369",714.636,4537,475,35,21,21,35,"Polyamide (naturally occurring)",0.952958685347843,"Comparstic LDIR F2Ba Au MP2 240925.xlsx",24.5924537968297,1.66666662846087,0.0356290388827292,"circle_calibrated",4474.09930693069,-1294.64209504951,4892.28133767738,-2077.64593146751,"landmark_ransac","MP_-1",1800,6325,6250,104.1,76.5,100,104.1,"Protein",0.884,"Comparstic Spotlight F2Ba Au 240926.csv",4885.8332718024,-2092.34542409922,4885.8332718024,-2092.34542409922,1,325.132760714074,0.0493692539440856,FALSE
269,371,255,1471.18190100234,1471.9655031669,"A371",282.880000000001,-2835.456,462.5,25,25,25,25,"Polyamide (naturally occurring)",0.950216719543896,"Comparstic LDIR F2Ba Au MP2 240925.xlsx",24.2667115497756,1,1.24255029733576,"circle_calibrated",-2898.35669306931,-862.886095049505,-1909.18933236292,-1624.5012011613,"landmark_ransac","MP_-1",8000,7700,2500,60.4,52.7,50,60.4,"Protein",0.781,"Comparstic Spotlight F2Ba Au 240926.csv",-1386.26922641807,-2999.61237798865,-1386.26922641807,-2999.61237798865,0,710.397195369108,2.07092864469706,TRUE
270,372,263,179.903457755595,180.155548143426,"A372",-1693.614,-2162.654,462.5,45,15,15,45,"Cellulosic",0.95481110035359,"Comparstic LDIR F2Ba Au MP2 240925.xlsx",24.2667115497756,0.333333333333333,0.221853560314608,"circle_calibrated",-2225.55469306931,1113.6079049505,-1273.5542140544,194.787861508121,"landmark_ransac","MP_-1",8225,4650,625,31.8,25,25,31.8,"Protein",0.688,"Comparstic Spotlight F2Ba Au 240926.csv",-1383.36961712647,52.2893304260892,-1383.36961712647,52.2893304260892,0,75.7456517310323,2.37509947626327,TRUE
271,373,203,41.7824098923002,42.8595670353894,"A373",5791.994,-963.794,462.5,30,20,20,30,"Polyamide (naturally occurring)",0.963653571980297,"Comparstic LDIR F2Ba Au MP2 240925.xlsx",24.2667115497756,0.666666666666667,1.15064932635357,"circle_calibrated",-1026.69469306931,-6372.0000950495,-222.502502399058,-6723.20560877864,"landmark_ransac","MP_-1",6550,11375,3750,115.1,41.5,72.5,115.1,"Protein",0.858,"Comparstic Spotlight F2Ba Au 240926.csv",-216.601646102382,-6764.56923617487,-216.601646102382,-6764.56923617487,1,141.786758997477,0.294684850600497,FALSE
272,375,181,16.6037089885949,17.5057407424383,"A375",-2862.288,263.484,462.5,30,20,20,30,"Polyamide (naturally occurring)",0.943460137458787,"Comparstic LDIR F2Ba Au MP2 240925.xlsx",24.2667115497756,0.666666666666667,0.0300112936396744,"circle_calibrated",200.583306930693,2282.2819049505,974.397679231208,1255.47605032613,"landmark_ransac","MP_-1",5975,3275,2500,95.7,33.3,55,95.7,"Protein",0.743,"Comparstic Spotlight F2Ba Au 240926.csv",957.938755668683,1253.28813183109,957.938755668683,1253.28813183109,1,137.652392299884,0.120620562499363,FALSE
273,376,177,13.6190940463792,14.6263252720964,"A376",-631.02,326.273999999999,462.5,25,25,25,25,"Polyamide (naturally occurring)",0.934598424284252,"Comparstic LDIR F2Ba Au MP2 240925.xlsx",24.2667115497756,1,0.706667173333846,"circle_calibrated",263.373306930693,51.0139049504945,1015.81514009625,-804.417502023613,"landmark_ransac","MP_-1",5750,5325,3750,80.9,59,50,80.9,"Cellulose",0.737,"Comparstic Spotlight F2Ba Au 240926.csv",1029.401639419,-803.475823311413,1029.401639419,-803.475823311413,1,485.292093577618,0.0280637047803067,FALSE
274,377,348,51.8647852939717,52.9640112244582,"A377",-240.942,-5534.152,462.5,30,20,20,30,"Polyamide (naturally occurring)",0.95742539755515,"Comparstic LDIR F2Ba Au MP2 240925.xlsx",24.2667115497756,1.5,0.0448263794248147,"circle_calibrated",-5597.05269306931,-339.064095049505,-4396.16457679705,-1121.01995192979,"landmark_ransac","MP_-1",11200,6050,5000,104.1,61.2,50,104.1,"Cellulose",0.894,"Comparstic Spotlight F2Ba Au 240926.csv",-4448.01192337004,-1119.67510735533,-4448.01192337004,-1119.67510735533,0,386.53808721484,0.134177683931946,FALSE
275,378,108,4.46084752694812,5.41029205076931,"A378",5384.678,1650.428,462.5,25,20,20,25,"Polyamide (naturally occurring)",0.960430109195392,"Comparstic LDIR F2Ba Au MP2 240925.xlsx",24.2667115497756,0.8,0.706667173333846,"circle_calibrated",1587.52730693069,-5964.68409504951,2193.40548761736,-6366.63384023569,"landmark_ransac","MP_-1",4175,10800,3125,80.9,49.2,75,80.9,"Protein",0.901,"Comparstic Spotlight F2Ba Au 240926.csv",2189.60895141827,-6368.97594901789,2189.60895141827,-6368.97594901789,1,271.436433574035,0.0164342253846016,FALSE
276,379,62,8.57923535611954,9.52867987994073,"A379",3613.428,3179.436,462.5,25,20,20,25,"Polyamide (naturally occurring)",0.94883653693476,"Comparstic LDIR F2Ba Au MP2 240925.xlsx",24.2667115497756,1.25,0.706667173333846,"circle_calibrated",3116.53530693069,-4193.43409504951,3617.78525423603,-4743.12770916769,"landmark_ransac","MP_-1",2875,9075,3125,80.9,49.2,55,80.9,"Protein",0.779,"Comparstic Spotlight F2Ba Au 240926.csv",3611.56333116948,-4749.03456557779,3611.56333116948,-4749.03456557779,1,720.98237674744,0.0118993690176214,FALSE
277,380,340,8.2015726988907,8.62363536591835,"A380",1299.35,-5214.352,450,36,19,19,36,"Polyamide (naturally occurring)",0.948097929427761,"Comparstic LDIR F2Ba Au MP2 240925.xlsx",23.936536824086,1.91666661954505,0.0708706773333889,"circle_calibrated",-5277.25269306931,-1879.35609504951,-4112.40949719741,-2545.05742165521,"landmark_ransac","MP_-1",10750,7450,1250,50,31.8,25,50,"Protein",0.66,"Comparstic Spotlight F2Ba Au 240926.csv",-4104.30742465622,-2546.33108380531,-4104.30742465622,-2546.33108380531,1,114.881985966239,0.071391285847904,FALSE
278,381,33,536.168455165058,536.955839872953,"A381",3068.468,4213.768,450,25,20,20,25,"Polyamide (naturally occurring)",0.953584272303069,"Comparstic LDIR F2Ba Au MP2 240925.xlsx",23.936536824086,0.8,0.0416398519353394,"circle_calibrated",4150.86730693069,-3648.4740950495,4576.49768869891,-4247.80332784727,"landmark_ransac","MP_-1",2150,9000,2500,60.4,52.7,50,60.4,"Protein",0.674,"Comparstic Spotlight F2Ba Au 240926.csv",4338.61538926999,-4728.31204153776,4338.61538926999,-4728.31204153776,0,694.471323679322,0.772052692290342,TRUE
279,383,105,10.5918209577738,11.3509376103616,"A383",4055.61,1815.866,450,28,21,21,28,"Cellulosic",0.641622151549329,"Comparstic LDIR F2Ba Au MP2 240925.xlsx",23.936536824086,1.3333332584056,0.521706612082046,"circle_calibrated",1752.96530693069,-4635.61609504951,2355.95262124519,-5141.14936629331,"landmark_ransac","MP_-1",4100,9550,2500,60.4,52.7,50,60.4,"Protein",0.724,"Comparstic Spotlight F2Ba Au 240926.csv",2357.19739921608,-5130.63094440575,2357.19739921608,-5130.63094440575,1,195.593030721974,0.0541523433563927,FALSE
280,387,333,623.544576824577,624.184304877392,"A387",-4557.8,-4268.212,450,30,20,20,30,"Polyamide (naturally occurring)",0.944523414565781,"Comparstic LDIR F2Ba Au MP2 240925.xlsx",23.936536824086,1.5,0.0477327547320296,"circle_calibrated",-4331.11269306931,3977.7939049505,-3195.7262799669,2853.99535791149,"landmark_ransac","MP_-1",10600,2500,1875,60.4,39.6,50,60.4,"Protein",0.735,"Comparstic Spotlight F2Ba Au 240926.csv",-3586.9424211079,2368.44642093594,-3586.9424211079,2368.44642093594,0,267.719956492776,2.32909262721101,TRUE
281,388,87,7.54095540942391,8.34122852933413,"A388",-2724.8,2749.292,437.5,25,25,25,25,"Polyethylene terephthalate",0.859266622324985,"Comparstic LDIR F2Ba Au MP2 240925.xlsx",23.6017435970657,1,0.0442406336353962,"circle_calibrated",2686.39130693069,2144.7939049505,3267.74364238604,1110.15330908934,"landmark_ransac","MP_-1",3650,3250,2500,60.4,52.7,50,60.4,"Protein",0.796,"Comparstic Spotlight F2Ba Au 240926.csv",3273.49309435267,1105.27377934044,3273.49309435267,1105.27377934044,1,104.931598692282,0.0718654390422299,FALSE
282,389,351,427.385090962109,429.240870693449,"A389",-2387.736,-5704.27,437.5,30,20,20,30,"Polyamide (naturally occurring)",0.92278659197401,"Comparstic LDIR F2Ba Au MP2 240925.xlsx",23.6017435970657,1.5,0.0350660643012981,"circle_calibrated",-5767.17069306931,1807.72990495049,-4537.27030408422,861.700766438437,"landmark_ransac","MP_-1",11400,3650,18750,282.9,84.4,132.5,282.9,"Cellulose",0.843,"Comparstic Spotlight F2Ba Au 240926.csv",-4468.56949072389,1283.52799910641,-4468.56949072389,1283.52799910641,0,113.664932524322,3.76004350216509,TRUE
283,391,329,120.744684869573,121.501105840946,"A391",-687.934,-4782.908,437.5,30,20,20,30,"Polyamide (naturally occurring)",0.935089582994456,"Comparstic LDIR F2Ba Au MP2 240925.xlsx",23.6017435970657,1.5,0.0350660643012981,"circle_calibrated",-4845.80869306931,107.927904950495,-3699.46436378031,-714.020545607151,"landmark_ransac","MP_-1",10400,5500,2500,60.4,52.7,50,60.4,"Protein",0.794,"Comparstic Spotlight F2Ba Au 240926.csv",-3611.0023495792,-631.839337489136,-3611.0023495792,-631.839337489136,0,179.711028913814,0.671882441491558,FALSE
284,393,29,18.6505211540166,19.5209675438119,"A393",4212.39,4098.38,437.5,32,19,19,32,"Polycarbonate",0.808576132423567,"Comparstic LDIR F2Ba Au MP2 240925.xlsx",23.6017435970657,1.64285699373759,0.0718388555616298,"circle_calibrated",4035.47930693069,-4792.3960950495,4461.51817313727,-5302.77165365269,"landmark_ransac","MP_-1",2000,9575,3125,80.9,49.2,55,80.9,"Protein",0.796,"Comparstic Spotlight F2Ba Au 240926.csv",4445.12761876172,-5311.67062362558,4445.12761876172,-5311.67062362558,1,73.2315469947221,0.254678781473246,FALSE
285,395,240,328.673070073595,329.473343193505,"A395",-1607.372,-1943.5,437.5,25,25,25,25,"Cellulosic",0.913587908974417,"Comparstic LDIR F2Ba Au MP2 240925.xlsx",23.6017435970657,1,0.67849629636715,"circle_calibrated",-2006.40069306931,1027.36590495049,-1071.91740541511,113.563502651278,"landmark_ransac","MP_-1",7600,4650,2500,60.4,52.7,50,60.4,"Protein",0.703,"Comparstic Spotlight F2Ba Au 240926.csv",-761.408521331328,5.81277227489062,-761.408521331328,5.81277227489062,0,146.751356980131,2.23965949506071,TRUE
286,397,12,30.675333526029,31.4455382011481,"A397",-1539.486,5093.608,437.5,27,25,25,27,"Polyamide (naturally occurring)",0.941757882834036,"Comparstic LDIR F2Ba Au MP2 240925.xlsx",23.6017435970657,0.916666740711136,0.0457892533426862,"circle_calibrated",5030.70730693069,959.479904950495,5422.72867958662,-1.24906857681674,"landmark_ransac","MP_-1",1450,4200,2500,60.4,52.7,50,60.4,"Protein",0.782,"Comparstic Spotlight F2Ba Au 240926.csv",5392.15178316175,-3.70457096039922,5392.15178316175,-3.70457096039922,1,173.003890378061,0.177310079322465,FALSE
287,398,354,12.0222137754675,12.8698417617577,"A398",-2294.032,-5625.542,437.5,30,20,20,30,"Polyamide (naturally occurring)",0.89218120974012,"Comparstic LDIR F2Ba Au MP2 240925.xlsx",23.6017435970657,1.5,0.050814421269437,"circle_calibrated",-5688.44269306931,1714.02590495049,-4465.2999724337,774.629841433134,"landmark_ransac","MP_-1",11350,4150,2500,80.9,39.3,55,80.9,"Protein",0.724,"Comparstic Spotlight F2Ba Au 240926.csv",-4455.99384958123,782.240997818197,-4455.99384958123,782.240997818197,1,483.998003504661,0.0248393871222894,FALSE
288,400,223,1259.29379733199,1259.84588438457,"A400",3678.168,-1867.632,425,25,20,20,25,"Polyethylene terephthalate",0.9338797427024,"Comparstic LDIR F2Ba Au MP2 240925.xlsx",23.2621324584064,0.8,0.706667173333847,"circle_calibrated",-1930.53269306931,-4258.17409504951,-1041.06554886092,-4765.47599185982,"landmark_ransac","MP_-1",7100,8250,1250,50,31.8,25,50,"Protein",0.72,"Comparstic Spotlight F2Ba Au 240926.csv",-531.544619646116,-3613.8643860261,-531.544619646116,-3613.8643860261,1,47.1228847006428,26.7236143400791,TRUE
289,401,38,758.217272124151,759.021804356198,"A401",5104.346,3139.5,425,25,20,20,25,"Polyamide (naturally occurring)",0.946861381794015,"Comparstic LDIR F2Ba Au MP2 240925.xlsx",23.2621324584064,1.25,0.706667173333847,"circle_calibrated",3076.59930693069,-5684.35209504951,3569.87512303816,-6118.92754399765,"landmark_ransac","MP_-1",2200,10000,2500,60.4,52.7,50,60.4,"Protein",0.788,"Comparstic Spotlight F2Ba Au 240926.csv",4214.49600856446,-5719.7316701579,4214.49600856446,-5719.7316701579,0,445.384801692075,1.70238694549878,TRUE
290,402,179,260.986483605768,261.484757839109,"A402",113.021999999999,-58.2400000000002,425,30,15,15,30,"Polyamide (naturally occurring)",0.805130344899859,"Comparstic LDIR F2Ba Au MP2 240925.xlsx",23.2621324584064,0.5,0.358299121017398,"circle_calibrated",-121.140693069307,-693.028095049504,655.399874887883,-1488.30775524377,"landmark_ransac","MP_-1",5850,5900,1250,50,31.8,25,50,"Protein",0.709,"Comparstic Spotlight F2Ba Au 240926.csv",887.129430592678,-1368.24378213875,887.129430592678,-1368.24378213875,0,427.208659824941,0.610911032825771,FALSE
291,403,151,9.84507935877746,10.6213435355172,"A403",-3201.822,1227.2,425,28,21,21,28,"Polyamide (naturally occurring)",0.941939942156032,"Comparstic LDIR F2Ba Au MP2 240925.xlsx",23.2621324584064,1.3333332584056,0.416920149252843,"circle_calibrated",1164.29930693069,2621.8159049505,1866.41007112483,1561.71855863599,"landmark_ransac","MP_-1",5100,2900,2500,60.4,52.7,50,60.4,"Protein",0.684,"Comparstic Spotlight F2Ba Au 240926.csv",1856.5702246726,1561.3976078965,1856.5702246726,1561.3976078965,1,200.87440107292,0.0490111199146952,FALSE
292,404,215,16.8037530579348,17.5800172346746,"A404",5199.116,-1221.61,425,28,21,21,28,"Polyamide",0.913720199643274,"Comparstic LDIR F2Ba Au MP2 240925.xlsx",23.2621324584064,0.750000042146853,0.464548198242098,"circle_calibrated",-1284.51069306931,-5779.12209504951,-456.06890112452,-6174.07698791571,"landmark_ransac","MP_-1",6850,10800,2500,60.4,52.7,50,60.4,"Protein",0.675,"Comparstic Spotlight F2Ba Au 240926.csv",-472.384538584949,-6170.05628013077,-472.384538584949,-6170.05628013077,1,291.009178527295,0.0577430345770303,FALSE
293,406,268,22.9855879027572,23.7901201348045,"A406",-6110.832,-2160.548,425,25,20,20,25,"Polyamide (naturally occurring)",0.977740264628638,"Comparstic LDIR F2Ba Au MP2 240925.xlsx",23.2621324584064,0.8,0.203844266569695,"circle_calibrated",-2223.44869306931,5530.82590495049,-1238.87266841155,4271.80077454451,"landmark_ransac","MP_-1",8400,400,2500,60.4,52.7,50,60.4,"Protein",0.664,"Comparstic Spotlight F2Ba Au 240926.csv",-1241.47812852096,4294.6382181154,-1241.47812852096,4294.6382181154,1,570.154265555689,0.0403146819928722,FALSE
294,408,321,677.335115159586,678.240026477277,"A408",-4089.54,-3668.782,425,30,20,20,30,"Carbonate",0.728779598998151,"Comparstic LDIR F2Ba Au MP2 240925.xlsx",23.2621324584064,1.5,0.451389544083411,"circle_calibrated",-3731.68269306931,3509.5339049505,-2645.93149207093,2417.35551859638,"landmark_ransac","MP_-1",10275,2675,3125,80.9,49.2,50,80.9,"Protein",0.696,"Comparstic Spotlight F2Ba Au 240926.csv",-3276.53608757676,2170.12950387468,-3276.53608757676,2170.12950387468,0,357.16316152688,1.89643050605769,TRUE
295,410,173,737.455305111783,738.469671168247,"A410",1099.8,88.7119999999997,425,25,20,20,25,"Polyamide (naturally occurring)",0.946485552328187,"Comparstic LDIR F2Ba Au MP2 240925.xlsx",23.2621324584064,1.25,0.262113174693671,"circle_calibrated",25.8113069306928,-1679.80609504951,783.721052525825,-2400.17873974022,"landmark_ransac","MP_-1",5675,7650,3750,80.9,59,55,80.9,"Protein",0.775,"Comparstic Spotlight F2Ba Au 240926.csv",931.144174591963,-3122.74828664749,931.144174591963,-3122.74828664749,0,274.416741900459,2.68735537053816,TRUE
296,411,217,7.48886147114009,8.37314258744455,"A411",-2689.622,-868.192,425,32,18,18,32,"Polyamide",0.699331060076559,"Comparstic LDIR F2Ba Au MP2 240925.xlsx",23.2621324584064,0.555555622157991,0.026590797816598,"circle_calibrated",-931.092693069307,2109.6159049505,-71.4026465142598,1104.49511746716,"landmark_ransac","MP_-1",7000,3500,3125,80.9,49.2,50,80.9,"Protein",0.786,"Comparstic Spotlight F2Ba Au 240926.csv",-78.8090023697843,1105.60369271281,-78.8090023697843,1105.60369271281,1,185.865196964358,0.0402918975335451,FALSE
297,412,53,220.418126682763,220.607732126231,"A412",-3140.254,3687.138,425,25,20,20,25,"Polyamide (naturally occurring)",0.954396830772095,"Comparstic LDIR F2Ba Au MP2 240925.xlsx",23.2621324584064,0.8,0.323988578411758,"circle_calibrated",3624.23730693069,2560.2479049505,4136.44107025034,1486.66061543028,"landmark_ransac","MP_-1",2650,2950,625,31.8,25,25,31.8,"Protein",0.664,"Comparstic Spotlight F2Ba Au 240926.csv",4290.93959553747,1329.45261228019,4290.93959553747,1329.45261228019,0,95.2468161106625,2.31417842279022,TRUE
298,413,191,620.896820106818,621.086425550285,"A413",5238.298,-523.666,425,25,20,20,25,"Polyamide (naturally occurring)",0.955179047592051,"Comparstic LDIR F2Ba Au MP2 240925.xlsx",23.2621324584064,0.8,0.28231588201119,"circle_calibrated",-586.566693069307,-5818.3040950495,187.832953914126,-6215.41414613249,"landmark_ransac","MP_-1",6225,10175,625,31.8,25,25,31.8,"Protein",0.669,"Comparstic Spotlight F2Ba Au 240926.csv",196.053115361394,-5594.57174248682,196.053115361394,-5594.57174248682,0,595.17728560531,1.04321323263429,TRUE
299,414,201,1154.35529064739,1155.24579471991,"A414",4287.842,-1600.404,425,25,20,20,25,"Polyamide (naturally occurring)",0.952325484941445,"Comparstic LDIR F2Ba Au MP2 240925.xlsx",23.2621324584064,0.8,0.302935169213925,"circle_calibrated",-1663.30469306931,-4867.84809504951,-798.936491603305,-5330.17683456828,"landmark_ransac","MP_-1",6525,9075,2500,75,42.4,50,75,"Protein",0.858,"Comparstic Spotlight F2Ba Au 240926.csv",-20.6894682741658,-4477.61146597479,-20.6894682741658,-4477.61146597479,0,75.3034899542449,15.3293730655616,TRUE
300,416,91,298.468647127698,299.19660990018,"A416",2579.564,2641.028,425,25,20,20,25,"Polyamide (naturally occurring)",0.967439617606373,"Comparstic LDIR F2Ba Au MP2 240925.xlsx",23.2621324584064,1.25,0.341207399839382,"circle_calibrated",2578.12730693069,-3159.5700950495,3128.50480590941,-3784.89579140276,"landmark_ransac","MP_-1",3725,8100,1875,60.4,39.6,30,60.4,"Protein",0.782,"Comparstic Spotlight F2Ba Au 240926.csv",2838.19967160395,-3715.56713705174,2838.19967160395,-3715.56713705174,0,295.640003316292,1.00956786557866,TRUE
301,419,76,13.0704150333723,13.8073336947989,"A419",-2435.186,3176.732,412.5,25,20,20,25,"Polyamide (naturally occurring)",0.897875915099276,"Comparstic LDIR F2Ba Au MP2 240925.xlsx",22.9174892211877,0.8,0.418985100882066,"circle_calibrated",3113.83130693069,1855.17990495049,3660.11815592466,839.675837309545,"landmark_ransac","MP_-1",3250,3475,1875,60.4,39.6,50,60.4,"Protein",0.698,"Comparstic Spotlight F2Ba Au 240926.csv",3654.81663472713,851.62278763742,3654.81663472713,851.62278763742,1,56.9308142273469,0.229584192862182,FALSE
302,422,274,52.2024043605132,52.7672330163234,"A422",-1782.352,-2714.322,412.5,25,21,21,25,"Polyamide (naturally occurring)",0.948704288282523,"Comparstic LDIR F2Ba Au MP2 240925.xlsx",22.9174892211877,0.857142884667332,0.706667173333846,"circle_calibrated",-2777.22269306931,1202.34590495049,-1782.07815128471,280.780384264959,"landmark_ransac","MP_-1",8650,4400,1250,50,31.8,25,50,"Protein",0.698,"Comparstic Spotlight F2Ba Au 240926.csv",-1787.71253900669,332.677828286962,-1787.71253900669,332.677828286962,0,352.864022569258,0.147939152255929,FALSE
303,423,208,550.036995323737,550.716275400846,"A423",5282.056,-1641.276,412.5,29,20,20,29,"Polyethylene",0.867829382616979,"Comparstic LDIR F2Ba Au MP2 240925.xlsx",22.9174892211877,0.692307667071236,0.00728400762688519,"circle_calibrated",-1704.17669306931,-5862.06209504951,-844.029268818592,-6247.51910238863,"landmark_ransac","MP_-1",6700,11100,1875,60.4,39.6,30,60.4,"Protein",0.714,"Comparstic Spotlight F2Ba Au 240926.csv",-345.422623506689,-6479.75198006872,-345.422623506689,-6479.75198006872,0,138.518236150666,3.97086340837795,TRUE
304,425,343,4.8225574840264,5.63604560501856,"A425",-1136.122,-5261.62,412.5,25,20,20,25,"Polyamide (naturally occurring)",0.952625705948835,"Comparstic LDIR F2Ba Au MP2 240925.xlsx",22.9174892211877,0.8,0.706667173333846,"circle_calibrated",-5324.52069306931,556.115904950495,-4137.98693980613,-296.801561395681,"landmark_ransac","MP_-1",10950,5200,2500,60.4,52.7,50,60.4,"Protein",0.782,"Comparstic Spotlight F2Ba Au 240926.csv",-4136.01936596635,-292.398640334412,-4136.01936596635,-292.398640334412,1,271.92226299483,0.0177350593912867,FALSE
305,426,145,389.87266720107,390.686155322062,"A426",-2714.166,1535.352,412.5,25,20,20,25,"Polyurethane",0.679958098054692,"Comparstic LDIR F2Ba Au MP2 240925.xlsx",22.9174892211877,1.25,0.706667173333846,"circle_calibrated",1472.45130693069,2134.1599049505,2147.21571362851,1109.33526668855,"landmark_ransac","MP_-1",5000,3650,2500,60.4,52.7,50,60.4,"Protein",0.717,"Comparstic Spotlight F2Ba Au 240926.csv",1900.31213021839,807.608043638135,1900.31213021839,807.608043638135,0,282.022606515074,1.38241636732136,TRUE
306,427,102,424.572419196548,426.758348357047,"A427",-4498.078,2734.576,412.5,25,20,20,25,"Polyamide (naturally occurring)",0.951332291907509,"Comparstic LDIR F2Ba Au MP2 240925.xlsx",22.9174892211877,0.8,0.706667173333846,"circle_calibrated",2671.67530693069,3918.0719049505,3267.30344651181,2746.97239996883,"landmark_ransac","MP_-1",4200,1550,28125,417.9,85.7,150,417.9,"Cellulose",0.893,"Comparstic Spotlight F2Ba Au 240926.csv",2852.5835682242,2837.90733107629,2852.5835682242,2837.90733107629,0,470.342557607487,0.902687652497872,TRUE
307,428,317,6.87074567120715,7.67964935197161,"A428",-861.51,-4415.138,412.5,25,21,21,25,"Polyamide (naturally occurring)",0.954751288364949,"Comparstic LDIR F2Ba Au MP2 240925.xlsx",22.9174892211877,0.857142802093913,0.710296012486989,"circle_calibrated",-4478.03869306931,281.503904950495,-3358.73151678498,-556.53808838455,"landmark_ransac","MP_-1",10150,5400,2500,60.4,52.7,50,60.4,"Protein",0.737,"Comparstic Spotlight F2Ba Au 240926.csv",-3354.78166195695,-550.916185422392,-3354.78166195695,-550.916185422392,1,263.269540956414,0.0260977614282567,FALSE
308,429,210,12.8313973118183,13.8151649409929,"A429",-2074.462,-736.216,412.5,25,20,20,25,"Polyamide (naturally occurring)",0.916359984558259,"Comparstic LDIR F2Ba Au MP2 240925.xlsx",22.9174892211877,1.25,0.710296012486989,"circle_calibrated",-799.116693069307,1494.4559049505,45.850106062189,535.733181571237,"landmark_ransac","MP_-1",6825,4050,3125,80.9,49.2,55,80.9,"Protein",0.793,"Comparstic Spotlight F2Ba Au 240926.csv",54.4407332798013,545.264492130743,54.4407332798013,545.264492130743,1,163.686684084862,0.0783899886759637,FALSE
309,430,84,890.56324571053,891.385965329122,"A430",1120.444,2529.202,400,25,20,20,25,"Polyamide (naturally occurring)",0.956601468814161,"Comparstic LDIR F2Ba Au MP2 240925.xlsx",22.5675833419103,0.8,0.679524353820235,"circle_calibrated",2466.30130693069,-1700.45009504951,3036.10513191713,-2437.32028426698,"landmark_ransac","MP_-1",3600,7700,2500,60.4,52.7,50,60.4,"Protein",0.791,"Comparstic Spotlight F2Ba Au 240926.csv",2992.33688797974,-3326.80734737308,2992.33688797974,-3326.80734737308,0,523.290416166916,1.70185277275642,TRUE
310,432,51,22.9741981425178,23.7203483015444,"A432",-1014.156,3802.318,400,25,20,20,25,"Polyamide (naturally occurring)",0.938731611716842,"Comparstic LDIR F2Ba Au MP2 240925.xlsx",22.5675833419103,1.25,0.322255474423514,"circle_calibrated",3739.41730693069,434.149904950495,4226.99320188422,-476.550826255133,"landmark_ransac","MP_-1",2600,4750,1875,60.4,39.6,50,60.4,"Protein",0.696,"Comparstic Spotlight F2Ba Au 240926.csv",4206.84399572563,-465.513468261921,4206.84399572563,-465.513468261921,1,80.373058805202,0.285844516608479,FALSE
311,434,258,158.082671769612,158.905391388204,"A434",-1830.4,-1986.4,400,25,20,20,25,"Polyamide (naturally occurring)",0.88472437131034,"Comparstic LDIR F2Ba Au MP2 240925.xlsx",22.5675833419103,1.25,0.263363956595322,"circle_calibrated",-2049.30069306931,1250.3939049505,-1109.8605387032,319.733079529317,"landmark_ransac","MP_-1",8050,4500,2500,60.4,52.7,50,60.4,"Protein",0.736,"Comparstic Spotlight F2Ba Au 240926.csv",-1198.06613634754,188.546557134588,-1198.06613634754,188.546557134588,0,72.5511480191029,2.17891344362998,TRUE
312,435,182,488.973831551998,490.328898193125,"A435",2565.316,280.618,400,25,20,20,25,"Polyamide (naturally occurring)",0.945862620207692,"Comparstic LDIR F2Ba Au MP2 240925.xlsx",22.5675833419103,1.25,0.0359741143996619,"circle_calibrated",217.717306930693,-3145.3220950495,949.986008563003,-3754.25116699243,"landmark_ransac","MP_-1",6000,8575,5625,136.8,52.4,95,136.8,"Protein",0.79,"Comparstic Spotlight F2Ba Au 240926.csv",538.939098714714,-4019.08289818568,538.939098714714,-4019.08289818568,0,121.146046371243,4.03623433201916,TRUE
313,436,355,337.153431493309,337.976151111902,"A436",2145.13,-5722.106,400,25,20,20,25,"Polyamide (naturally occurring)",0.935725697897491,"Comparstic LDIR F2Ba Au MP2 240925.xlsx",22.5675833419103,1.25,0.0530685477589616,"circle_calibrated",-5785.00669306931,-2725.13609504951,-4587.32752567683,-3321.9370018411,"landmark_ransac","MP_-1",11350,8550,2500,60.4,52.7,50,60.4,"Protein",0.694,"Comparstic Spotlight F2Ba Au 240926.csv",-4783.18881896567,-3596.36511657962,-4783.18881896567,-3596.36511657962,0,196.066796944514,1.71958453316663,TRUE
314,437,99,11.2707333185282,11.938983642014,"A437",-2619.942,2398.916,400,32,18,18,32,"Polyamide (naturally occurring)",0.953633872989243,"Comparstic LDIR F2Ba Au MP2 240925.xlsx",22.5675833419103,1.80000005394797,0.0326575504988342,"circle_calibrated",2336.01530693069,2039.9359049505,2943.5745026794,1015.96766124329,"landmark_ransac","MP_-1",3975,3375,1875,60.4,39.6,30,60.4,"Protein",0.738,"Comparstic Spotlight F2Ba Au 240926.csv",2940.77801290895,1005.04937042003,2940.77801290895,1005.04937042003,1,152.722436259089,0.0737988051697113,FALSE
315,438,16,18.5450233895344,19.3685446714003,"A438",18.5639999999997,4868.37,400,25,24,24,25,"Polyamide (naturally occurring)",0.959716419716355,"Comparstic LDIR F2Ba Au MP2 240925.xlsx",22.5675833419103,1.06666680740323,0.088159867570232,"circle_calibrated",4805.46930693069,-598.570095049505,5203.28993266138,-1437.63742549737,"landmark_ransac","MP_-1",1550,5650,2500,60.4,52.7,50,60.4,"Protein",0.739,"Comparstic Spotlight F2Ba Au 240926.csv",5184.81239292375,-1439.21806390094,5184.81239292375,-1439.21806390094,1,202.644407267098,0.0915151009575652,FALSE
316,439,135,251.295956145106,251.866230584231,"A439",-3066.362,1660.828,400,25,20,20,25,"Polyamide (naturally occurring)",0.932969454999438,"Comparstic LDIR F2Ba Au MP2 240925.xlsx",22.5675833419103,1.25,0.343761679644478,"circle_calibrated",1597.92730693069,2486.35590495049,2265.63851529485,1433.477144386,"landmark_ransac","MP_-1",4800,2775,1250,50,31.8,50,50,"Protein",0.722,"Comparstic Spotlight F2Ba Au 240926.csv",2164.40686228451,1663.48107914295,2164.40686228451,1663.48107914295,0,326.379035542715,0.76995127988917,TRUE
317,440,187,1127.32145542012,1128.14417503871,"A440",4682.262,-1128.166,400,25,20,20,25,"Polyamide (naturally occurring)",0.936523419568051,"Comparstic LDIR F2Ba Au MP2 240925.xlsx",22.5675833419103,1.25,0.143219644753259,"circle_calibrated",-1191.06669306931,-5262.26809504951,-365.990828455773,-5697.72074871165,"landmark_ransac","MP_-1",6200,9350,2500,60.4,52.7,50,60.4,"Protein",0.671,"Comparstic Spotlight F2Ba Au 240926.csv",282.280615952782,-4775.44215836328,282.280615952782,-4775.44215836328,0,484.16988319807,2.32835931052518,TRUE
318,441,154,193.120421981082,193.910210017485,"A441",4202.172,876.252,400,38,16,16,38,"Chitin",0.787670314452342,"Comparstic LDIR F2Ba Au MP2 240925.xlsx",22.5675833419103,0.411764746465899,0.0244129056892348,"circle_calibrated",813.351306930693,-4782.17809504951,1487.61621912673,-5269.46013048825,"landmark_ransac","MP_-1",5150,9725,2500,80.9,39.3,50,80.9,"Protein",0.781,"Comparstic Spotlight F2Ba Au 240926.csv",1299.2893219979,-5226.69943353438,1299.2893219979,-5226.69943353438,1,9.33982639951394,20.6770890293134,TRUE
319,442,315,12.8957603445368,13.683206448871,"A442",3678.376,-4684.16,400,35,18,18,35,"Polyamide (naturally occurring)",0.942171426524939,"Comparstic LDIR F2Ba Au MP2 240925.xlsx",22.5675833419103,2.00000013486992,0.0374422760069093,"circle_calibrated",-4747.06069306931,-4258.38209504951,-3640.6818224646,-4744.79357731106,"landmark_ransac","MP_-1",10125,9625,2500,75,42.4,50,75,"Protein",0.698,"Comparstic Spotlight F2Ba Au 240926.csv",-3644.08475122725,-4757.23225532361,-3644.08475122725,-4757.23225532361,1,296.011751365746,0.0435650283647121,FALSE
320,443,42,16.8400858039513,17.8726392469606,"A443",-3697.2,4213.274,400,25,20,20,25,"Polyamide (naturally occurring)",0.931053829809302,"Comparstic LDIR F2Ba Au MP2 240925.xlsx",22.5675833419103,1.25,0.143219644753259,"circle_calibrated",4150.37330693069,3117.1939049505,4626.18475742731,1996.81434213583,"landmark_ransac","MP_-1",2350,2250,3750,80.9,59,50,80.9,"Protein",0.863,"Comparstic Spotlight F2Ba Au 240926.csv",4641.53466664848,2003.74029165818,4641.53466664848,2003.74029165818,1,313.351918043385,0.0537417671131655,FALSE
321,444,10,34.2008432678461,34.9952948311308,"A444",-1221.324,5336.968,400,28,21,21,28,"Polyamide",0.762426473851475,"Comparstic LDIR F2Ba Au MP2 240925.xlsx",22.5675833419103,0.750000042146853,0.591135118513809,"circle_calibrated",5274.06730693069,641.317904950495,5644.98842696032,-296.711643518139,"landmark_ransac","MP_-1",1200,4450,2500,60.4,52.7,50,60.4,"Protein",0.72,"Comparstic Spotlight F2Ba Au 240926.csv",5622.34559821933,-271.079632538936,5622.34559821933,-271.079632538936,1,387.013582469893,0.0883711704627492,FALSE
322,445,137,20.6455355775519,21.8268964839697,"A445",3910.062,1018.082,400,25,20,20,25,"Polyamide (naturally occurring)",0.945613839833864,"Comparstic LDIR F2Ba Au MP2 240925.xlsx",22.5675833419103,1.25,0.263363956595322,"circle_calibrated",955.181306930693,-4490.06809504951,1620.68820602988,-5000.89797032025,"landmark_ransac","MP_-1",4825,9475,4375,104.1,53.5,77.5,104.1,"Protein",0.737,"Comparstic Spotlight F2Ba Au 240926.csv",1641.29971507186,-5002.08280545494,1641.29971507186,-5002.08280545494,1,293.174472567888,0.0704206454154058,FALSE
323,446,111,521.377948781225,522.124098940252,"A446",3324.23,2290.886,400,25,20,20,25,"Polyamide (naturally occurring)",0.938682943073671,"Comparstic LDIR F2Ba Au MP2 240925.xlsx",22.5675833419103,1.25,0.263363956595322,"circle_calibrated",2227.98530693069,-3904.23609504951,2799.80977637655,-4469.61673202124,"landmark_ransac","MP_-1",4225,8925,1875,60.4,39.6,30,60.4,"Protein",0.745,"Comparstic Spotlight F2Ba Au 240926.csv",2279.28173820825,-4499.37453698037,2279.28173820825,-4499.37453698037,1,9.50106109782924,54.8757600243564,TRUE
324,449,7,312.806818320632,313.386617369251,"A449",-71.5,5431.634,387.5,25,20,20,25,"Polyamide (naturally occurring)",0.946482232450932,"Comparstic LDIR F2Ba Au MP2 240925.xlsx",22.2121661164524,0.8,0.674918475019266,"circle_calibrated",5368.73330693069,-508.506095049505,5723.84198255584,-1358.6842229405,"landmark_ransac","MP_-1",875,5250,1250,50,31.8,25,50,"Protein",0.728,"Comparstic Spotlight F2Ba Au 240926.csv",5886.27537359927,-1091.35764539534,5886.27537359927,-1091.35764539534,0,545.012475122158,0.57394432714686,FALSE
325,450,18,235.364758235901,236.197002463988,"A450",-1278.108,4573.296,387.5,25,20,20,25,"Polyamide (naturally occurring)",0.961989736542924,"Comparstic LDIR F2Ba Au MP2 240925.xlsx",22.2121661164524,1.25,0.0387115921562515,"circle_calibrated",4510.39530693069,698.101904950495,4940.55103100155,-238.640957076552,"landmark_ransac","MP_-1",1650,4500,2500,60.4,52.7,50,60.4,"Protein",0.773,"Comparstic Spotlight F2Ba Au 240926.csv",5170.81548459473,-287.373398333685,5170.81548459473,-287.373398333685,0,397.991548124902,0.591381297780817,FALSE
326,451,155,16.5418957319561,17.3572216230412,"A451",-2298.504,1110.252,387.5,32,18,18,32,"Polyethylene terephthalate",0.832463154464022,"Comparstic LDIR F2Ba Au MP2 240925.xlsx",22.2121661164524,0.555555538904949,0.0183005948961241,"circle_calibrated",1047.35130693069,1718.4979049505,1751.77390882822,728.835817296045,"landmark_ransac","MP_-1",5150,3725,2500,75,42.4,50,75,"Protein",0.706,"Comparstic Spotlight F2Ba Au 240926.csv",1745.46428024941,744.127086099006,1745.46428024941,744.127086099006,1,168.132884518897,0.0983858439072754,FALSE
327,454,199,2.24603697356761,3.34812021018748,"A454",-2085.876,-349.934,387.5,31,18,18,31,"Cellulosic",0.634142637972076,"Comparstic LDIR F2Ba Au MP2 240925.xlsx",22.2121661164524,1.75000008330003,1.0191388979354,"circle_calibrated",-412.834693069307,1505.8699049505,402.467415838745,543.405251328667,"landmark_ransac","MP_-1",6475,4025,4375,104.1,53.5,75,104.1,"Cellulose",0.714,"Comparstic Spotlight F2Ba Au 240926.csv",404.59800925113,544.116063397877,404.59800925113,544.116063397877,1,148.833658562705,0.0150909209331929,FALSE
328,455,288,727.097513042487,727.853187811008,"A455",4012.476,-3812.094,387.5,25,20,20,25,"Polyamide (naturally occurring)",0.950447732997554,"Comparstic LDIR F2Ba Au MP2 240925.xlsx",22.2121661164524,1.25,0.706667173333847,"circle_calibrated",-3874.99469306931,-4592.48209504951,-2838.25362528253,-5059.62628360827,"landmark_ransac","MP_-1",9125,10575,1875,60.4,39.6,30,60.4,"Protein",0.756,"Comparstic Spotlight F2Ba Au 240926.csv",-2719.59136634484,-5776.97561397415,-2719.59136634484,-5776.97561397415,0,262.208813480056,2.77297129487141,TRUE
329,458,117,13.831672645447,14.4114716940659,"A458",-4603.716,2191.176,387.5,25,20,20,25,"Cellulosic",0.779644318284526,"Comparstic LDIR F2Ba Au MP2 240925.xlsx",22.2121661164524,1.25,0.714467030004327,"circle_calibrated",2128.27530693069,4023.70990495049,2766.53600660346,2848.50210164559,"landmark_ransac","MP_-1",4300,1550,1250,50,31.8,25,50,"Protein",0.703,"Comparstic Spotlight F2Ba Au 240926.csv",2753.06979289698,2845.34358038048,2753.06979289698,2845.34358038048,1,65.3324428907901,0.211712160657578,FALSE
330,460,110,14.025346010216,14.8575902383026,"A460",3428.75,1746.082,387.5,25,20,20,25,"Polyamide (naturally occurring)",0.962608813336533,"Comparstic LDIR F2Ba Au MP2 240925.xlsx",22.2121661164524,0.8,0.0564111692556521,"circle_calibrated",1683.18130693069,-4008.7560950495,2296.18890120901,-4562.0494284472,"landmark_ransac","MP_-1",4200,9000,2500,60.4,52.7,50,60.4,"Protein",0.823,"Comparstic Spotlight F2Ba Au 240926.csv",2298.58299506191,-4575.86893080183,2298.58299506191,-4575.86893080183,1,64.9152846494031,0.21605614280157,FALSE
331,461,19,18.5424168848351,19.4093602737215,"A461",-2941.146,4925.7,387.5,28,18,18,28,"Cellulosic",0.961826261035205,"Comparstic LDIR F2Ba Au MP2 240925.xlsx",22.2121661164524,1.59999994605203,0.559386420199229,"circle_calibrated",4862.79930693069,2361.1399049505,5278.14026961508,1293.70733281904,"landmark_ransac","MP_-1",1675,2900,2500,75,42.4,55,75,"Cellulose",0.692,"Comparstic Spotlight F2Ba Au 240926.csv",5264.91702962999,1306.70606922793,5264.91702962999,1306.70606922793,1,141.209427866807,0.131311465282083,FALSE
332,462,142,561.261103929908,561.966681787169,"A462",-3332.16,889.954,387.5,28,18,18,28,"Polyamide (naturally occurring)",0.938423131884679,"Comparstic LDIR F2Ba Au MP2 240925.xlsx",22.2121661164524,1.5999998381561,0.27908445504507,"circle_calibrated",827.053306930693,2752.15390495049,1556.1028620531,1684.5181158729,"landmark_ransac","MP_-1",4950,2475,1875,60.4,39.6,30,60.4,"Protein",0.721,"Comparstic Spotlight F2Ba Au 240926.csv",2037.44494720625,1973.17677908091,2037.44494720625,1973.17677908091,0,147.544836260395,3.80400370596072,TRUE
333,463,146,199.13085105152,199.937337593697,"A463",4129.97,1090.258,375,30,19,19,30,"Polyamide (naturally occurring)",0.94281751937392,"Comparstic LDIR F2Ba Au MP2 240925.xlsx",21.8509686118416,1.56250014975772,0.0324652826012413,"circle_calibrated",1027.35730693069,-4709.9760950495,1685.67578872842,-5204.40480812386,"landmark_ransac","MP_-1",4950,9750,2500,60.4,52.7,50,60.4,"Protein",0.67,"Comparstic Spotlight F2Ba Au 240926.csv",1496.4578103263,-5266.45037597457,1496.4578103263,-5266.45037597457,0,207.131428511305,0.961374391528671,TRUE
334,464,46,20.0359644120402,21.0977702248949,"A464",-4122.508,4145.31,375,20,20,20,20,"Polyamide (naturally occurring)",0.929651488658099,"Comparstic LDIR F2Ba Au MP2 240925.xlsx",21.8509686118416,1,0.374179021537222,"circle_calibrated",4082.40930693069,3542.50190495049,4566.60709009165,2389.87120145732,"landmark_ransac","MP_-1",2450,1850,3125,75,53.1,55,75,"Protein",0.775,"Comparstic Spotlight F2Ba Au 240926.csv",4571.76588853803,2409.23164227126,4571.76588853803,2409.23164227126,1,231.673412117787,0.0864836591686818,FALSE
335,465,58,4.3417425182064,5.02518587661036,"A465",2309.84,3366.662,375,34,16,16,34,"Polycarbonate",0.685081002986391,"Comparstic LDIR F2Ba Au MP2 240925.xlsx",21.8509686118416,0.466666695099744,0.208726749105841,"circle_calibrated",3303.76130693069,-2889.84609504951,3800.25355540878,-3541.32238725308,"landmark_ransac","MP_-1",2775,7850,1875,60.4,39.6,30,60.4,"Protein",0.712,"Comparstic Spotlight F2Ba Au 240926.csv",3802.17116047305,-3537.4270671235,3802.17116047305,-3537.4270671235,1,220.287151317998,0.0197094678115785,FALSE
336,467,162,873.293517730143,874.486440642752,"A467",1535.508,1259.856,375,25,20,20,25,"Polyamide (naturally occurring)",0.956460040270024,"Comparstic LDIR F2Ba Au MP2 240925.xlsx",21.8509686118416,1.25,0.236663544088111,"circle_calibrated",1196.95530693069,-2115.5140950495,1861.44087444738,-2811.01074949356,"landmark_ransac","MP_-1",5375,7900,5000,95.7,66.5,75,95.7,"Protein",0.887,"Comparstic Spotlight F2Ba Au 240926.csv",1211.09487731315,-3393.84147287813,1211.09487731315,-3393.84147287813,0,81.4735230179275,10.71874009349,TRUE
337,468,291,2.80454465491905,3.67390745697139,"A468",-1525.472,-3335.28,375,57,11,11,57,"Cellulosic",0.888946526920094,"Comparstic LDIR F2Ba Au MP2 240925.xlsx",21.8509686118416,0.187500010536713,0.328121377083319,"circle_calibrated",-3398.18069306931,945.465904950495,-2357.11727019392,48.2860119550751,"landmark_ransac","MP_-1",9200,4725,3750,80.9,59,50,80.9,"Protein",0.811,"Comparstic Spotlight F2Ba Au 240926.csv",-2359.20611354504,50.1574296465416,-2359.20611354504,50.1574296465416,1,460.562651024328,0.00608938794468357,FALSE
338,469,256,1174.93001696613,1175.58785897774,"A469",3727.646,-1983.046,375,21,21,21,21,"Polyamide (naturally occurring)",0.960811701791822,"Comparstic LDIR F2Ba Au MP2 240925.xlsx",21.8509686118416,1,0.283018243140245,"circle_calibrated",-2045.94669306931,-4307.65209504951,-1147.9577075847,-4810.28809393145,"landmark_ransac","MP_-1",8000,8375,1250,50,31.8,30,50,"Protein",0.666,"Comparstic Spotlight F2Ba Au 240926.csv",-1436.46390922136,-3671.3303614474,-1436.46390922136,-3671.3303614474,0,119.203811927619,9.85648024141672,TRUE
339,470,267,428.539778650373,429.129414645838,"A470",-505.180000000001,-2553.382,375,25,20,20,25,"Polyethylene terephthalate",0.872893800679742,"Comparstic LDIR F2Ba Au MP2 240925.xlsx",21.8509686118416,1.25,0.706667173333846,"circle_calibrated",-2616.28269306931,-74.8260950495045,-1642.99847536432,-899.223745557655,"landmark_ransac","MP_-1",8325,5200,1250,50,31.8,25,50,"Protein",0.745,"Comparstic Spotlight F2Ba Au 240926.csv",-1523.78276362675,-487.600184569446,-1523.78276362675,-487.600184569446,0,398.398453584278,1.0756562300755,TRUE
340,471,126,17.827137708448,18.622380973854,"A471",-2525.926,1751.074,375,32,18,18,32,"Polyamide (naturally occurring)",0.954776513624124,"Comparstic LDIR F2Ba Au MP2 240925.xlsx",21.8509686118416,0.555555538904949,0.021228854675212,"circle_calibrated",1688.17330693069,1945.9199049505,2344.92888850396,933.993660457469,"landmark_ransac","MP_-1",4550,3500,2500,60.4,52.7,50,60.4,"Protein",0.667,"Comparstic Spotlight F2Ba Au 240926.csv",2359.27849314718,923.415584760107,2359.27849314718,923.415584760107,1,159.880670374346,0.111502770577002,FALSE
341,472,37,11.0579823788233,12.0238243615059,"A472",-899.158,4186.598,362.5,29,20,20,29,"Polyamide",0.663111423319241,"Comparstic LDIR F2Ba Au MP2 240925.xlsx",21.4836992849578,0.692307723853265,0.0377024217387625,"circle_calibrated",4123.69730693069,319.151904950495,4580.8258055319,-585.540372134397,"landmark_ransac","MP_-1",2225,4850,3125,80.9,49.2,50,80.9,"Protein",0.722,"Comparstic Spotlight F2Ba Au 240926.csv",4572.58440389853,-592.913178479863,4572.58440389853,-592.913178479863,1,217.007458702139,0.0509566926637362,FALSE
342,474,229,11.4348583969929,12.4573895456114,"A474",-4811.742,-1172.496,362.5,25,20,20,25,"Polyamide (naturally occurring)",0.780131420852028,"Comparstic LDIR F2Ba Au MP2 240925.xlsx",21.4836992849578,0.8,0.7192346194878,"circle_calibrated",-1235.39669306931,4231.73590495049,-336.542985659904,3065.43659477795,"landmark_ransac","MP_-1",7400,1550,3125,80.9,49.2,75,80.9,"Cellulose",0.685,"Comparstic Spotlight F2Ba Au 240926.csv",-331.857242246937,3075.86730881042,-331.857242246937,3075.86730881042,1,404.638165114076,0.0282594658211966,FALSE
343,477,190,1100.84037286125,1101.85967274088,"A477",4201.6,-1214.2,362.5,20,20,20,20,"Polyamide (naturally occurring)",0.931099240059177,"Comparstic LDIR F2Ba Au MP2 240925.xlsx",21.4836992849578,1,0.36559527784583,"circle_calibrated",-1277.10069306931,-4781.60609504951,-441.836594996053,-5253.43902167907,"landmark_ransac","MP_-1",6225,9000,2500,75,42.4,55,75,"Protein",0.757,"Comparstic Spotlight F2Ba Au 240926.csv",283.429044685647,-4425.28488239195,283.429044685647,-4425.28488239195,0,320.170604800404,3.43829307361779,TRUE
344,481,305,542.776677450528,543.725428327374,"A481",-4986.046,-3318.718,350,25,20,20,25,"Cellulosic",0.945830047196041,"Comparstic LDIR F2Ba Au MP2 240925.xlsx",21.1100412282238,1.25,0.706667173333846,"circle_calibrated",-3381.61869306931,4406.03990495049,-2316.18310951932,3242.22316789835,"landmark_ransac","MP_-1",9625,2025,2500,75,42.4,50,75,"Protein",0.717,"Comparstic Spotlight F2Ba Au 240926.csv",-2581.36092747256,2768.63342302438,-2581.36092747256,2768.63342302438,0,331.276297768796,1.63844102673878,TRUE
345,482,96,8.50087819610262,9.2870877729166,"A482",-1273.896,2360.618,350,25,20,20,25,"Polyamide (naturally occurring)",0.942046431801794,"Comparstic LDIR F2Ba Au MP2 240925.xlsx",21.1100412282238,0.8,0.706667173333846,"circle_calibrated",2297.71730693069,693.889904950495,2898.24992517143,-226.129546380649,"landmark_ransac","MP_-1",3925,4600,1875,60.4,39.6,30,60.4,"Protein",0.786,"Comparstic Spotlight F2Ba Au 240926.csv",2899.44084659621,-217.712501990545,2899.44084659621,-217.712501990545,1,676.674076285485,0.0125627366172605,FALSE
346,483,3,20.8407134718456,21.6956197932799,"A483",2392.754,5767.658,350,21,21,21,21,"Chitin",0.813649084421137,"Comparstic LDIR F2Ba Au MP2 240925.xlsx",21.1100412282238,1,0.214025371653293,"circle_calibrated",5704.75730693069,-2972.7600950495,6015.72373483608,-3635.64553834861,"landmark_ransac","MP_-1",575,7775,1875,60.4,39.6,50,60.4,"Protein",0.781,"Comparstic Spotlight F2Ba Au 240926.csv",5997.0514046501,-3626.3892203203,5997.0514046501,-3626.3892203203,1,436.74986509717,0.0477177330488903,FALSE
347,485,112,93.2527911670282,93.8542916906068,"A485",-4538.69,2327.91,350,25,18,18,25,"Polyamide (naturally occurring)",0.949884530025255,"Comparstic LDIR F2Ba Au MP2 240925.xlsx",21.1100412282238,1.39999989210407,0.721883627659376,"circle_calibrated",2265.00930693069,3958.6839049505,2892.25758378108,2787.47065187256,"landmark_ransac","MP_-1",4250,1600,1250,50,31.8,30,50,"Protein",0.704,"Comparstic Spotlight F2Ba Au 240926.csv",2799.10855590849,2791.86856806477,2799.10855590849,2791.86856806477,0,64.1707575107736,1.45319760564416,TRUE
348,487,44,157.206021361371,159.40227846503,"A487",-3402.776,3949.14,350,21,21,21,21,"Polyamide (naturally occurring)",0.954599945842177,"Comparstic LDIR F2Ba Au MP2 240925.xlsx",21.1100412282238,1,0.214025371653293,"circle_calibrated",3886.23930693069,2822.7699049505,4380.21079208191,1727.02283632787,"landmark_ransac","MP_3",2500,2675,31875,292.5,138.7,195,292.5,"PET",0.91,"Comparstic Spotlight F2Ba Au 240926.csv",4460.65994411484,1591.96112047377,4460.65994411484,1591.96112047377,0,281.910109603535,0.557645916219388,FALSE
349,491,303,262.102007972358,262.806095187915,"A491",460.694,-3566.134,337.5,20,20,20,20,"Polyamide (naturally occurring)",0.943038305761942,"Comparstic LDIR F2Ba Au MP2 240925.xlsx",20.7296489682801,1,0.738936433902633,"circle_calibrated",-3629.03469306931,-1040.70009504951,-2584.91244001296,-1783.20561751027,"landmark_ransac","MP_-1",9550,6600,1250,50,31.8,50,50,"Cellulose",0.722,"Comparstic Spotlight F2Ba Au 240926.csv",-2846.93400164392,-1789.69898517422,-2846.93400164392,-1789.69898517422,0,476.902092560271,0.54959290819055,FALSE
350,492,114,37.5103448343707,38.9106241545536,"A492",4162.444,1587.612,337.5,20,20,20,20,"Chitin",0.69929550683147,"Comparstic LDIR F2Ba Au MP2 240925.xlsx",20.7296489682801,1,0.431337435377171,"circle_calibrated",1524.71130693069,-4742.4500950495,2144.48568172965,-5238.0639277677,"landmark_ransac","MP_-1",4275,9650,4375,131.1,42.5,72.5,131.1,"Protein",0.8,"Comparstic Spotlight F2Ba Au 240926.csv",2175.61204308925,-5217.13128345064,2175.61204308925,-5217.13128345064,1,238.302582172496,0.157406371732971,FALSE
351,493,67,12.9563404579745,13.8367941219109,"A493",-1851.278,3420.69,337.5,20,20,20,20,"Polyamide (naturally occurring)",0.867693427080925,"Comparstic LDIR F2Ba Au MP2 240925.xlsx",20.7296489682801,1,0.431337435377171,"circle_calibrated",3357.78930693069,1271.27190495049,3880.96030066492,298.929104189204,"landmark_ransac","MP_-1",2975,4000,1875,60.4,39.6,30,60.4,"Protein",0.731,"Comparstic Spotlight F2Ba Au 240926.csv",3889.43920802998,308.725781582971,3889.43920802998,308.725781582971,1,170.142218101408,0.0761500620043187,FALSE
352,494,27,18.10341345713,19.1090900271017,"A494",4405.232,4113.2,337.5,27,18,18,27,"Polyamide (naturally occurring)",0.941310880428551,"Comparstic LDIR F2Ba Au MP2 240925.xlsx",20.7296489682801,1.50000016660006,0.291826624522749,"circle_calibrated",4050.29930693069,-4985.2380950495,4473.76759162065,-5480.87187587555,"landmark_ransac","MP_-1",1975,9750,3125,80.9,49.2,50,80.9,"Protein",0.796,"Comparstic Spotlight F2Ba Au 240926.csv",4456.99262631119,-5487.67879277427,4456.99262631119,-5487.67879277427,1,171.608017902191,0.105492818333512,FALSE
353,497,272,16.2288559928116,17.1160439663105,"A497",1041.43,-2845.96,337.5,30,15,15,30,"Polyamide (naturally occurring)",0.918257497157609,"Comparstic LDIR F2Ba Au MP2 240925.xlsx",20.7296489682801,2,0.0842903504658272,"circle_calibrated",-2908.86069306931,-1621.43609504951,-1924.5062849689,-2324.55406423723,"landmark_ransac","MP_-1",8575,7075,2500,75,42.4,30,75,"Protein",0.753,"Comparstic Spotlight F2Ba Au 240926.csv",-1911.9968763984,-2334.8928486944,-1911.9968763984,-2334.8928486944,1,576.375485501773,0.0281567422644343,FALSE
354,498,226,10.6234152122208,11.5038688761571,"A498",4328.688,-1543.464,337.5,20,20,20,20,"Polycarbonate",0.678523910199569,"Comparstic LDIR F2Ba Au MP2 240925.xlsx",20.7296489682801,1,0.461190398526852,"circle_calibrated",-1606.36469306931,-4908.69409504951,-746.684418383583,-5368.29910831356,"landmark_ransac","MP_-1",7175,10025,1875,60.4,39.6,30,60.4,"Protein",0.721,"Comparstic Spotlight F2Ba Au 240926.csv",-738.173376290937,-5374.65671110616,-738.173376290937,-5374.65671110616,1,602.940694368819,0.01761933687913,FALSE
355,499,5,15.3707256559336,16.3832507953796,"A499",-1084.564,5831.618,337.5,25,15,15,25,"Polycarbonate",0.778684014132098,"Comparstic LDIR F2Ba Au MP2 240925.xlsx",20.7296489682801,1.66666666666667,0.701973905663963,"circle_calibrated",5768.71730693069,504.557904950495,6100.52966243366,-426.605197039199,"landmark_ransac","MP_-1",725,4575,3125,75,53.1,55,75,"Protein",0.79,"Comparstic Spotlight F2Ba Au 240926.csv",6085.7407193934,-430.794035892876,6085.7407193934,-430.794035892876,1,268.38977348622,0.057270161438259,FALSE
356,500,129,1058.54690282616,1059.4273564901,"A500",5260.502,69.8880000000003,337.5,20,20,20,20,"Chitin",0.747637694317659,"Comparstic LDIR F2Ba Au MP2 240925.xlsx",20.7296489682801,1,0.461190398526852,"circle_calibrated",6.98730693069339,-5840.50809504951,735.510174797037,-6240.30717985562,"landmark_ransac","MP_-1",4600,11000,1875,60.4,39.6,50,60.4,"Protein",0.664,"Comparstic Spotlight F2Ba Au 240926.csv",1751.80290766919,-6536.39944012953,1751.80290766919,-6536.39944012953,0,546.710838685412,1.93620983511407,TRUE
357,502,90,811.967290344629,812.912359888579,"A502",3429.088,3171.584,337.5,20,20,20,20,"Polyamide (naturally occurring)",0.944030707179434,"Comparstic LDIR F2Ba Au MP2 240925.xlsx",20.7296489682801,1,0.738822135125132,"circle_calibrated",3108.68330693069,-4009.09409504951,3611.90418761773,-4572.92635293868,"landmark_ransac","MP_-1",3700,8850,2500,60.4,52.7,50,60.4,"Protein",0.784,"Comparstic Spotlight F2Ba Au 240926.csv",2807.30624565432,-4463.77951433196,2807.30624565432,-4463.77951433196,0,176.108542501668,4.6106070654519,TRUE
358,503,231,4.5712379136392,5.46301367597038,"A503",-191.542,-1552.954,325,20,20,20,20,"Rubber",0.777302079749297,"Comparstic LDIR F2Ba Au MP2 240925.xlsx",20.3421447256411,1,0.741903801662539,"circle_calibrated",-1615.85469306931,-388.464095049505,-721.942351133393,-1196.12166211184,"landmark_ransac","MP_-1",7475,5850,1875,60.4,39.6,50,60.4,"Protein",0.685,"Comparstic Spotlight F2Ba Au 240926.csv",-726.2512938226,-1197.64784328203,-726.2512938226,-1197.64784328203,1,614.271750713235,0.00744171925264594,FALSE
359,504,78,19.485403211698,20.540694147906,"A504",-2012.322,3095.352,325,25,20,20,25,"Polyamide (naturally occurring)",0.864640904440669,"Comparstic LDIR F2Ba Au MP2 240925.xlsx",20.3421447256411,1.25,0.664233577681116,"circle_calibrated",3032.45130693069,1432.3159049505,3581.87157811944,449.981601805057,"landmark_ransac","MP_-1",3300,3900,3125,80.9,49.2,50,80.9,"Cellulose",0.717,"Comparstic Spotlight F2Ba Au 240926.csv",3573.4556875207,432.407367148818,3573.4556875207,432.407367148818,1,338.453916679076,0.0575718059430057,FALSE
360,505,30,33.2551356282941,34.211527270639,"A505",4930.562,4010.422,325,20,20,20,20,"Polyamide (naturally occurring)",0.941880365627804,"Comparstic LDIR F2Ba Au MP2 240925.xlsx",20.3421447256411,1,0.51876025034833,"circle_calibrated",3947.52130693069,-5510.56809504951,4375.01155257434,-5964.98216292174,"landmark_ransac","MP_-1",2050,10250,2500,60.4,52.7,50,60.4,"Protein",0.799,"Comparstic Spotlight F2Ba Au 240926.csv",4345.17604829481,-5979.67048243224,4345.17604829481,-5979.67048243224,1,293.109269846065,0.113456444573585,FALSE
