"particle_id","x_um","y_um","area_um2","major_um","minor_um","feret_min_um","feret_max_um","material","quality","source_file","diameter_um","aspect_ratio","coord_match_cost","coord_source"
"A1",-4803.942,3503.604,134687.5,739,323,323,739,"Polyethylene terephthalate",0.839804702046538,"Comparstic LDIR F2Ba Au MP2 240925.xlsx",414.112848365656,0.436986952993901,0.112641827172931,"circle_calibrated"
"A2",-819.52,-2274.116,127225,648,282,282,648,"Polyethylene terephthalate",0.844333495567771,"Comparstic LDIR F2Ba Au MP2 240925.xlsx",402.477205663788,2.29917670131412,0.119907804622066,"circle_calibrated"
"A3",-1252.082,-651.846,122862.5,427,367,367,427,"Polyethylene terephthalate",0.812781291857113,"Comparstic LDIR F2Ba Au MP2 240925.xlsx",395.516616041632,0.859259087827103,0.125819119847476,"circle_calibrated"
"A4",964.47,-5975.372,110687.5,633,331,331,633,"Polyethylene terephthalate",0.877067095480206,"Comparstic LDIR F2Ba Au MP2 240925.xlsx",375.408713414957,1.91130130013285,0.0344202709498904,"circle_calibrated"
"A5",-1997.554,-3572.244,83125,656,200,200,656,"Polyethylene terephthalate",0.750639130991263,"Comparstic LDIR F2Ba Au MP2 240925.xlsx",325.327584376287,0.305047015828511,0.0801291039972072,"circle_calibrated"
"A6",-3227.874,4056.468,46587.5,308,219,219,308,"Polyethylene terephthalate",0.855330065989846,"Comparstic LDIR F2Ba Au MP2 240925.xlsx",243.550913137991,1.40574005859434,0.0708684627993401,"circle_calibrated"
"A7",-487.214,-4736.862,43325,362,175,175,362,"Polyethylene terephthalate",0.784742605201264,"Comparstic LDIR F2Ba Au MP2 240925.xlsx",234.868267919808,2.06825403298173,0.132001940622531,"circle_calibrated"
"A8",5120.83,2575.924,41987.5,272,264,264,272,"Polyethylene terephthalate",0.810669600094303,"Comparstic LDIR F2Ba Au MP2 240925.xlsx",231.21450080946,0.974011960996269,0.155431062400871,"circle_calibrated"
"A9",-4863.768,1642.472,39200,1113,318,318,1113,"Cellulosic",0.932922337685594,"Comparstic LDIR F2Ba Au MP2 240925.xlsx",223.407677024802,0.286009461614576,0.246035765173966,"circle_calibrated"
"A10",-2216.474,5507.476,30512.5,235,171,171,235,"Polyethylene terephthalate",0.893747145334681,"Comparstic LDIR F2Ba Au MP2 240925.xlsx",197.10332723912,1.37198063330004,0.399363864131095,"circle_calibrated"
"A11",154.05,3334.318,27050,269,177,177,269,"Cellulosic",0.777987093272813,"Comparstic LDIR F2Ba Au MP2 240925.xlsx",185.583214987472,1.52002962514685,0.100203085799629,"circle_calibrated"
"A12",813.202,-4177.81,24787.5,297,147,147,297,"Polyethylene terephthalate",0.85274100878399,"Comparstic LDIR F2Ba Au MP2 240925.xlsx",177.652540694252,2.02253527198147,1.31015547080538,"circle_calibrated"
"A13",-3966.872,-3.32800000000052,23425,263,130,130,263,"Polyethylene terephthalate",0.781167895347737,"Comparstic LDIR F2Ba Au MP2 240925.xlsx",172.701002705315,0.495667293872211,0.117721855188525,"circle_calibrated"
"A14",1978.99,-3868.202,21112.5,437,191,191,437,"Polyethylene terephthalate",0.906822932618016,"Comparstic LDIR F2Ba Au MP2 240925.xlsx",163.955084972138,0.437253457896217,0.471714059538831,"circle_calibrated"
"A15",-3745.69,-2614.82,18800,220,120,120,220,"Polyethylene terephthalate",0.87095202394214,"Comparstic LDIR F2Ba Au MP2 240925.xlsx",154.715556557901,1.83333333333333,0.542816037179382,"circle_calibrated"
"A16",-5566.782,475.332,18375,831,79,79,831,"Polyvinyl chloride",0.692078609187708,"Comparstic LDIR F2Ba Au MP2 240925.xlsx",152.956780282891,0.0946254456384251,0.500879156860194,"circle_calibrated"
"A17",-3305.588,4718.168,16550,447,135,135,447,"Polyethylene terephthalate",0.884980070766979,"Comparstic LDIR F2Ba Au MP2 240925.xlsx",145.162372760185,0.302042575961249,0.114581946798668,"circle_calibrated"
"A18",-4342.026,1624.662,14337.5,646,66,66,646,"Cellulosic",0.867312864284858,"Comparstic LDIR F2Ba Au MP2 240925.xlsx",135.111331769916,0.102597408274143,0.19184556655118,"circle_calibrated"
"A19",-3266.146,456.82,13425,371,65,65,371,"Rubber",0.757959687261123,"Comparstic LDIR F2Ba Au MP2 240925.xlsx",130.74112164147,5.75074564753788,0.0730848015902548,"circle_calibrated"
"A20",2257.372,-5173.454,12862.5,152,110,110,152,"Polyethylene terephthalate",0.910899743593897,"Comparstic LDIR F2Ba Au MP2 240925.xlsx",127.97282385005,0.723684219607356,0.275003269839455,"circle_calibrated"
"A21",-4921.878,2216.136,10525,497,95,95,497,"Polyethylene terephthalate",0.911626678055639,"Comparstic LDIR F2Ba Au MP2 240925.xlsx",115.762024033521,5.20911818823921,0.856542538545165,"circle_calibrated"
"A22",1464.814,1317.992,9250,143,106,106,143,"Polyethylene terephthalate",0.855234937742436,"Comparstic LDIR F2Ba Au MP2 240925.xlsx",108.524033231355,1.35475579425798,0.144393681662024,"circle_calibrated"
"A23",-2841.956,-5675.358,9212.5,263,86,86,263,"Cellulosic",0.917786851676572,"Comparstic LDIR F2Ba Au MP2 240925.xlsx",108.303828675965,3.04473685574197,0.187061909227059,"circle_calibrated"
"A24",-2480.972,3535.402,9050,145,100,100,145,"Polyamide (naturally occurring)",0.781205877791979,"Comparstic LDIR F2Ba Au MP2 240925.xlsx",107.344389140063,0.689655172413793,0.270220143205093,"circle_calibrated"
"A25",-4213.456,-1882.582,8875,417,53,53,417,"Cellulosic",0.928891530055395,"Comparstic LDIR F2Ba Au MP2 240925.xlsx",106.30146264057,0.127386197322976,0.218028958698519,"circle_calibrated"
"A26",-2540.018,5456.308,8087.5,175,72,72,175,"Polyethylene terephthalate",0.921203429248864,"Comparstic LDIR F2Ba Au MP2 240925.xlsx",101.475735119513,0.412422379390774,0.237207952143502,"circle_calibrated"
"A27",-1293.5,5130.606,7062.5,375,54,54,375,"Cellulosic",0.910976576782371,"Comparstic LDIR F2Ba Au MP2 240925.xlsx",94.8274975136014,0.144067807594663,0.0805804654207147,"circle_calibrated"
"A28",5167.162,-1987.596,6925,107,89,89,107,"Polyethylene terephthalate",0.866495534103227,"Comparstic LDIR F2Ba Au MP2 240925.xlsx",93.8998607415954,0.830845715471495,0.0398501652581897,"circle_calibrated"
"A29",-2692.17,2554.604,6787.5,291,80,80,291,"Cellulosic",0.844400536822395,"Comparstic LDIR F2Ba Au MP2 240925.xlsx",92.9629679490168,3.62500035579862,0.034066508849147,"circle_calibrated"
"A30",-1384.76,-1887.288,6725,140,71,71,140,"Polyethylene terephthalate",0.892760518130499,"Comparstic LDIR F2Ba Au MP2 240925.xlsx",92.5339718068125,1.98611115707511,0.0825945706315636,"circle_calibrated"
"A31",-2806.18,5048.108,6600,113,74,74,113,"Cellulosic",0.927399984619523,"Comparstic LDIR F2Ba Au MP2 240925.xlsx",91.6699568847508,1.52380948711022,0.362020667405384,"circle_calibrated"
"A32",-1927.094,5573.932,6450,111,81,81,111,"Polyethylene terephthalate",0.881695252838208,"Comparstic LDIR F2Ba Au MP2 240925.xlsx",90.6222658265715,1.37755096363061,0.324015935919744,"circle_calibrated"
"A33",-4674.67,-1610.622,6375,416,57,57,416,"Cellulosic",0.833985981033295,"Comparstic LDIR F2Ba Au MP2 240925.xlsx",90.0938516086789,7.29736184865589,0.592389832097992,"circle_calibrated"
"A34",1053.182,-6377.462,4662.5,97,65,65,97,"Polyethylene terephthalate",0.893210651413161,"Comparstic LDIR F2Ba Au MP2 240925.xlsx",77.0485520780741,1.48148141136173,0.046927548326225,"circle_calibrated"
"A35",-3266.276,-1829.828,4650,97,62,62,97,"Polyamide (naturally occurring)",0.933982588596863,"Comparstic LDIR F2Ba Au MP2 240925.xlsx",76.9452005197108,0.638095174277552,0.0576958570157382,"circle_calibrated"
"A36",4039.542,-4683.874,4600,94,66,66,94,"Polyethylene terephthalate",0.906023235391562,"Comparstic LDIR F2Ba Au MP2 240925.xlsx",76.5303985732581,1.43749992724326,0.420497605609093,"circle_calibrated"
"A37",-1985.542,4530.292,4575,164,62,62,164,"Carbonate",0.796739607038821,"Comparstic LDIR F2Ba Au MP2 240925.xlsx",76.3221522047392,2.63671880999908,0.0407876482649021,"circle_calibrated"
"A38",-2466.126,3225.222,4550,110,57,57,110,"Polyethylene terephthalate",0.918361068411598,"Comparstic LDIR F2Ba Au MP2 240925.xlsx",76.1133360755196,0.516129006996268,0.325569828249742,"circle_calibrated"
"A39",2282.41,3974.152,4537.5,192,45,45,192,"Polyamide (naturally occurring)",0.878685457165586,"Comparstic LDIR F2Ba Au MP2 240925.xlsx",76.0087128836938,4.28308803841678,0.0209442402948286,"circle_calibrated"
"A40",4025.762,-2698.956,4150,104,59,59,104,"Polyamide (naturally occurring)",0.939859813213134,"Comparstic LDIR F2Ba Au MP2 240925.xlsx",72.6907429501923,0.566037701226032,0.0414145395182857,"circle_calibrated"
"A41",-2957.396,-1400.516,4000,135,49,49,135,"Polyethylene terephthalate",0.892249441085367,"Comparstic LDIR F2Ba Au MP2 240925.xlsx",71.3649646461108,0.360902294401041,0.0727339748989135,"circle_calibrated"
"A42",-6040.918,-1542.814,3912.5,105,47,47,105,"Cellulosic",0.910002468582759,"Comparstic LDIR F2Ba Au MP2 240925.xlsx",70.580094352277,2.23809512204187,0.161135907732921,"circle_calibrated"
"A43",1934.114,-1254.942,3875,103,50,50,103,"Polyamide (naturally occurring)",0.93290560793875,"Comparstic LDIR F2Ba Au MP2 240925.xlsx",70.2410366940064,0.487684770546574,0.233460442658453,"circle_calibrated"
"A44",515.71,-318.292,3875,106,59,59,106,"Polypropylene",0.978589994635303,"Comparstic LDIR F2Ba Au MP2 240925.xlsx",70.2410366940064,1.81081079979626,0.212062854955057,"circle_calibrated"
"A45",-557.882,-4904.328,3562.5,105,47,47,105,"Polyamide (naturally occurring)",0.925932956436204,"Comparstic LDIR F2Ba Au MP2 240925.xlsx",67.3492084446359,0.446808533806944,0.05138948993037,"circle_calibrated"
"A46",2541.89,-687.31,3475,167,43,43,167,"Cellulosic",0.894828861564227,"Comparstic LDIR F2Ba Au MP2 240925.xlsx",66.5169709018284,0.254237275107038,0.0963791168750561,"circle_calibrated"
"A47",4806.126,980.538,3362.5,190,32,32,190,"Cellulosic",0.822389400336825,"Comparstic LDIR F2Ba Au MP2 240925.xlsx",65.4313989547219,5.98689921030809,0.646442388693304,"circle_calibrated"
"A48",-1180.218,-5640.518,3325,94,46,46,94,"Polyethylene terephthalate",0.877625051256687,"Comparstic LDIR F2Ba Au MP2 240925.xlsx",65.0655168752575,0.485294150366557,0.0476015677242057,"circle_calibrated"
"A49",2701.14,1706.796,3275,80,50,50,80,"Polyethylene terephthalate",0.911702241758719,"Comparstic LDIR F2Ba Au MP2 240925.xlsx",64.5744493511765,0.625,0.227366070486011,"circle_calibrated"
"A50",-1270.334,-2000.804,3187.5,128,36,36,128,"Cellulosic",0.911693399418307,"Comparstic LDIR F2Ba Au MP2 240925.xlsx",63.7059734157114,0.282786881267485,0.10852471560203,"circle_calibrated"
"A51",-4212.676,1364.48,3100,96,48,48,96,"Polyamide (naturally occurring)",0.917033491970952,"Comparstic LDIR F2Ba Au MP2 240925.xlsx",62.8254931431422,0.5,0.0179224465704286,"circle_calibrated"
"A52",-3394.196,-2666.248,3087.5,103,41,41,103,"Cellulosic",0.969097963071682,"Comparstic LDIR F2Ba Au MP2 240925.xlsx",62.6987008985817,0.393333277173359,0.100658942983149,"circle_calibrated"
"A53",-2034.734,2480.114,2987.5,100,44,44,100,"Polyamide (naturally occurring)",0.898473024242733,"Comparstic LDIR F2Ba Au MP2 240925.xlsx",61.6749798532298,2.26956480933648,0.215068793735458,"circle_calibrated"
"A54",1022.45,-841.49,2950,74,57,57,74,"Polyethylene terephthalate",0.922683503707088,"Comparstic LDIR F2Ba Au MP2 240925.xlsx",61.2866760150094,1.31250003161014,0.0272537070161607,"circle_calibrated"
"A55",-5000.866,2466.23,2887.5,99,59,59,99,"Polyethylene terephthalate",0.913073340982825,"Comparstic LDIR F2Ba Au MP2 240925.xlsx",60.633977153266,0.597484148081609,0.172225221097964,"circle_calibrated"
"A56",-2238.158,-980.85,2862.5,64,57,57,64,"Polyamide (naturally occurring)",0.910238033900315,"Comparstic LDIR F2Ba Au MP2 240925.xlsx",60.3709217819672,1.12359546800437,0.0351565017260782,"circle_calibrated"
"A57",-1143.402,3388.528,2712.5,60,60,60,60,"Cellulosic",0.822302459045794,"Comparstic LDIR F2Ba Au MP2 240925.xlsx",58.7678676241884,1,0.00600290478559762,"circle_calibrated"
"A58",-710.19,3485.196,2700,80,45,45,80,"Cellulosic",0.870641190372022,"Comparstic LDIR F2Ba Au MP2 240925.xlsx",58.6323014283504,0.5625,0.120937439065733,"circle_calibrated"
"A59",1437.488,-4633.252,2625,91,45,45,91,"Cellulosic",0.942414338697657,"Comparstic LDIR F2Ba Au MP2 240925.xlsx",57.8122288528111,0.492125970663283,0.0709452053529067,"circle_calibrated"
"A60",2169.518,553.592,2612.5,85,49,49,85,"Polyethylene terephthalate",0.918982893681545,"Comparstic LDIR F2Ba Au MP2 240925.xlsx",57.6744164306897,1.72881339107393,0.133797624674322,"circle_calibrated"
"A61",612.923999999999,3315.338,2600,132,39,39,132,"Cellulosic",0.955328688477602,"Comparstic LDIR F2Ba Au MP2 240925.xlsx",57.5362739175159,0.297640633911645,0.229036327466917,"circle_calibrated"
"A62",-4106.934,-4149.938,2487.5,78,53,53,78,"Polyamide (naturally occurring)",0.93182349408159,"Comparstic LDIR F2Ba Au MP2 240925.xlsx",56.2777342074885,0.674157369262837,0.113820361839015,"circle_calibrated"
"A63",-5850.182,-767.286,2462.5,73,54,54,73,"Carbonate",0.860504115038641,"Comparstic LDIR F2Ba Au MP2 240925.xlsx",55.9942173702815,0.735849120257435,0.0313610165995284,"circle_calibrated"
"A64",-737.021999999999,3649.958,2437.5,55,55,55,55,"Carbonate",0.732827477267805,"Comparstic LDIR F2Ba Au MP2 240925.xlsx",55.7092576713418,1,0.231872748298315,"circle_calibrated"
"A65",-4048.07,3775.096,2437.5,60,60,60,60,"Polyamide (naturally occurring)",0.92175196503736,"Comparstic LDIR F2Ba Au MP2 240925.xlsx",55.7092576713418,1,0.117355498496517,"circle_calibrated"
"A66",-890.084,3547.388,2387.5,180,30,30,180,"Cellulosic",0.94209901081891,"Comparstic LDIR F2Ba Au MP2 240925.xlsx",55.1349200875017,6,0.238086030729663,"circle_calibrated"
"A67",1671.072,4291.118,2387.5,64,53,53,64,"Polyamide (naturally occurring)",0.925614174181343,"Comparstic LDIR F2Ba Au MP2 240925.xlsx",55.1349200875017,0.833333308357424,0.0428487982844787,"circle_calibrated"
"A68",5936.034,316.42,2287.5,70,45,45,70,"Polyamide (naturally occurring)",0.92593733437578,"Comparstic LDIR F2Ba Au MP2 240925.xlsx",53.9679113787229,1.55555555555556,0.0417932592562695,"circle_calibrated"
"A69",-628.758,933.582,2237.5,76,46,46,76,"Cellulosic",0.93580260113498,"Comparstic LDIR F2Ba Au MP2 240925.xlsx",53.3748394034579,0.604166631325456,0.016094421833095,"circle_calibrated"
"A70",1990.56,632.658,2175,75,40,40,75,"Polyethylene terephthalate",0.873115309564973,"Comparstic LDIR F2Ba Au MP2 240925.xlsx",52.6241010355424,0.533333333333333,0.0510887411332721,"circle_calibrated"
"A71",2795.728,5548.764,2125,64,42,42,64,"Polyethylene terephthalate",0.895910031452128,"Comparstic LDIR F2Ba Au MP2 240925.xlsx",52.015709478601,1.4999998876084,0.261904884751062,"circle_calibrated"
"A72",-435.422,1197.196,2100,65,40,40,65,"Polyethylene terephthalate",0.930434884804005,"Comparstic LDIR F2Ba Au MP2 240925.xlsx",51.7088294582641,1.625,0.108854280608885,"circle_calibrated"
"A73",550.680000000001,2957.006,2012.5,66,43,43,66,"Polyamide (naturally occurring)",0.91134245757931,"Comparstic LDIR F2Ba Au MP2 240925.xlsx",50.6201005903733,1.55555558037681,0.0347634725776,"circle_calibrated"
"A74",-4700.28,1481.662,1975,79,34,34,79,"Polyethylene terephthalate",0.89249911252012,"Comparstic LDIR F2Ba Au MP2 240925.xlsx",50.1462670679677,0.435643561363349,0.141639178396138,"circle_calibrated"
"A75",-1643.304,4431.726,1975,65,45,45,65,"Polyamide (naturally occurring)",0.926064872381839,"Comparstic LDIR F2Ba Au MP2 240925.xlsx",50.1462670679677,1.44444444444444,0.194118344414079,"circle_calibrated"
"A76",-3668.132,3102.944,1962.5,165,28,28,165,"Cellulosic",0.828862653882412,"Comparstic LDIR F2Ba Au MP2 240925.xlsx",49.9873244587341,5.98795227053529,0.579422813477055,"circle_calibrated"
"A77",-394.654,1838.46,1937.5,60,40,40,60,"Polyamide (naturally occurring)",0.971180570520754,"Comparstic LDIR F2Ba Au MP2 240925.xlsx",49.667913363905,0.666666666666667,0.109280427275816,"circle_calibrated"
"A78",1877.2,267.696,1862.5,60,45,45,60,"Polyamide (naturally occurring)",0.91894503916936,"Comparstic LDIR F2Ba Au MP2 240925.xlsx",48.6971113318772,1.33333333333333,0.195371493350196,"circle_calibrated"
"A79",-2555.41,1808.482,1837.5,56,42,42,56,"Polyamide (naturally occurring)",0.914585244700799,"Comparstic LDIR F2Ba Au MP2 240925.xlsx",48.369180925987,1.31578952684855,1.02297142606545,"circle_calibrated"
"A80",-2536.274,2584.01,1825,106,31,31,106,"Cellulosic",0.900970428432625,"Comparstic LDIR F2Ba Au MP2 240925.xlsx",48.2043791490117,3.35483855329695,0.209673771929313,"circle_calibrated"
"A81",889.798,-4569.578,1812.5,60,42,42,60,"Polyamide (naturally occurring)",0.927072222024821,"Comparstic LDIR F2Ba Au MP2 240925.xlsx",48.0390120093293,1.4166666853986,0.0247644435456169,"circle_calibrated"
"A82",-3983.304,-2799.446,1775,50,45,45,50,"Polyamide (naturally occurring)",0.804518698923528,"Comparstic LDIR F2Ba Au MP2 240925.xlsx",47.5394593143939,1.11111111111111,0.716756698110106,"circle_calibrated"
"A83",-2042.43,-4746.716,1750,50,40,40,50,"Polyethylene terephthalate",0.941419101723752,"Comparstic LDIR F2Ba Au MP2 240925.xlsx",47.2034871941315,0.8,0.33663779376662,"circle_calibrated"
"A84",2856.308,1311.596,1712.5,63,38,38,63,"Chitin",0.884059143024926,"Comparstic LDIR F2Ba Au MP2 240925.xlsx",46.6949967379693,1.6470589858636,2.06518276883839,"circle_calibrated"
"A85",-94.8480000000001,2003.326,1700,60,39,39,60,"Polycarbonate",0.887871498426707,"Comparstic LDIR F2Ba Au MP2 240925.xlsx",46.5242649168128,1.54545453430827,0.0525665386906806,"circle_calibrated"
"A86",-446.862,-2522.936,1637.5,53,42,42,53,"Carbonate",0.860705010415341,"Comparstic LDIR F2Ba Au MP2 240925.xlsx",45.6610310276042,1.2500000561958,0.0922554034797627,"circle_calibrated"
"A87",-1606.046,5391.36,1625,55,40,40,55,"Polyamide (naturally occurring)",0.925915615362264,"Comparstic LDIR F2Ba Au MP2 240925.xlsx",45.4864184146723,1.40000012063134,0.116657391682125,"circle_calibrated"
"A88",-1633.58,-939.77,1612.5,63,35,35,63,"Polyamide (naturally occurring)",0.956803703803018,"Comparstic LDIR F2Ba Au MP2 240925.xlsx",45.3111329132858,0.549999988690813,2.05831711490506,"circle_calibrated"
"A89",1966.276,-5638.958,1487.5,60,35,35,60,"Polyamide (naturally occurring)",0.931131812857365,"Comparstic LDIR F2Ba Au MP2 240925.xlsx",43.5194648725551,0.583333333333333,0.109456881881882,"circle_calibrated"
"A90",-1049.256,-5144.048,1475,65,31,31,65,"Polyamide (naturally occurring)",0.940899868441385,"Comparstic LDIR F2Ba Au MP2 240925.xlsx",43.3362242065961,0.471428559899464,0.0721843996772593,"circle_calibrated"
"A91",-2014.714,3487.484,1475,68,36,36,68,"Polycarbonate",0.869741025025116,"Comparstic LDIR F2Ba Au MP2 240925.xlsx",43.3362242065961,0.523364520461789,0.157231622928055,"circle_calibrated"
"A92",-4016.376,-4152.018,1475,50,45,45,50,"Polyamide (naturally occurring)",0.939254523355852,"Comparstic LDIR F2Ba Au MP2 240925.xlsx",43.3362242065961,0.9,0.108222940598193,"circle_calibrated"
"A93",-986.284,5979.402,1475,63,36,36,63,"Polyamide (naturally occurring)",0.934617438466672,"Comparstic LDIR F2Ba Au MP2 240925.xlsx",43.3362242065961,1.76923072301354,0.0584023850377724,"circle_calibrated"
"A94",4257.76,1870.856,1462.5,49,42,42,49,"Rubber",0.769118095199971,"Comparstic LDIR F2Ba Au MP2 240925.xlsx",43.1522054381369,0.857142884667332,0.0671294433792824,"circle_calibrated"
"A95",-1246.674,-4978.792,1462.5,45,40,40,45,"Cellulosic",0.936736016673243,"Comparstic LDIR F2Ba Au MP2 240925.xlsx",43.1522054381369,0.888888888888889,0.228775044461935,"circle_calibrated"
"A96",-4411.862,-1086.072,1425,60,32,32,60,"Cellulosic",0.949829707431432,"Comparstic LDIR F2Ba Au MP2 240925.xlsx",42.5953794588991,1.88888877233464,0.0469233657764718,"circle_calibrated"
"A97",773.656,304.771999999999,1425,57,35,35,57,"Rubber",0.731294542350706,"Comparstic LDIR F2Ba Au MP2 240925.xlsx",42.5953794588991,1.5999998381561,0.226323982236288,"circle_calibrated"
"A98",4802.408,2764.008,1425,53,35,35,53,"Polyamide (naturally occurring)",0.970435445372751,"Comparstic LDIR F2Ba Au MP2 240925.xlsx",42.5953794588991,0.666666666666667,0.1619312688674,"circle_calibrated"
"A99",-999.414,3888.274,1412.5,55,34,34,55,"Polyamide (naturally occurring)",0.94536476687416,"Comparstic LDIR F2Ba Au MP2 240925.xlsx",42.408146115321,0.618181835521351,0.180957250283015,"circle_calibrated"
"A100",2177.656,2934.412,1412.5,49,43,43,49,"Polyamide (naturally occurring)",0.88344206265084,"Comparstic LDIR F2Ba Au MP2 240925.xlsx",42.408146115321,1.12903230457938,0.387001035973799,"circle_calibrated"
"A101",3303.508,290.654,1400,45,40,40,45,"Polyamide (naturally occurring)",0.92007180937491,"Comparstic LDIR F2Ba Au MP2 240925.xlsx",42.2200824564475,0.888888888888889,0.279578442864844,"circle_calibrated"
"A102",-3020.472,539.916,1387.5,45,40,40,45,"Polyamide (naturally occurring)",0.896877786873762,"Comparstic LDIR F2Ba Au MP2 240925.xlsx",42.0311773368298,1.125,0.0449377752145146,"circle_calibrated"
"A103",-2263.794,-3068.52,1375,65,41,41,65,"Polyamide (naturally occurring)",0.805443938699752,"Comparstic LDIR F2Ba Au MP2 240925.xlsx",41.84141935942,0.627906964891254,0.297698440816278,"circle_calibrated"
"A104",1180.712,5790.668,1350,60,30,30,60,"Polyamide (naturally occurring)",0.878473654949501,"Comparstic LDIR F2Ba Au MP2 240925.xlsx",41.4592979365603,2,2.057418336628,"circle_calibrated"
"A105",6048.874,99.45,1312.5,49,36,36,49,"Polyamide (naturally occurring)",0.957740705779612,"Comparstic LDIR F2Ba Au MP2 240925.xlsx",40.8794190573313,0.727272652371551,0.475328846631458,"circle_calibrated"
"A106",1469.546,4139.304,1312.5,40,40,40,40,"Polyamide (naturally occurring)",0.914073981047385,"Comparstic LDIR F2Ba Au MP2 240925.xlsx",40.8794190573313,1,0.410546665708097,"circle_calibrated"
"A107",3912.48,-4908.904,1300,60,33,33,60,"Polyamide (naturally occurring)",0.94860957659758,"Comparstic LDIR F2Ba Au MP2 240925.xlsx",40.6842894512822,1.82258054568935,0.0567594169507166,"circle_calibrated"
"A108",-5276.96,748.098,1300,103,23,23,103,"Cellulosic",0.872267480562829,"Comparstic LDIR F2Ba Au MP2 240925.xlsx",40.6842894512822,4.51923051991095,0.211561183284515,"circle_calibrated"
"A109",-1141.374,5386.42,1287.5,46,35,35,46,"Polyamide (naturally occurring)",0.91345423626879,"Comparstic LDIR F2Ba Au MP2 240925.xlsx",40.4882194452476,0.769230817113582,0.12772948968308,"circle_calibrated"
"A110",3980.912,-4147.988,1275,40,40,40,40,"Polyamide (naturally occurring)",0.911695689243465,"Comparstic LDIR F2Ba Au MP2 240925.xlsx",40.291195310357,1,2.10704697293709,"circle_calibrated"
"A111",-5736.406,1707.004,1262.5,42,39,39,42,"Carbonate",0.874503002090825,"Comparstic LDIR F2Ba Au MP2 240925.xlsx",40.0932029804073,0.9166666853986,0.0416541457125077,"circle_calibrated"
"A112",-3274.518,-3784.222,1250,62,28,28,62,"Cellulosic",0.916479030282102,"Comparstic LDIR F2Ba Au MP2 240925.xlsx",39.8942280401433,2.25000012894456,0.270868671059677,"circle_calibrated"
"A113",-1880.138,-1516.008,1250,58,29,29,58,"Polyamide (naturally occurring)",0.914672228900686,"Comparstic LDIR F2Ba Au MP2 240925.xlsx",39.8942280401433,0.499999958990759,0.108826683905052,"circle_calibrated"
"A114",4234.464,2475.538,1237.5,74,27,27,74,"Cellulosic",0.885332988884678,"Comparstic LDIR F2Ba Au MP2 240925.xlsx",39.6942557130092,2.77419330535399,0.07979587395605,"circle_calibrated"
"A115",-3926.338,-1833.364,1225,49,34,34,49,"Polyamide (naturally occurring)",0.932774540992415,"Comparstic LDIR F2Ba Au MP2 240925.xlsx",39.4932708483429,1.46666673301051,0.109557430934781,"circle_calibrated"
"A116",3351.27,4650.698,1212.5,40,35,35,40,"Polyamide (naturally occurring)",0.899545375294274,"Comparstic LDIR F2Ba Au MP2 240925.xlsx",39.2912579079798,0.875,0.448485445642546,"circle_calibrated"
"A117",-2806.596,-2277.106,1212.5,67,27,27,67,"Polycarbonate",0.714527233622709,"Comparstic LDIR F2Ba Au MP2 240925.xlsx",39.2912579079798,0.395348846291433,0.00648860874498647,"circle_calibrated"
"A118",6364.15,-188.448,1187.5,50,30,30,50,"Polyamide (naturally occurring)",0.899157106870072,"Comparstic LDIR F2Ba Au MP2 240925.xlsx",38.8840836252188,1.66666666666667,0.0932145714865953,"circle_calibrated"
"A119",-163.878000000001,-5591.482,1175,60,35,35,60,"Polyethylene terephthalate",0.87396817573455,"Comparstic LDIR F2Ba Au MP2 240925.xlsx",38.6788891394752,0.588235312784764,0.0699080800850176,"circle_calibrated"
"A120",-2114.008,3112.2,1175,69,25,25,69,"Cellulosic",0.955462782980767,"Comparstic LDIR F2Ba Au MP2 240925.xlsx",38.6788891394752,0.35483870191084,0.0461965973715381,"circle_calibrated"
"A121",-2074.41,786.032,1175,50,30,30,50,"Polyamide (naturally occurring)",0.917022459004057,"Comparstic LDIR F2Ba Au MP2 240925.xlsx",38.6788891394752,0.6,0.187366922576884,"circle_calibrated"
"A122",1075.23,-1728.142,1150,57,28,28,57,"Polyamide (naturally occurring)",0.970035437145177,"Comparstic LDIR F2Ba Au MP2 240925.xlsx",38.2651992866291,0.5,0.0642528230375068,"circle_calibrated"
"A123",5002.244,-1948.05,1150,42,35,35,42,"Polyamide (naturally occurring)",0.967228630447921,"Comparstic LDIR F2Ba Au MP2 240925.xlsx",38.2651992866291,1.19999994605203,0.266081733609347,"circle_calibrated"
"A124",115.102,2195.076,1150,49,31,31,49,"Polyamide (naturally occurring)",0.927433535301946,"Comparstic LDIR F2Ba Au MP2 240925.xlsx",38.2651992866291,0.636363601116024,0.106637720831448,"circle_calibrated"
"A125",1229.072,5408.65,1150,40,35,35,40,"Polyamide (naturally occurring)",0.948391180267762,"Comparstic LDIR F2Ba Au MP2 240925.xlsx",38.2651992866291,1.14285714285714,2.06448735851829,"circle_calibrated"
"A126",-3666.312,3004.872,1137.5,65,24,24,65,"Polyamide (naturally occurring)",0.951513394065782,"Comparstic LDIR F2Ba Au MP2 240925.xlsx",38.0566680377598,2.71428570009993,0.971588988134723,"circle_calibrated"
"A127",-5468.112,1038.7,1137.5,40,35,35,40,"Polyamide (naturally occurring)",0.932803804108519,"Comparstic LDIR F2Ba Au MP2 240925.xlsx",38.0566680377598,0.875,0.0262363764058342,"circle_calibrated"
"A128",4624.724,-3827.408,1137.5,49,32,32,49,"Polyamide (naturally occurring)",0.909828476003282,"Comparstic LDIR F2Ba Au MP2 240925.xlsx",38.0566680377598,0.645161326411559,0.0859387753367786,"circle_calibrated"
"A129",-3329.04,710.423999999999,1125,40,35,35,40,"Polyamide (naturally occurring)",0.925494398314711,"Comparstic LDIR F2Ba Au MP2 240925.xlsx",37.8469878303024,0.875,0.0273079007515944,"circle_calibrated"
"A130",-852.566,4059.12,1125,52,35,35,52,"Polyamide (naturally occurring)",0.937622494627555,"Comparstic LDIR F2Ba Au MP2 240925.xlsx",37.8469878303024,1.4705883994562,0.0393416093498207,"circle_calibrated"
"A131",-1868.984,413.738,1125,74,23,23,74,"Polyamide (naturally occurring)",0.922771687456672,"Comparstic LDIR F2Ba Au MP2 240925.xlsx",37.8469878303024,0.306666677472898,0.0664441882361047,"circle_calibrated"
"A132",3955.796,-3831.412,1112.5,50,30,30,50,"Polyamide (naturally occurring)",0.933069125103516,"Comparstic LDIR F2Ba Au MP2 240925.xlsx",37.6361394608675,0.6,0.0595224073531202,"circle_calibrated"
"A133",-5507.112,-559.728000000001,1100,65,27,27,65,"Polyamide (naturally occurring)",0.9363918972627,"Comparstic LDIR F2Ba Au MP2 240925.xlsx",37.4241031850956,2.44186044224542,2.08445203186894,"circle_calibrated"
"A134",-3601.728,-2664.168,1100,40,35,35,40,"Cellulosic",0.851687567362317,"Comparstic LDIR F2Ba Au MP2 240925.xlsx",37.4241031850956,1.14285714285714,0.184720546895609,"circle_calibrated"
"A135",-2774.798,-5439.46,1087.5,40,35,35,40,"Polyamide (naturally occurring)",0.93285967297164,"Comparstic LDIR F2Ba Au MP2 240925.xlsx",37.2108586960781,0.875,2.04035559843841,"circle_calibrated"
"A136",-3658.616,2886,1087.5,40,35,35,40,"Polyamide (naturally occurring)",0.935471825715886,"Comparstic LDIR F2Ba Au MP2 240925.xlsx",37.2108586960781,0.875,2.04035559843841,"circle_calibrated"
"A137",-1607.606,-5981.04,1062.5,40,35,35,40,"Polyamide (naturally occurring)",0.928388537933136,"Comparstic LDIR F2Ba Au MP2 240925.xlsx",36.7806609005481,0.875,0.0201599074863077,"circle_calibrated"
"A138",598.52,1797.484,1062.5,55,25,25,55,"Polyethylene terephthalate",0.913744115578168,"Comparstic LDIR F2Ba Au MP2 240925.xlsx",36.7806609005481,2.2,0.017581545065259,"circle_calibrated"
"A139",-3787.966,-1396.642,1050,49,40,40,49,"Polyamide (naturally occurring)",0.923709636857136,"Comparstic LDIR F2Ba Au MP2 240925.xlsx",36.5636639571573,0.818181800558012,0.038053179297773,"circle_calibrated"
"A140",-1635.816,342.264,1050,40,35,35,40,"Polyamide (naturally occurring)",0.959788191092708,"Comparstic LDIR F2Ba Au MP2 240925.xlsx",36.5636639571573,0.875,0.0954656190682015,"circle_calibrated"
"A141",-5383.976,-1568.398,1037.5,55,25,25,55,"Polyethylene terephthalate",0.948961338968528,"Comparstic LDIR F2Ba Au MP2 240925.xlsx",36.3453714750961,0.454545454545455,0.0399837395266709,"circle_calibrated"
"A142",-1862.536,-1916.304,1037.5,60,27,27,60,"Polyamide (naturally occurring)",0.953825080018043,"Comparstic LDIR F2Ba Au MP2 240925.xlsx",36.3453714750961,0.444444418117524,0.0468063998718984,"circle_calibrated"
"A143",-3205.436,2269.982,1012.5,45,30,30,45,"Carbonate",0.802803126661236,"Comparstic LDIR F2Ba Au MP2 240925.xlsx",35.9048052361289,1.5,0.142926436068003,"circle_calibrated"
"A144",939.406,4794.374,987.5,50,25,25,50,"Polyamide (naturally occurring)",0.900482979042572,"Comparstic LDIR F2Ba Au MP2 240925.xlsx",35.4587654949516,2,0.193313103214497,"circle_calibrated"
"A145",-944.268,-6378.814,987.5,38,31,31,38,"Polyamide (naturally occurring)",0.97741251978851,"Comparstic LDIR F2Ba Au MP2 240925.xlsx",35.4587654949516,0.823529492931798,0.0711883661315575,"circle_calibrated"
"A146",1103.908,2913.404,975,35,35,35,35,"Polyamide (naturally occurring)",0.93025516856779,"Comparstic LDIR F2Ba Au MP2 240925.xlsx",35.2336281997296,1,2.0535582879861,"circle_calibrated"
"A147",-5207.28,2590.666,975,46,28,28,46,"Polyamide (naturally occurring)",0.937900148445519,"Comparstic LDIR F2Ba Au MP2 240925.xlsx",35.2336281997296,0.620689730477352,0.0518718959779128,"circle_calibrated"
"A148",1698.32,-4674.514,962.5,43,31,31,43,"Polyamide (naturally occurring)",0.899673539667777,"Comparstic LDIR F2Ba Au MP2 240925.xlsx",35.0070430314757,1.38709687839314,0.0334187277109339,"circle_calibrated"
"A149",1036.698,6208.982,962.5,40,30,30,40,"Polyamide (naturally occurring)",0.941494671029114,"Comparstic LDIR F2Ba Au MP2 240925.xlsx",35.0070430314757,1.33333333333333,0.0295276574899066,"circle_calibrated"
"A150",3048.786,-3538.6,962.5,35,35,35,35,"Cellulosic",0.911131013108027,"Comparstic LDIR F2Ba Au MP2 240925.xlsx",35.0070430314757,1,2.08321449756899,"circle_calibrated"
"A151",857.558,3477.994,950,57,21,21,57,"Cellulosic",0.970433624467308,"Comparstic LDIR F2Ba Au MP2 240925.xlsx",34.7789816915102,0.375000021073426,0.0713619433381505,"circle_calibrated"
"A152",1746.888,-3845.192,937.5,35,30,30,35,"Rubber",0.772333042386798,"Comparstic LDIR F2Ba Au MP2 240925.xlsx",34.5494149471335,1.16666666666667,2.04028127662482,"circle_calibrated"
"A153",142.271999999999,5411.588,925,40,30,30,40,"Polyamide (naturally occurring)",0.878134211710042,"Comparstic LDIR F2Ba Au MP2 240925.xlsx",34.3183125878885,0.75,2.0222792874003,"circle_calibrated"
"A154",-184.6,-4285.632,925,35,32,32,35,"Polytetrafluoroethylene",0.659396083088727,"Comparstic LDIR F2Ba Au MP2 240925.xlsx",34.3183125878885,1.11111124431598,1.99060491089931,"circle_calibrated"
"A155",370.682,-5332.496,912.5,39,32,32,39,"Polyamide (naturally occurring)",0.924571891780872,"Comparstic LDIR F2Ba Au MP2 240925.xlsx",34.0856433791536,1.22222233877648,2.02508379135562,"circle_calibrated"
"A156",-1815.996,-832.988,900,36,34,34,36,"Cellulosic",0.839816627593298,"Comparstic LDIR F2Ba Au MP2 240925.xlsx",33.8513750128654,1.06666668088321,2.05139934734826,"circle_calibrated"
"A157",-3068.026,4305.99,887.5,40,30,30,40,"Polyamide (naturally occurring)",0.947236752252524,"Comparstic LDIR F2Ba Au MP2 240925.xlsx",33.6154740551499,1.33333333333333,0.0570065205747361,"circle_calibrated"
"A158",-3433.924,2321.878,887.5,56,32,32,56,"Cellulosic",0.939837039840846,"Comparstic LDIR F2Ba Au MP2 240925.xlsx",33.6154740551499,0.577235796726732,0.120501758919295,"circle_calibrated"
"A159",2274.61,-15.2360000000003,875,40,25,25,40,"Polyvinyl chloride",0.674151835167838,"Comparstic LDIR F2Ba Au MP2 240925.xlsx",33.3779058906227,0.625,0.0475461629925851,"circle_calibrated"
"A160",-375.05,4343.612,875,38,31,31,38,"Carbonate",0.819768104945177,"Comparstic LDIR F2Ba Au MP2 240925.xlsx",33.3779058906227,0.82352944128001,2.05322944877661,"circle_calibrated"
"A161",754.52,6371.742,862.5,49,35,35,49,"Polyamide",0.809742489366288,"Comparstic LDIR F2Ba Au MP2 240925.xlsx",33.1386346630949,1.40000002697398,2.01988956911605,"circle_calibrated"
"A162",-2382.146,2143.05,850,56,22,22,56,"Polyamide (naturally occurring)",0.921464999904045,"Comparstic LDIR F2Ba Au MP2 240925.xlsx",32.8976232123977,2.50000021357691,0.262185104470491,"circle_calibrated"
"A163",-5118.1,-728,850,35,35,35,35,"Cellulosic",0.948296980620076,"Comparstic LDIR F2Ba Au MP2 240925.xlsx",32.8976232123977,1,1.98015549502497,"circle_calibrated"
"A164",-2732.782,2095.964,837.5,41,28,28,41,"Polyamide (naturally occurring)",0.958400288917463,"Comparstic LDIR F2Ba Au MP2 240925.xlsx",32.6548330070098,0.6818181287635,0.0737189594660146,"circle_calibrated"
"A165",231.946,-5966.922,825,46,27,27,46,"Cellulosic",0.957407166211825,"Comparstic LDIR F2Ba Au MP2 240925.xlsx",32.4102240721429,0.57999997740295,0.0755076177792173,"circle_calibrated"
"A166",522.132,2476.162,825,35,30,30,35,"Polyamide (naturally occurring)",0.894654602117043,"Comparstic LDIR F2Ba Au MP2 240925.xlsx",32.4102240721429,0.857142857142857,0.026013580183287,"circle_calibrated"
"A167",-1870.18,3876.574,812.5,35,30,30,35,"Rubber",0.857084832986266,"Comparstic LDIR F2Ba Au MP2 240925.xlsx",32.1637549129034,1.16666666666667,0.0443627188514837,"circle_calibrated"
"A168",4537.286,625.066,812.5,35,35,35,35,"Polyamide (naturally occurring)",0.965773891299914,"Comparstic LDIR F2Ba Au MP2 240925.xlsx",32.1637549129034,1,1.82021939184802,"circle_calibrated"
"A169",2291.51,-4077.476,800,45,25,25,45,"Polyamide",0.694726033409494,"Comparstic LDIR F2Ba Au MP2 240925.xlsx",31.9153824321146,1.8,0.100426460832168,"circle_calibrated"
"A170",1258.53,-4250.61,800,34,31,31,34,"Polyamide (naturally occurring)",0.94995253895931,"Comparstic LDIR F2Ba Au MP2 240925.xlsx",31.9153824321146,1.07142858230857,0.045875428047752,"circle_calibrated"
"A171",1058.616,3556.592,800,35,28,28,35,"Polycarbonate",0.838984365484226,"Comparstic LDIR F2Ba Au MP2 240925.xlsx",31.9153824321146,1.25000012644056,1.88167624644819,"circle_calibrated"
"A172",-1330.446,1342.692,800,42,27,27,42,"Polyamide (naturally occurring)",0.929841015772383,"Comparstic LDIR F2Ba Au MP2 240925.xlsx",31.9153824321146,1.58333334814223,0.00768893865546483,"circle_calibrated"
"A173",-1717.95,-5607.134,800,42,28,28,42,"Polyamide (naturally occurring)",0.885576840828974,"Comparstic LDIR F2Ba Au MP2 240925.xlsx",31.9153824321146,1.49999995701848,0.0247833720147645,"circle_calibrated"
"A174",-1116.466,3281.2,787.5,55,20,20,55,"Carbonate",0.864125561005239,"Comparstic LDIR F2Ba Au MP2 240925.xlsx",31.6650618423356,0.363636363636364,0.0519599305733869,"circle_calibrated"
"A175",6136.286,1530.048,787.5,35,30,30,35,"Cellulosic",0.896571768697195,"Comparstic LDIR F2Ba Au MP2 240925.xlsx",31.6650618423356,0.857142857142857,1.78896684834392,"circle_calibrated"
"A176",1979.666,3874.104,787.5,35,30,30,35,"Polyamide (naturally occurring)",0.970222003369141,"Comparstic LDIR F2Ba Au MP2 240925.xlsx",31.6650618423356,0.857142857142857,1.78896684834392,"circle_calibrated"
"A177",-5510.388,-1133.106,775,40,25,25,40,"Polyamide (naturally occurring)",0.924178145895416,"Comparstic LDIR F2Ba Au MP2 240925.xlsx",31.4127465715711,0.625,1.87747253129259,"circle_calibrated"
"A178",-5939.882,1022.554,775,30,30,30,30,"Polyamide (naturally occurring)",0.933518357332773,"Comparstic LDIR F2Ba Au MP2 240925.xlsx",31.4127465715711,1,1.8215483812243,"circle_calibrated"
"A179",5183.776,-1531.114,775,35,30,30,35,"Polyamide (naturally occurring)",0.950747285026925,"Comparstic LDIR F2Ba Au MP2 240925.xlsx",31.4127465715711,1.16666666666667,1.18838720999124,"circle_calibrated"
"A180",1012.96,2172.04,775,30,30,30,30,"Carbonate",0.686957881547874,"Comparstic LDIR F2Ba Au MP2 240925.xlsx",31.4127465715711,1,1.84992754813361,"circle_calibrated"
"A181",-2827.422,-5579.756,775,40,30,30,40,"Polyamide (naturally occurring)",0.917362687058753,"Comparstic LDIR F2Ba Au MP2 240925.xlsx",31.4127465715711,1.33333333333333,0.027111224578279,"circle_calibrated"
"A182",-4464.356,537.264,775,57,21,21,57,"Cellulosic",0.915730224189129,"Comparstic LDIR F2Ba Au MP2 240925.xlsx",31.4127465715711,2.6666665168112,0.205564284561856,"circle_calibrated"
"A183",-5161.156,-2350.608,762.5,35,30,30,35,"Polyamide (naturally occurring)",0.933151115187775,"Comparstic LDIR F2Ba Au MP2 240925.xlsx",31.1583881621075,1.16666666666667,0.0516753656977702,"circle_calibrated"
"A184",-534.196,-5216.588,762.5,35,25,25,35,"Cellulosic",0.857782237441678,"Comparstic LDIR F2Ba Au MP2 240925.xlsx",31.1583881621075,1.4,0.506378482747628,"circle_calibrated"
"A185",370.578000000001,-6127.342,762.5,33,29,29,33,"Polyamide (naturally occurring)",0.888156963241818,"Comparstic LDIR F2Ba Au MP2 240925.xlsx",31.1583881621075,0.874999937318622,0.25381468142195,"circle_calibrated"
"A186",5659.212,-3032.692,762.5,32,28,28,32,"Polyamide (naturally occurring)",0.955234345501191,"Comparstic LDIR F2Ba Au MP2 240925.xlsx",31.1583881621075,1.12499997892657,0.205639029265583,"circle_calibrated"
"A187",2361.242,3876.6,762.5,44,24,24,44,"Polyamide (naturally occurring)",0.920401598358279,"Comparstic LDIR F2Ba Au MP2 240925.xlsx",31.1583881621075,1.88235281029849,1.9889098079965,"circle_calibrated"
"A188",-4667.26,-2669.316,762.5,50,20,20,50,"Cellulosic",0.951939672642685,"Comparstic LDIR F2Ba Au MP2 240925.xlsx",31.1583881621075,2.5,0.0402680268146847,"circle_calibrated"
"A189",-1343.212,2998.97,750,35,28,28,35,"Polyamide (naturally occurring)",0.916358019690294,"Comparstic LDIR F2Ba Au MP2 240925.xlsx",30.9019361618552,1.25000012644056,0.503835422771157,"circle_calibrated"
"A190",2164.006,-3759.184,750,35,28,28,35,"Polyamide (naturally occurring)",0.951073079205133,"Comparstic LDIR F2Ba Au MP2 240925.xlsx",30.9019361618552,0.799999919078051,0.518020057763113,"circle_calibrated"
"A191",-1454.96,-6155.526,750,32,32,32,32,"Carbonate",0.640328729755508,"Comparstic LDIR F2Ba Au MP2 240925.xlsx",30.9019361618552,1.00000014985548,0.146998241964246,"circle_calibrated"
"A192",844.271999999999,-4936.516,750,35,30,30,35,"Polyamide (naturally occurring)",0.971536211064836,"Comparstic LDIR F2Ba Au MP2 240925.xlsx",30.9019361618552,0.857142857142857,0.547007594636365,"circle_calibrated"
"A193",-54.6,-870.324,737.5,40,25,25,40,"Polyamide (naturally occurring)",0.970980710900523,"Comparstic LDIR F2Ba Au MP2 240925.xlsx",30.6433380075047,1.6,1.82482069810509,"circle_calibrated"
"A194",4488.328,-4571.242,737.5,40,20,20,40,"Polyamide (naturally occurring)",0.884271822228978,"Comparstic LDIR F2Ba Au MP2 240925.xlsx",30.6433380075047,2,0.0480506556655791,"circle_calibrated"
"A195",-4498.624,566.8,737.5,30,30,30,30,"Chitin",0.759995023201463,"Comparstic LDIR F2Ba Au MP2 240925.xlsx",30.6433380075047,1,0.774809573415165,"circle_calibrated"
"A196",4595.188,517.556,737.5,35,30,30,35,"Polyamide (naturally occurring)",0.90807277105187,"Comparstic LDIR F2Ba Au MP2 240925.xlsx",30.6433380075047,0.857142857142857,0.575320911600454,"circle_calibrated"
"A197",189.566,5346.9,737.5,30,30,30,30,"Polyamide (naturally occurring)",0.926626991285697,"Comparstic LDIR F2Ba Au MP2 240925.xlsx",30.6433380075047,1,0.774809573415165,"circle_calibrated"
"A198",-2845.7,-1902.446,737.5,30,30,30,30,"Polyamide (naturally occurring)",0.947245249153435,"Comparstic LDIR F2Ba Au MP2 240925.xlsx",30.6433380075047,1,0.73844192924429,"circle_calibrated"
"A199",-2567.032,447.823999999999,737.5,35,25,25,35,"Polyamide (naturally occurring)",0.949374759682262,"Comparstic LDIR F2Ba Au MP2 240925.xlsx",30.6433380075047,1.4,0.418974841209759,"circle_calibrated"
"A200",-4561.622,3811.366,725,30,30,30,30,"Polyamide (naturally occurring)",0.937432938110214,"Comparstic LDIR F2Ba Au MP2 240925.xlsx",30.3825388987325,1,0.739366001387668,"circle_calibrated"
"A201",-2120.508,572,725,35,25,25,35,"Polyamide (naturally occurring)",0.940423370402516,"Comparstic LDIR F2Ba Au MP2 240925.xlsx",30.3825388987325,1.4,0.0874222083119305,"circle_calibrated"
"A202",2332.876,3563.222,725,40,25,25,40,"Polyamide (naturally occurring)",0.95017311182442,"Comparstic LDIR F2Ba Au MP2 240925.xlsx",30.3825388987325,1.6,0.087575116305787,"circle_calibrated"
"A203",-3077.594,-2753.088,725,35,25,25,35,"Polyamide (naturally occurring)",0.963845759382545,"Comparstic LDIR F2Ba Au MP2 240925.xlsx",30.3825388987325,1.4,0.0482014951586489,"circle_calibrated"
"A204",-5329.896,-526.318,725,41,28,28,41,"Polyethylene terephthalate",0.858466609997686,"Comparstic LDIR F2Ba Au MP2 240925.xlsx",30.3825388987325,0.690476187719499,1.82609483084901,"circle_calibrated"
"A205",-426.816,-4079.66,725,37,26,26,37,"Polyamide (naturally occurring)",0.972780674923961,"Comparstic LDIR F2Ba Au MP2 240925.xlsx",30.3825388987325,1.42105267444141,0.0198842396884991,"circle_calibrated"
"A206",-3081.988,3598.166,712.5,35,25,25,35,"Polyamide (naturally occurring)",0.949650640398687,"Comparstic LDIR F2Ba Au MP2 240925.xlsx",30.1194816626018,0.714285714285714,0.0212403014306295,"circle_calibrated"
"A207",-546.702,-2073.968,712.5,35,25,25,35,"Polyamide (naturally occurring)",0.941450452795813,"Comparstic LDIR F2Ba Au MP2 240925.xlsx",30.1194816626018,1.4,0.0212403014306295,"circle_calibrated"
"A208",-4829.006,676.364,712.5,34,31,31,34,"Polyamide (naturally occurring)",0.911035875201105,"Comparstic LDIR F2Ba Au MP2 240925.xlsx",30.1194816626018,1.07142858230857,0.0163159840101541,"circle_calibrated"
"A209",-350.142,2981.212,712.5,36,28,28,36,"Polyamide (naturally occurring)",0.940334600848329,"Comparstic LDIR F2Ba Au MP2 240925.xlsx",30.1194816626018,0.783783837065053,0.452641324892215,"circle_calibrated"
"A210",-322.764,3392.948,712.5,32,28,28,32,"Polyamide (naturally occurring)",0.93579021553149,"Comparstic LDIR F2Ba Au MP2 240925.xlsx",30.1194816626018,0.888888905539498,0.0164555759225544,"circle_calibrated"
"A211",-777.608,3917.082,712.5,30,30,30,30,"Polyamide (naturally occurring)",0.934788459042757,"Comparstic LDIR F2Ba Au MP2 240925.xlsx",30.1194816626018,1,0.759015530356148,"circle_calibrated"
"A212",-5350.592,-3306.628,700,36,28,28,36,"Polyamide (naturally occurring)",0.930803105523634,"Comparstic LDIR F2Ba Au MP2 240925.xlsx",29.8541066072092,1.30000010315565,0.819787568698242,"circle_calibrated"
"A213",2221.492,-4762.81,700,42,21,21,42,"Polycarbonate",0.692949627009735,"Comparstic LDIR F2Ba Au MP2 240925.xlsx",29.8541066072092,0.5,1.80008491906736,"circle_calibrated"
"A214",4521.374,437.138,700,35,25,25,35,"Polyamide (naturally occurring)",0.853869071996376,"Comparstic LDIR F2Ba Au MP2 240925.xlsx",29.8541066072092,0.714285714285714,0.0227720862591161,"circle_calibrated"
"A215",3541.2,-2158.338,700,35,25,25,35,"Polyamide (naturally occurring)",0.91235335604251,"Comparstic LDIR F2Ba Au MP2 240925.xlsx",29.8541066072092,1.4,0.0423805576474923,"circle_calibrated"
"A216",-3187.236,-4550.858,687.5,32,28,28,32,"Polyamide (naturally occurring)",0.952123909011037,"Comparstic LDIR F2Ba Au MP2 240925.xlsx",29.586351363516,0.888888905539498,0.0195773266367396,"circle_calibrated"
"A217",-2913.43,2580.006,687.5,53,22,22,53,"Polyethylene terephthalate",0.90668700525846,"Comparstic LDIR F2Ba Au MP2 240925.xlsx",29.586351363516,2.4444443959,0.0977019848788294,"circle_calibrated"
"A218",-2105.896,-2834.546,675,30,30,30,30,"Carbonate",0.739916183928179,"Comparstic LDIR F2Ba Au MP2 240925.xlsx",29.3161507141752,1,0.649888531902845,"circle_calibrated"
"A219",941.096,-5456.932,675,35,25,25,35,"Polycarbonate",0.864297192693158,"Comparstic LDIR F2Ba Au MP2 240925.xlsx",29.3161507141752,0.714285714285714,0.026013580183287,"circle_calibrated"
"A220",3906.734,2530.476,675,30,30,30,30,"Polyamide (naturally occurring)",0.940643229375813,"Comparstic LDIR F2Ba Au MP2 240925.xlsx",29.3161507141752,1,0.68625617607372,"circle_calibrated"
"A221",-44.5119999999997,3180.892,675,30,25,25,30,"Polyamide (naturally occurring)",0.866809520082321,"Comparstic LDIR F2Ba Au MP2 240925.xlsx",29.3161507141752,0.833333333333333,0.632188954803444,"circle_calibrated"
"A222",-3945.032,-2720.432,675,30,25,25,30,"Polyamide (naturally occurring)",0.937795511675505,"Comparstic LDIR F2Ba Au MP2 240925.xlsx",29.3161507141752,1.2,0.649888531902845,"circle_calibrated"
"A223",-3772.314,74.3340000000004,675,28,28,28,28,"Polyamide (naturally occurring)",0.959281921288804,"Comparstic LDIR F2Ba Au MP2 240925.xlsx",29.3161507141752,1,0.856554152976257,"circle_calibrated"
"A224",1098.89,-851.136,675,42,22,22,42,"Rubber",0.805345164262843,"Comparstic LDIR F2Ba Au MP2 240925.xlsx",29.3161507141752,0.526315765845089,0.475649443535568,"circle_calibrated"
"A225",-2917.434,-2017.86,662.5,35,25,25,35,"Polyamide (naturally occurring)",0.922057074096031,"Comparstic LDIR F2Ba Au MP2 240925.xlsx",29.0434364080259,1.42857153866933,0.109863157989237,"circle_calibrated"
"A226",993.044,2028.988,662.5,30,25,25,30,"Cellulosic",0.857929704870774,"Comparstic LDIR F2Ba Au MP2 240925.xlsx",29.0434364080259,1.2,0.744525084197695,"circle_calibrated"
"A227",-949.91,-4701.554,662.5,35,25,25,35,"Polyethylene terephthalate",0.879502786203839,"Comparstic LDIR F2Ba Au MP2 240925.xlsx",29.0434364080259,0.714285714285714,0.0806527202566842,"circle_calibrated"
"A228",1070.368,839.280000000001,662.5,35,25,25,35,"Polyamide (naturally occurring)",0.91486452605047,"Comparstic LDIR F2Ba Au MP2 240925.xlsx",29.0434364080259,1.4,0.0915817907888741,"circle_calibrated"
"A229",827.762,1561.456,662.5,30,25,25,30,"Rubber",0.70451537726586,"Comparstic LDIR F2Ba Au MP2 240925.xlsx",29.0434364080259,0.833333333333333,0.579010645720122,"circle_calibrated"
"A230",862.576000000001,-536.354,662.5,30,30,30,30,"Chitin",0.828103633690543,"Comparstic LDIR F2Ba Au MP2 240925.xlsx",29.0434364080259,1,0.579010645720122,"circle_calibrated"
"A231",804.336,-882.986,662.5,30,25,25,30,"Polyamide (naturally occurring)",0.967814555602615,"Comparstic LDIR F2Ba Au MP2 240925.xlsx",29.0434364080259,1.2,0.579010645720122,"circle_calibrated"
"A232",-1289.262,-178.828000000001,650,30,30,30,30,"Polyamide (naturally occurring)",0.915708199824675,"Comparstic LDIR F2Ba Au MP2 240925.xlsx",28.768136958758,1,0.830837404884826,"circle_calibrated"
"A233",3225.56,3213.054,650,38,25,25,38,"Polyamide (naturally occurring)",0.901091221197316,"Comparstic LDIR F2Ba Au MP2 240925.xlsx",28.768136958758,1.54545430753316,0.0706352598529756,"circle_calibrated"
"A234",-3817.84,-2062.736,650,28,28,28,28,"Polyamide (naturally occurring)",0.944869669401983,"Comparstic LDIR F2Ba Au MP2 240925.xlsx",28.768136958758,1,1.63954044592647,"circle_calibrated"
"A235",1935.44,-4618.562,637.5,39,21,21,39,"Polyamide (naturally occurring)",0.949812015469865,"Comparstic LDIR F2Ba Au MP2 240925.xlsx",28.490177426065,1.8333333707972,0.0467217166474425,"circle_calibrated"
"A236",-912.47,-1786.798,637.5,35,25,25,35,"Polyamide (naturally occurring)",0.915357706517027,"Comparstic LDIR F2Ba Au MP2 240925.xlsx",28.490177426065,1.42857153866933,0.0313755233246722,"circle_calibrated"
"A237",-965.822,-4998.136,637.5,30,25,25,30,"Polyamide (naturally occurring)",0.969545731973827,"Comparstic LDIR F2Ba Au MP2 240925.xlsx",28.490177426065,0.833333333333333,0.811419319027725,"circle_calibrated"
"A238",-1787.942,1224.756,637.5,30,25,25,30,"Polyamide (naturally occurring)",0.909261335902999,"Comparstic LDIR F2Ba Au MP2 240925.xlsx",28.490177426065,1.2,0.686256176073719,"circle_calibrated"
"A239",1129.622,-3458.702,637.5,30,25,25,30,"Cellulosic",0.944614896333655,"Comparstic LDIR F2Ba Au MP2 240925.xlsx",28.490177426065,0.833333333333333,0.686256176073719,"circle_calibrated"
"A240",-5305.066,-599.923999999999,637.5,30,25,25,30,"Polyamide (naturally occurring)",0.948715287677415,"Comparstic LDIR F2Ba Au MP2 240925.xlsx",28.490177426065,1.2,0.78944041230895,"circle_calibrated"
"A241",-2536.976,-4286.204,637.5,30,25,25,30,"Polyamide (naturally occurring)",0.921882136678206,"Comparstic LDIR F2Ba Au MP2 240925.xlsx",28.490177426065,1.2,0.78944041230895,"circle_calibrated"
"A242",-563.758,1343.524,637.5,32,28,28,32,"Polyamide (naturally occurring)",0.948076441487583,"Comparstic LDIR F2Ba Au MP2 240925.xlsx",28.490177426065,0.888888905539498,0.0158955086998496,"circle_calibrated"
"A243",-1699.516,-1328.236,637.5,39,21,21,39,"Polyamide (naturally occurring)",0.914187638323926,"Comparstic LDIR F2Ba Au MP2 240925.xlsx",28.490177426065,1.8333333707972,0.0592392456721436,"circle_calibrated"
"A244",936.676000000001,2284.62,637.5,39,21,21,39,"Polyamide (naturally occurring)",0.92180761624123,"Comparstic LDIR F2Ba Au MP2 240925.xlsx",28.490177426065,1.8333333707972,0.0812181523909181,"circle_calibrated"
"A245",4506.034,1997.866,625,32,25,25,32,"Polyamide (naturally occurring)",0.947139047880254,"Comparstic LDIR F2Ba Au MP2 240925.xlsx",28.2094791773878,1.28571442333666,0.0175990866246332,"circle_calibrated"
"A246",437.944,-1743.742,625,28,28,28,28,"Polyamide (naturally occurring)",0.950522771750033,"Comparstic LDIR F2Ba Au MP2 240925.xlsx",28.2094791773878,1,0.404899662398717,"circle_calibrated"
"A247",501.566,-2080.078,625,30,25,25,30,"Polyamide (naturally occurring)",0.95757956575154,"Comparstic LDIR F2Ba Au MP2 240925.xlsx",28.2094791773878,1.2,0.0397645850828523,"circle_calibrated"
"A248",-5382.442,1365.65,625,30,25,25,30,"Polyamide (naturally occurring)",0.97276566394641,"Comparstic LDIR F2Ba Au MP2 240925.xlsx",28.2094791773878,0.833333333333333,0.503934619279764,"circle_calibrated"
"A249",-4097.262,68.8739999999994,625,35,20,20,35,"Polyamide (naturally occurring)",0.903985177441214,"Comparstic LDIR F2Ba Au MP2 240925.xlsx",28.2094791773878,0.571428571428571,0.0223838121327082,"circle_calibrated"
"A250",-410.176000000001,3516.058,625,39,25,25,39,"Cellulosic",0.883321038884495,"Comparstic LDIR F2Ba Au MP2 240925.xlsx",28.2094791773878,0.636363602924814,0.0614155250947384,"circle_calibrated"
"A251",3654.976,3819.192,625,30,25,25,30,"Polyamide (naturally occurring)",0.945224783067511,"Comparstic LDIR F2Ba Au MP2 240925.xlsx",28.2094791773878,1.2,0.520741737596146,"circle_calibrated"
"A252",5880.29,-1460.602,625,40,20,20,40,"Polyamide (naturally occurring)",0.959672078576031,"Comparstic LDIR F2Ba Au MP2 240925.xlsx",28.2094791773878,2,0.100078578977159,"circle_calibrated"
"A253",2630.316,4172.584,612.5,30,25,25,30,"Polyamide (naturally occurring)",0.957048639492698,"Comparstic LDIR F2Ba Au MP2 240925.xlsx",27.9259596281003,1.2,0.666053468756199,"circle_calibrated"
"A254",1973.92,-3227.77,612.5,35,20,20,35,"Polyamide (naturally occurring)",0.948804958581335,"Comparstic LDIR F2Ba Au MP2 240925.xlsx",27.9259596281003,0.571428571428571,0.0353333121320887,"circle_calibrated"
"A255",300.716,503.1,612.5,30,25,25,30,"Polyamide (naturally occurring)",0.918731642282479,"Comparstic LDIR F2Ba Au MP2 240925.xlsx",27.9259596281003,1.2,0.0306117139519175,"circle_calibrated"
"A256",1878.11,1487.746,612.5,30,25,25,30,"Polyamide (naturally occurring)",0.953831033312895,"Comparstic LDIR F2Ba Au MP2 240925.xlsx",27.9259596281003,1.2,0.450942089139254,"circle_calibrated"
"A257",-2261.272,-3340.766,612.5,30,25,25,30,"Polyethylene terephthalate",0.724431794959143,"Comparstic LDIR F2Ba Au MP2 240925.xlsx",27.9259596281003,0.833333333333333,0.816876358490783,"circle_calibrated"
"A258",-31.1219999999995,-4248.842,600,32,25,25,32,"Polyamide (naturally occurring)",0.928027954200423,"Comparstic LDIR F2Ba Au MP2 240925.xlsx",27.6395319577068,1.28571423066534,0.021228854675212,"circle_calibrated"
"A259",2282.15,1303.562,600,35,21,21,35,"Polyamide (naturally occurring)",0.924933895428387,"Comparstic LDIR F2Ba Au MP2 240925.xlsx",27.6395319577068,0.599999973026017,0.0374422760069102,"circle_calibrated"
"A260",-2281.292,4019.132,600,30,25,25,30,"Sand",0.770421172824445,"Comparstic LDIR F2Ba Au MP2 240925.xlsx",27.6395319577068,1.2,0.466750829244898,"circle_calibrated"
"A261",1387.126,2427.23,600,30,25,25,30,"Polyamide (naturally occurring)",0.967622113903948,"Comparstic LDIR F2Ba Au MP2 240925.xlsx",27.6395319577068,0.833333333333333,0.0438939784248644,"circle_calibrated"
"A262",-5990.348,25.7139999999997,600,35,25,25,35,"Polyamide (naturally occurring)",0.951555409422418,"Comparstic LDIR F2Ba Au MP2 240925.xlsx",27.6395319577068,1.4,0.026013580183287,"circle_calibrated"
"A263",-2673.502,4016.298,600,30,25,25,30,"Polyamide (naturally occurring)",0.949210424715306,"Comparstic LDIR F2Ba Au MP2 240925.xlsx",27.6395319577068,1.2,0.502468911846977,"circle_calibrated"
"A264",-616.226000000001,-966.966,600,30,25,25,30,"Polyamide (naturally occurring)",0.972102100468779,"Comparstic LDIR F2Ba Au MP2 240925.xlsx",27.6395319577068,1.2,0.0671508405891315,"circle_calibrated"
"A265",-4390.88,-2325.596,600,30,25,25,30,"Polyamide (naturally occurring)",0.935189290172542,"Comparstic LDIR F2Ba Au MP2 240925.xlsx",27.6395319577068,1.2,0.0909614892828499,"circle_calibrated"
"A266",4092.114,-2923.076,600,30,25,25,30,"Polyamide (naturally occurring)",0.958380848164594,"Comparstic LDIR F2Ba Au MP2 240925.xlsx",27.6395319577068,0.833333333333333,0.398928232906137,"circle_calibrated"
"A267",-452.478000000001,-5857.722,600,30,25,25,30,"Polyamide (naturally occurring)",0.9649490125108,"Comparstic LDIR F2Ba Au MP2 240925.xlsx",27.6395319577068,1.2,0.398928232906137,"circle_calibrated"
"A268",3676.946,703.014,600,30,25,25,30,"Polyamide (naturally occurring)",0.97133510260454,"Comparstic LDIR F2Ba Au MP2 240925.xlsx",27.6395319577068,1.2,0.398928232906137,"circle_calibrated"
"A269",965.588,1941.836,600,30,25,25,30,"Polyamide (naturally occurring)",0.957101745689369,"Comparstic LDIR F2Ba Au MP2 240925.xlsx",27.6395319577068,1.2,0.449359086533028,"circle_calibrated"
"A270",-379.521999999999,1176.968,600,36,28,28,36,"Polyamide (naturally occurring)",0.937971985734079,"Comparstic LDIR F2Ba Au MP2 240925.xlsx",27.6395319577068,0.785714295171479,0.0400990186666352,"circle_calibrated"
"A271",-2978.456,-3846.856,587.5,35,20,20,35,"Cellulosic",0.957588050747499,"Comparstic LDIR F2Ba Au MP2 240925.xlsx",27.3501047992857,0.571428571428571,0.231858898152038,"circle_calibrated"
"A272",568.23,-1307.072,587.5,35,25,25,35,"Polyamide (naturally occurring)",0.969211173944635,"Comparstic LDIR F2Ba Au MP2 240925.xlsx",27.3501047992857,0.714285714285714,0.0679710430469218,"circle_calibrated"
"A273",253.448,4835.844,587.5,48,22,22,48,"Polyamide (naturally occurring)",0.93235243343228,"Comparstic LDIR F2Ba Au MP2 240925.xlsx",27.3501047992857,0.448979610064654,0.172352675252725,"circle_calibrated"
"A274",4349.956,59.9559999999999,587.5,30,25,25,30,"Polyamide (naturally occurring)",0.863885628334836,"Comparstic LDIR F2Ba Au MP2 240925.xlsx",27.3501047992857,1.2,0.409269392738687,"circle_calibrated"
"A275",-3667.352,3628.742,587.5,36,22,22,36,"Polyamide (naturally occurring)",0.917005215195633,"Comparstic LDIR F2Ba Au MP2 240925.xlsx",27.3501047992857,0.608695617968431,0.08205648153027,"circle_calibrated"
"A276",-3430.83,2114.892,587.5,30,25,25,30,"Polyamide (naturally occurring)",0.93402509159184,"Comparstic LDIR F2Ba Au MP2 240925.xlsx",27.3501047992857,0.833333333333333,1.10241657329863,"circle_calibrated"
"A277",-1412.112,-2817.802,587.5,28,25,25,28,"Polyamide (naturally occurring)",0.967805796044635,"Comparstic LDIR F2Ba Au MP2 240925.xlsx",27.3501047992857,1.14285711533267,0.312252600013876,"circle_calibrated"
"A278",-2986.23,1216.176,587.5,36,24,24,36,"Polyamide (naturally occurring)",0.929661223515047,"Comparstic LDIR F2Ba Au MP2 240925.xlsx",27.3501047992857,0.652173904492108,0.129684530519525,"circle_calibrated"
"A279",-2710.708,-1913.496,587.5,36,22,22,36,"Polyethylene terephthalate",0.933458855729851,"Comparstic LDIR F2Ba Au MP2 240925.xlsx",27.3501047992857,1.62499998656827,0.141954623111339,"circle_calibrated"
"A280",2725.918,874.77,587.5,36,24,24,36,"Polyamide (naturally occurring)",0.951151784209478,"Comparstic LDIR F2Ba Au MP2 240925.xlsx",27.3501047992857,1.53333335343856,0.192598355930094,"circle_calibrated"
"A281",-3653.962,3901.69,575,46,25,25,46,"Polyamide (naturally occurring)",0.970070997757321,"Comparstic LDIR F2Ba Au MP2 240925.xlsx",27.05758189903,0.538461474617794,0.153664214401425,"circle_calibrated"
"A282",-3250.676,214.63,575,35,21,21,35,"Cellulosic",0.913497830375121,"Comparstic LDIR F2Ba Au MP2 240925.xlsx",27.05758189903,0.599999973026017,0.029973981399384,"circle_calibrated"
"A283",-2030.184,3594.006,575,30,25,25,30,"Polyamide (naturally occurring)",0.96630679112058,"Comparstic LDIR F2Ba Au MP2 240925.xlsx",27.05758189903,1.2,1.00150657986093,"circle_calibrated"
"A284",1540.5,1513.2,575,35,20,20,35,"Polyethylene terephthalate",0.880940166433867,"Comparstic LDIR F2Ba Au MP2 240925.xlsx",27.05758189903,1.75,0.0699953352361524,"circle_calibrated"
"A285",-5712.434,1358.604,575,35,20,20,35,"Polyamide (naturally occurring)",0.927075358183687,"Comparstic LDIR F2Ba Au MP2 240925.xlsx",27.05758189903,0.571428571428571,0.05816087758915,"circle_calibrated"
"A286",5155.514,2205.476,575,34,22,22,34,"Polyamide (naturally occurring)",0.922949798646161,"Comparstic LDIR F2Ba Au MP2 240925.xlsx",27.05758189903,1.5,0.015480212962758,"circle_calibrated"
"A287",-5134.74,-3625.414,575,30,25,25,30,"Polyamide (naturally occurring)",0.958199966475364,"Comparstic LDIR F2Ba Au MP2 240925.xlsx",27.05758189903,1.2,1.03325527817551,"circle_calibrated"
"A288",2547.688,-3735.056,575,30,25,25,30,"Polyamide (naturally occurring)",0.958325482295452,"Comparstic LDIR F2Ba Au MP2 240925.xlsx",27.05758189903,1.2,0.0245912261703358,"circle_calibrated"
"A289",-5043.506,-1052.142,575,38,22,22,38,"Polyamide (naturally occurring)",0.94598865985969,"Comparstic LDIR F2Ba Au MP2 240925.xlsx",27.05758189903,1.71428585276557,0.0222045867940068,"circle_calibrated"
"A290",3717.298,-3341,562.5,56,19,19,56,"Polypropylene",0.950282962175133,"Comparstic LDIR F2Ba Au MP2 240925.xlsx",26.7618617422916,2.97297285290685,1.72523675432842,"circle_calibrated"
"A291",-139.958,3440.814,562.5,25,25,25,25,"Polyamide (naturally occurring)",0.965349923454516,"Comparstic LDIR F2Ba Au MP2 240925.xlsx",26.7618617422916,1,0.870919206819865,"circle_calibrated"
"A292",3736.148,-3560.674,562.5,46,19,19,46,"Cellulosic",0.922325682799352,"Comparstic LDIR F2Ba Au MP2 240925.xlsx",26.7618617422916,2.41666652530182,0.131685307682649,"circle_calibrated"
"A293",-1554.098,-4461.106,562.5,40,20,20,40,"Polyamide",0.687808759340656,"Comparstic LDIR F2Ba Au MP2 240925.xlsx",26.7618617422916,2,0.0496829759627251,"circle_calibrated"
"A294",4296.604,-4160.702,562.5,35,20,20,35,"Polyamide (naturally occurring)",0.840771430916692,"Comparstic LDIR F2Ba Au MP2 240925.xlsx",26.7618617422916,0.571428571428571,0.295677147132389,"circle_calibrated"
"A295",5177.042,664.3,562.5,35,20,20,35,"Polyamide (naturally occurring)",0.949254365409916,"Comparstic LDIR F2Ba Au MP2 240925.xlsx",26.7618617422916,1.75,0.0320926262596695,"circle_calibrated"
"A296",3572.582,-2555.28,562.5,35,20,20,35,"Polyamide (naturally occurring)",0.941737660047569,"Comparstic LDIR F2Ba Au MP2 240925.xlsx",26.7618617422916,0.571428571428571,0.0721139800964379,"circle_calibrated"
"A297",3639.298,-1919.112,562.5,28,25,25,28,"Polyamide (naturally occurring)",0.944291424496274,"Comparstic LDIR F2Ba Au MP2 240925.xlsx",26.7618617422916,1.14285711533267,0.268767488074138,"circle_calibrated"
"A298",900.744,-353.678000000001,562.5,30,25,25,30,"Polyamide (naturally occurring)",0.912865766046697,"Comparstic LDIR F2Ba Au MP2 240925.xlsx",26.7618617422916,1.2,0.918903051325715,"circle_calibrated"
"A299",-3464.24,2984.618,562.5,28,25,25,28,"Polyamide (naturally occurring)",0.966770365626697,"Comparstic LDIR F2Ba Au MP2 240925.xlsx",26.7618617422916,0.875000021073426,0.0517029828363103,"circle_calibrated"
"A300",-1861.73,1318.668,562.5,30,25,25,30,"Polyamide (naturally occurring)",0.940828186962302,"Comparstic LDIR F2Ba Au MP2 240925.xlsx",26.7618617422916,0.833333333333333,0.382044801670728,"circle_calibrated"
"A301",-1226.42,1455.506,562.5,28,25,25,28,"Polyamide (naturally occurring)",0.924312300171768,"Comparstic LDIR F2Ba Au MP2 240925.xlsx",26.7618617422916,0.875000021073426,0.253729610709597,"circle_calibrated"
"A302",-1588.86,-5916.482,550,30,25,25,30,"Polyamide (naturally occurring)",0.937722753606073,"Comparstic LDIR F2Ba Au MP2 240925.xlsx",26.4628371420061,0.833333333333333,0.359571945818669,"circle_calibrated"
"A303",-856.882,4408.56,550,30,25,25,30,"Polyamide (naturally occurring)",0.955524497450158,"Comparstic LDIR F2Ba Au MP2 240925.xlsx",26.4628371420061,1.2,0.867442658600404,"circle_calibrated"
"A304",2678.39,258.544,550,30,25,25,30,"Polyamide (naturally occurring)",0.875017308918085,"Comparstic LDIR F2Ba Au MP2 240925.xlsx",26.4628371420061,0.833333333333333,0.233135978063392,"circle_calibrated"
"A305",1065.766,-5375.682,550,30,25,25,30,"Polyethylene terephthalate",0.9346571516977,"Comparstic LDIR F2Ba Au MP2 240925.xlsx",26.4628371420061,1.2,0.0407640854159359,"circle_calibrated"
"A306",-5063.214,-1572.272,550,30,25,25,30,"Polyamide (naturally occurring)",0.954875118476621,"Comparstic LDIR F2Ba Au MP2 240925.xlsx",26.4628371420061,0.833333333333333,0.0407640854159359,"circle_calibrated"
"A307",-344.552,-5036.694,550,30,25,25,30,"Polyamide",0.627841765540542,"Comparstic LDIR F2Ba Au MP2 240925.xlsx",26.4628371420061,1.2,0.188684215492558,"circle_calibrated"
"A308",3920.592,1433.12,550,28,28,28,28,"Cellulosic",0.951758395580761,"Comparstic LDIR F2Ba Au MP2 240925.xlsx",26.4628371420061,1,0.261562104352867,"circle_calibrated"
"A309",6340.516,-96.6679999999996,550,25,25,25,25,"Polyamide (naturally occurring)",0.929447391034541,"Comparstic LDIR F2Ba Au MP2 240925.xlsx",26.4628371420061,1,0.79437912969753,"circle_calibrated"
"A310",2774.824,-2620.332,550,25,25,25,25,"Polyamide (naturally occurring)",0.945820704720307,"Comparstic LDIR F2Ba Au MP2 240925.xlsx",26.4628371420061,1,0.79437912969753,"circle_calibrated"
"A311",4611.594,2644.044,537.5,35,20,20,35,"Polyamide (naturally occurring)",0.944625528048895,"Comparstic LDIR F2Ba Au MP2 240925.xlsx",26.1603947847725,0.571428571428571,0.076662026594341,"circle_calibrated"
"A312",4323.566,-596.492,537.5,28,25,25,28,"Polyamide (naturally occurring)",0.963695846836079,"Comparstic LDIR F2Ba Au MP2 240925.xlsx",26.1603947847725,1.14285711533267,0.22330511399738,"circle_calibrated"
"A313",-1930.994,-353.444,537.5,41,19,19,41,"Polyamide (naturally occurring)",0.930045299463583,"Comparstic LDIR F2Ba Au MP2 240925.xlsx",26.1603947847725,2.21052638314133,0.0786986892881589,"circle_calibrated"
"A314",1196.572,-983.918,537.5,30,20,20,30,"Polyamide (naturally occurring)",0.959207519731645,"Comparstic LDIR F2Ba Au MP2 240925.xlsx",26.1603947847725,0.666666666666667,0.123135082849064,"circle_calibrated"
"A315",2175.68,4417.374,537.5,30,25,25,30,"Polyamide (naturally occurring)",0.948384138503734,"Comparstic LDIR F2Ba Au MP2 240925.xlsx",26.1603947847725,1.2,0.15130595981576,"circle_calibrated"
"A316",-4135.664,-1712.256,537.5,30,20,20,30,"Polyamide (naturally occurring)",0.973096407933045,"Comparstic LDIR F2Ba Au MP2 240925.xlsx",26.1603947847725,0.666666666666667,0.210146459838693,"circle_calibrated"
"A317",-3242.278,-5093.53,537.5,28,25,25,28,"Polyamide (naturally occurring)",0.969957590332902,"Comparstic LDIR F2Ba Au MP2 240925.xlsx",26.1603947847725,0.875000021073426,0.254076772664134,"circle_calibrated"
"A318",1562.678,-2142.114,537.5,35,20,20,35,"Polyamide (naturally occurring)",0.975876230798027,"Comparstic LDIR F2Ba Au MP2 240925.xlsx",26.1603947847725,1.75,0.063923000816912,"circle_calibrated"
"A319",249.834,5143.372,537.5,30,25,25,30,"Polyamide (naturally occurring)",0.948860379389287,"Comparstic LDIR F2Ba Au MP2 240925.xlsx",26.1603947847725,0.833333333333333,0.0430923751755268,"circle_calibrated"
"A320",385.84,3729.31,537.5,41,19,19,41,"Polyamide (naturally occurring)",0.951839364264435,"Comparstic LDIR F2Ba Au MP2 240925.xlsx",26.1603947847725,0.461538414695679,0.0786986892881589,"circle_calibrated"
"A321",-3959.67,2247.596,537.5,35,20,20,35,"Polyamide (naturally occurring)",0.930325851242443,"Comparstic LDIR F2Ba Au MP2 240925.xlsx",26.1603947847725,1.75,0.076662026594341,"circle_calibrated"
"A322",-3769.896,-4889.092,537.5,30,20,20,30,"Polyamide (naturally occurring)",0.940000872833713,"Comparstic LDIR F2Ba Au MP2 240925.xlsx",26.1603947847725,1.5,0.0430923751755268,"circle_calibrated"
"A323",-324.402,5048.42,525,31,22,22,31,"Polyamide (naturally occurring)",0.920019766551681,"Comparstic LDIR F2Ba Au MP2 240925.xlsx",25.8544147291321,1.40000008529923,1.29453613598942,"circle_calibrated"
"A324",1510.522,5753.202,525,25,25,25,25,"Cellulosic",0.784865772545517,"Comparstic LDIR F2Ba Au MP2 240925.xlsx",25.8544147291321,1,0.721883627659376,"circle_calibrated"
"A325",-1627.054,-617.136,525,25,25,25,25,"Polyamide (naturally occurring)",0.962711253353756,"Comparstic LDIR F2Ba Au MP2 240925.xlsx",25.8544147291321,1,0.721883627659376,"circle_calibrated"
"A326",-5802.16,-1261.13,525,35,20,20,35,"Polyamide (naturally occurring)",0.953905280384705,"Comparstic LDIR F2Ba Au MP2 240925.xlsx",25.8544147291321,1.75,0.0523308885006601,"circle_calibrated"
"A327",2414.75,-5949.58,525,25,25,25,25,"Polyamide (naturally occurring)",0.949999649219545,"Comparstic LDIR F2Ba Au MP2 240925.xlsx",25.8544147291321,1,0.696565819675087,"circle_calibrated"
"A328",-3429.66,1005.81,525,25,25,25,25,"Polyamide (naturally occurring)",0.939680680535747,"Comparstic LDIR F2Ba Au MP2 240925.xlsx",25.8544147291321,1,0.696565819675087,"circle_calibrated"
"A329",-5217.498,2464.306,525,35,21,21,35,"Polyamide (naturally occurring)",0.953848502781251,"Comparstic LDIR F2Ba Au MP2 240925.xlsx",25.8544147291321,1.6666667415944,0.0523308885006601,"circle_calibrated"
"A330",-3136.952,-3817.554,525,40,20,20,40,"Polyamide (naturally occurring)",0.951726692770488,"Comparstic LDIR F2Ba Au MP2 240925.xlsx",25.8544147291321,2,0.0475461629925851,"circle_calibrated"
"A331",803.816,-4347.85,525,36,20,20,36,"Polyethylene terephthalate",0.879181290933633,"Comparstic LDIR F2Ba Au MP2 240925.xlsx",25.8544147291321,0.562500045815016,0.133466353208696,"circle_calibrated"
"A332",-14.9760000000006,-4290.104,525,30,20,20,30,"Polyamide (naturally occurring)",0.965942020163795,"Comparstic LDIR F2Ba Au MP2 240925.xlsx",25.8544147291321,1.5,0.0455373641685934,"circle_calibrated"
"A333",-4982.224,-1487.512,525,30,25,25,30,"Polyamide (naturally occurring)",0.967155986327077,"Comparstic LDIR F2Ba Au MP2 240925.xlsx",25.8544147291321,1.2,0.532105496246461,"circle_calibrated"
"A334",5646.42,-1052.376,525,30,25,25,30,"Polyamide (naturally occurring)",0.967092336603871,"Comparstic LDIR F2Ba Au MP2 240925.xlsx",25.8544147291321,1.2,0.765352791810701,"circle_calibrated"
"A335",1331.408,2008.864,512.5,25,25,25,25,"Polyethylene terephthalate",0.926423786205697,"Comparstic LDIR F2Ba Au MP2 240925.xlsx",25.5447698497515,1,0.697786076080316,"circle_calibrated"
"A336",3579.42,-5198.882,512.5,30,25,25,30,"Polyamide (naturally occurring)",0.951604304839512,"Comparstic LDIR F2Ba Au MP2 240925.xlsx",25.5447698497515,0.833333333333333,0.0481080596716952,"circle_calibrated"
"A337",-2362.646,1747.2,512.5,32,21,21,32,"Polyamide (naturally occurring)",0.947647703170995,"Comparstic LDIR F2Ba Au MP2 240925.xlsx",25.5447698497515,1.4999998876084,0.0234486114135251,"circle_calibrated"
"A338",2056.574,4870.528,512.5,30,20,20,30,"Carbonate",0.799788225715532,"Comparstic LDIR F2Ba Au MP2 240925.xlsx",25.5447698497515,0.666666666666667,0.0346850393395544,"circle_calibrated"
"A339",718.926000000001,3239.262,512.5,32,22,22,32,"Polyamide (naturally occurring)",0.944809928034373,"Comparstic LDIR F2Ba Au MP2 240925.xlsx",25.5447698497515,0.699999917065963,0.106830220352576,"circle_calibrated"
"A340",3510.13,4925.882,512.5,32,21,21,32,"Polyamide (naturally occurring)",0.971002271308307,"Comparstic LDIR F2Ba Au MP2 240925.xlsx",25.5447698497515,0.666666716618493,0.0368716317456659,"circle_calibrated"
"A341",1813.5,-3348.02,512.5,25,25,25,25,"Polyamide (naturally occurring)",0.963577711199882,"Comparstic LDIR F2Ba Au MP2 240925.xlsx",25.5447698497515,1,0.731359785924218,"circle_calibrated"
"A342",-1236.066,4150.354,512.5,25,25,25,25,"Polyamide (naturally occurring)",0.959838203284829,"Comparstic LDIR F2Ba Au MP2 240925.xlsx",25.5447698497515,1,0.647775655505656,"circle_calibrated"
"A343",-3211.104,4911.166,500,30,20,20,30,"Polyamide (naturally occurring)",0.962105408954194,"Comparstic LDIR F2Ba Au MP2 240925.xlsx",25.2313252202016,1.5,0.338496493721219,"circle_calibrated"
"A344",-343.278000000001,-4026.178,500,25,25,25,25,"Polyamide (naturally occurring)",0.926758095077795,"Comparstic LDIR F2Ba Au MP2 240925.xlsx",25.2313252202016,1,0.706667173333846,"circle_calibrated"
"A345",2578.29,2747.888,500,30,20,20,30,"Polyamide (naturally occurring)",0.774855761290187,"Comparstic LDIR F2Ba Au MP2 240925.xlsx",25.2313252202016,0.666666666666667,0.638601086171557,"circle_calibrated"
"A346",-4313.998,2755.35,500,35,21,21,35,"Cellulosic",0.837694586202782,"Comparstic LDIR F2Ba Au MP2 240925.xlsx",25.2313252202016,0.599999973026017,0.0305693967191472,"circle_calibrated"
"A347",1446.64,-5950.1,500,29,25,25,29,"Polyamide (naturally occurring)",0.933325674269062,"Comparstic LDIR F2Ba Au MP2 240925.xlsx",25.2313252202016,0.846153902935876,0.621650310333716,"circle_calibrated"
"A348",-3698.084,-589.16,500,35,20,20,35,"Polyamide (naturally occurring)",0.934525847136481,"Comparstic LDIR F2Ba Au MP2 240925.xlsx",25.2313252202016,1.75,0.101521132691432,"circle_calibrated"
"A349",-5475.522,1467.7,500,28,21,21,28,"Polyamide (naturally occurring)",0.913288511523365,"Comparstic LDIR F2Ba Au MP2 240925.xlsx",25.2313252202016,1.3333332584056,0.0921439523948204,"circle_calibrated"
"A350",-563.082,-5240.534,500,30,20,20,30,"Carbonate",0.807937621599494,"Comparstic LDIR F2Ba Au MP2 240925.xlsx",25.2313252202016,1.5,0.349783939452506,"circle_calibrated"
"A351",-1761.942,3673.02,500,33,22,22,33,"Carbonate",0.760266988943002,"Comparstic LDIR F2Ba Au MP2 240925.xlsx",25.2313252202016,1.5000000546125,0.0975234370955811,"circle_calibrated"
"A352",3418.532,2365.376,500,35,20,20,35,"Cellulosic",0.911055897715493,"Comparstic LDIR F2Ba Au MP2 240925.xlsx",25.2313252202016,0.571428571428571,0.101521132691432,"circle_calibrated"
"A353",-4811.222,-746.304,487.5,30,20,20,30,"Polyamide (naturally occurring)",0.958094951707511,"Comparstic LDIR F2Ba Au MP2 240925.xlsx",24.9139374258344,1.5,0.457997524092739,"circle_calibrated"
"A354",-4930.9,-2644.382,487.5,28,25,25,28,"Polyamide (naturally occurring)",0.935535237258835,"Comparstic LDIR F2Ba Au MP2 240925.xlsx",24.9139374258344,0.875000105367132,0.0668261444105309,"circle_calibrated"
"A355",3319.134,-5366.478,487.5,25,25,25,25,"Polyamide (naturally occurring)",0.898432304832974,"Comparstic LDIR F2Ba Au MP2 240925.xlsx",24.9139374258344,1,0.706667173333846,"circle_calibrated"
"A356",-2423.044,5054.114,487.5,30,20,20,30,"Cellulosic",0.948807229322959,"Comparstic LDIR F2Ba Au MP2 240925.xlsx",24.9139374258344,1.5,0.499670220493307,"circle_calibrated"
"A357",1236.066,1967.004,487.5,25,25,25,25,"Polyamide (naturally occurring)",0.949394386188322,"Comparstic LDIR F2Ba Au MP2 240925.xlsx",24.9139374258344,1,0.706667173333846,"circle_calibrated"
"A358",4799.002,-2567.448,487.5,35,15,15,35,"Polyamide (naturally occurring)",0.945323858535642,"Comparstic LDIR F2Ba Au MP2 240925.xlsx",24.9139374258344,0.428571428571429,0.033031152841934,"circle_calibrated"
"A359",4944.914,2689.648,487.5,30,20,20,30,"Polyamide (naturally occurring)",0.870970369965427,"Comparstic LDIR F2Ba Au MP2 240925.xlsx",24.9139374258344,0.666666666666667,1.16555273185614,"circle_calibrated"
"A360",-5288.582,-2991.3,487.5,30,20,20,30,"Polyamide (naturally occurring)",0.882892107338418,"Comparstic LDIR F2Ba Au MP2 240925.xlsx",24.9139374258344,0.666666666666667,1.19595078399753,"circle_calibrated"
"A361",-5097.3,-3544.866,475,25,20,20,25,"Polyamide (naturally occurring)",0.953727325265376,"Comparstic LDIR F2Ba Au MP2 240925.xlsx",24.5924537968297,0.8,0.560063699141971,"circle_calibrated"
"A362",3955.848,663.364,475,37,22,22,37,"Chitin",0.819237430467453,"Comparstic LDIR F2Ba Au MP2 240925.xlsx",24.5924537968297,0.599999974321533,0.235114792245384,"circle_calibrated"
"A363",5214.56,1421.966,475,32,23,23,32,"Polyamide (naturally occurring)",0.92947733911121,"Comparstic LDIR F2Ba Au MP2 240925.xlsx",24.5924537968297,0.730769195868936,0.0164555759225544,"circle_calibrated"
"A364",-975.754,-2434.484,475,25,25,25,25,"Polyamide (naturally occurring)",0.944604281949416,"Comparstic LDIR F2Ba Au MP2 240925.xlsx",24.5924537968297,1,0.706667173333846,"circle_calibrated"
"A365",1808.04,-4479.852,475,25,25,25,25,"Polyamide (naturally occurring)",0.942012450840136,"Comparstic LDIR F2Ba Au MP2 240925.xlsx",24.5924537968297,0.999999903664348,0.373338809803895,"circle_calibrated"
"A366",-5505.656,-681.408,475,44,19,19,44,"Carbonate",0.777911336721805,"Comparstic LDIR F2Ba Au MP2 240925.xlsx",24.5924537968297,2.33333346055198,0.12295116584765,"circle_calibrated"
"A367",-5309.954,2317.848,475,28,21,21,28,"Polyamide (naturally occurring)",0.953769408398387,"Comparstic LDIR F2Ba Au MP2 240925.xlsx",24.5924537968297,1.3333332584056,0.05523939545937,"circle_calibrated"
"A368",-5355.818,2876.718,475,30,20,20,30,"Polyamide (naturally occurring)",0.937510940503842,"Comparstic LDIR F2Ba Au MP2 240925.xlsx",24.5924537968297,1.5,1.16997529759427,"circle_calibrated"
"A369",714.636,4537,475,35,21,21,35,"Polyamide (naturally occurring)",0.952958685347843,"Comparstic LDIR F2Ba Au MP2 240925.xlsx",24.5924537968297,1.66666662846087,0.0356290388827292,"circle_calibrated"
"A370",-5284.968,-3188.822,462.5,25,20,20,25,"Polyamide (naturally occurring)",0.927519031223428,"Comparstic LDIR F2Ba Au MP2 240925.xlsx",24.2667115497756,1.25,0.679998926251685,"circle_calibrated"
"A371",282.880000000001,-2835.456,462.5,25,25,25,25,"Polyamide (naturally occurring)",0.950216719543896,"Comparstic LDIR F2Ba Au MP2 240925.xlsx",24.2667115497756,1,1.24255029733576,"circle_calibrated"
"A372",-1693.614,-2162.654,462.5,45,15,15,45,"Cellulosic",0.95481110035359,"Comparstic LDIR F2Ba Au MP2 240925.xlsx",24.2667115497756,0.333333333333333,0.221853560314608,"circle_calibrated"
"A373",5791.994,-963.794,462.5,30,20,20,30,"Polyamide (naturally occurring)",0.963653571980297,"Comparstic LDIR F2Ba Au MP2 240925.xlsx",24.2667115497756,0.666666666666667,1.15064932635357,"circle_calibrated"
"A374",-459.082,-6340.776,462.5,25,20,20,25,"Polyamide (naturally occurring)",0.905579774011368,"Comparstic LDIR F2Ba Au MP2 240925.xlsx",24.2667115497756,0.8,0.706667173333846,"circle_calibrated"
"A375",-2862.288,263.484,462.5,30,20,20,30,"Polyamide (naturally occurring)",0.943460137458787,"Comparstic LDIR F2Ba Au MP2 240925.xlsx",24.2667115497756,0.666666666666667,0.0300112936396744,"circle_calibrated"
"A376",-631.02,326.273999999999,462.5,25,25,25,25,"Polyamide (naturally occurring)",0.934598424284252,"Comparstic LDIR F2Ba Au MP2 240925.xlsx",24.2667115497756,1,0.706667173333846,"circle_calibrated"
"A377",-240.942,-5534.152,462.5,30,20,20,30,"Polyamide (naturally occurring)",0.95742539755515,"Comparstic LDIR F2Ba Au MP2 240925.xlsx",24.2667115497756,1.5,0.0448263794248147,"circle_calibrated"
"A378",5384.678,1650.428,462.5,25,20,20,25,"Polyamide (naturally occurring)",0.960430109195392,"Comparstic LDIR F2Ba Au MP2 240925.xlsx",24.2667115497756,0.8,0.706667173333846,"circle_calibrated"
"A379",3613.428,3179.436,462.5,25,20,20,25,"Polyamide (naturally occurring)",0.94883653693476,"Comparstic LDIR F2Ba Au MP2 240925.xlsx",24.2667115497756,1.25,0.706667173333846,"circle_calibrated"
"A380",1299.35,-5214.352,450,36,19,19,36,"Polyamide (naturally occurring)",0.948097929427761,"Comparstic LDIR F2Ba Au MP2 240925.xlsx",23.936536824086,1.91666661954505,0.0708706773333889,"circle_calibrated"
"A381",3068.468,4213.768,450,25,20,20,25,"Polyamide (naturally occurring)",0.953584272303069,"Comparstic LDIR F2Ba Au MP2 240925.xlsx",23.936536824086,0.8,0.0416398519353394,"circle_calibrated"
"A382",-1727.57,4553.276,450,28,21,21,28,"Polyamide (naturally occurring)",0.909465260608687,"Comparstic LDIR F2Ba Au MP2 240925.xlsx",23.936536824086,0.750000042146853,0.0608914088907162,"circle_calibrated"
"A383",4055.61,1815.866,450,28,21,21,28,"Cellulosic",0.641622151549329,"Comparstic LDIR F2Ba Au MP2 240925.xlsx",23.936536824086,1.3333332584056,0.521706612082046,"circle_calibrated"
"A384",-1423.63,1984.918,450,25,20,20,25,"Polyamide (naturally occurring)",0.965927014115936,"Comparstic LDIR F2Ba Au MP2 240925.xlsx",23.936536824086,0.8,0.319894198237835,"circle_calibrated"
"A385",3103.698,4680.104,450,30,20,20,30,"Chitin",0.92005331203168,"Comparstic LDIR F2Ba Au MP2 240925.xlsx",23.936536824086,0.666666666666667,1.12325035216545,"circle_calibrated"
"A386",1677.702,-4628.208,450,30,20,20,30,"Polycarbonate",0.719971283990988,"Comparstic LDIR F2Ba Au MP2 240925.xlsx",23.936536824086,1.5,0.0324652826012413,"circle_calibrated"
"A387",-4557.8,-4268.212,450,30,20,20,30,"Polyamide (naturally occurring)",0.944523414565781,"Comparstic LDIR F2Ba Au MP2 240925.xlsx",23.936536824086,1.5,0.0477327547320296,"circle_calibrated"
"A388",-2724.8,2749.292,437.5,25,25,25,25,"Polyethylene terephthalate",0.859266622324985,"Comparstic LDIR F2Ba Au MP2 240925.xlsx",23.6017435970657,1,0.0442406336353962,"circle_calibrated"
"A389",-2387.736,-5704.27,437.5,30,20,20,30,"Polyamide (naturally occurring)",0.92278659197401,"Comparstic LDIR F2Ba Au MP2 240925.xlsx",23.6017435970657,1.5,0.0350660643012981,"circle_calibrated"
"A390",-393.821999999999,-2264.288,437.5,30,20,20,30,"Polyamide (naturally occurring)",0.921605725311557,"Comparstic LDIR F2Ba Au MP2 240925.xlsx",23.6017435970657,1.5,0.432749031967408,"circle_calibrated"
"A391",-687.934,-4782.908,437.5,30,20,20,30,"Polyamide (naturally occurring)",0.935089582994456,"Comparstic LDIR F2Ba Au MP2 240925.xlsx",23.6017435970657,1.5,0.0350660643012981,"circle_calibrated"
"A392",-5726.396,80.0280000000005,437.5,40,15,15,40,"Carbonate",0.693004986025963,"Comparstic LDIR F2Ba Au MP2 240925.xlsx",23.6017435970657,0.375,0.0395779933434077,"circle_calibrated"
"A393",4212.39,4098.38,437.5,32,19,19,32,"Polycarbonate",0.808576132423567,"Comparstic LDIR F2Ba Au MP2 240925.xlsx",23.6017435970657,1.64285699373759,0.0718388555616298,"circle_calibrated"
"A394",-3765.71,4361.786,437.5,30,20,20,30,"Polyamide (naturally occurring)",0.868942158480459,"Comparstic LDIR F2Ba Au MP2 240925.xlsx",23.6017435970657,0.666666666666667,0.365307751171875,"circle_calibrated"
"A395",-1607.372,-1943.5,437.5,25,25,25,25,"Cellulosic",0.913587908974417,"Comparstic LDIR F2Ba Au MP2 240925.xlsx",23.6017435970657,1,0.67849629636715,"circle_calibrated"
"A396",-5734.456,-814.892,437.5,25,20,20,25,"Polyamide (naturally occurring)",0.945369327981254,"Comparstic LDIR F2Ba Au MP2 240925.xlsx",23.6017435970657,1.25,0.67849629636715,"circle_calibrated"
"A397",-1539.486,5093.608,437.5,27,25,25,27,"Polyamide (naturally occurring)",0.941757882834036,"Comparstic LDIR F2Ba Au MP2 240925.xlsx",23.6017435970657,0.916666740711136,0.0457892533426862,"circle_calibrated"
"A398",-2294.032,-5625.542,437.5,30,20,20,30,"Polyamide (naturally occurring)",0.89218120974012,"Comparstic LDIR F2Ba Au MP2 240925.xlsx",23.6017435970657,1.5,0.050814421269437,"circle_calibrated"
"A399",-859.586,4181.268,425,25,25,25,25,"Carbonate",0.822068198092886,"Comparstic LDIR F2Ba Au MP2 240925.xlsx",23.2621324584064,1,0.301202065225683,"circle_calibrated"
"A400",3678.168,-1867.632,425,25,20,20,25,"Polyethylene terephthalate",0.9338797427024,"Comparstic LDIR F2Ba Au MP2 240925.xlsx",23.2621324584064,0.8,0.706667173333847,"circle_calibrated"
"A401",5104.346,3139.5,425,25,20,20,25,"Polyamide (naturally occurring)",0.946861381794015,"Comparstic LDIR F2Ba Au MP2 240925.xlsx",23.2621324584064,1.25,0.706667173333847,"circle_calibrated"
"A402",113.021999999999,-58.2400000000002,425,30,15,15,30,"Polyamide (naturally occurring)",0.805130344899859,"Comparstic LDIR F2Ba Au MP2 240925.xlsx",23.2621324584064,0.5,0.358299121017398,"circle_calibrated"
"A403",-3201.822,1227.2,425,28,21,21,28,"Polyamide (naturally occurring)",0.941939942156032,"Comparstic LDIR F2Ba Au MP2 240925.xlsx",23.2621324584064,1.3333332584056,0.416920149252843,"circle_calibrated"
"A404",5199.116,-1221.61,425,28,21,21,28,"Polyamide",0.913720199643274,"Comparstic LDIR F2Ba Au MP2 240925.xlsx",23.2621324584064,0.750000042146853,0.464548198242098,"circle_calibrated"
"A405",1312.454,3537.846,425,35,15,15,35,"Polyamide (naturally occurring)",0.893401078619942,"Comparstic LDIR F2Ba Au MP2 240925.xlsx",23.2621324584064,2.33333333333333,1.28997568222493,"circle_calibrated"
"A406",-6110.832,-2160.548,425,25,20,20,25,"Polyamide (naturally occurring)",0.977740264628638,"Comparstic LDIR F2Ba Au MP2 240925.xlsx",23.2621324584064,0.8,0.203844266569695,"circle_calibrated"
"A407",-4842.656,438.464,425,25,20,20,25,"Carbonate",0.783919203644601,"Comparstic LDIR F2Ba Au MP2 240925.xlsx",23.2621324584064,0.8,0.262113174693671,"circle_calibrated"
"A408",-4089.54,-3668.782,425,30,20,20,30,"Carbonate",0.728779598998151,"Comparstic LDIR F2Ba Au MP2 240925.xlsx",23.2621324584064,1.5,0.451389544083411,"circle_calibrated"
"A409",-3711.11,3914.638,425,25,20,20,25,"Polyamide (naturally occurring)",0.955656811872781,"Comparstic LDIR F2Ba Au MP2 240925.xlsx",23.2621324584064,0.8,0.242310547397491,"circle_calibrated"
"A410",1099.8,88.7119999999997,425,25,20,20,25,"Polyamide (naturally occurring)",0.946485552328187,"Comparstic LDIR F2Ba Au MP2 240925.xlsx",23.2621324584064,1.25,0.262113174693671,"circle_calibrated"
"A411",-2689.622,-868.192,425,32,18,18,32,"Polyamide",0.699331060076559,"Comparstic LDIR F2Ba Au MP2 240925.xlsx",23.2621324584064,0.555555622157991,0.026590797816598,"circle_calibrated"
"A412",-3140.254,3687.138,425,25,20,20,25,"Polyamide (naturally occurring)",0.954396830772095,"Comparstic LDIR F2Ba Au MP2 240925.xlsx",23.2621324584064,0.8,0.323988578411758,"circle_calibrated"
"A413",5238.298,-523.666,425,25,20,20,25,"Polyamide (naturally occurring)",0.955179047592051,"Comparstic LDIR F2Ba Au MP2 240925.xlsx",23.2621324584064,0.8,0.28231588201119,"circle_calibrated"
"A414",4287.842,-1600.404,425,25,20,20,25,"Polyamide (naturally occurring)",0.952325484941445,"Comparstic LDIR F2Ba Au MP2 240925.xlsx",23.2621324584064,0.8,0.302935169213925,"circle_calibrated"
"A415",-6415.76,-548.314,425,25,20,20,25,"Polyamide (naturally occurring)",0.96648582664155,"Comparstic LDIR F2Ba Au MP2 240925.xlsx",23.2621324584064,1.25,0.323988578411758,"circle_calibrated"
"A416",2579.564,2641.028,425,25,20,20,25,"Polyamide (naturally occurring)",0.967439617606373,"Comparstic LDIR F2Ba Au MP2 240925.xlsx",23.2621324584064,1.25,0.341207399839382,"circle_calibrated"
"A417",1789.632,4383.002,425,29,19,19,29,"Carbonate",0.822998721391764,"Comparstic LDIR F2Ba Au MP2 240925.xlsx",23.2621324584064,0.66666669395652,0.053666272727777,"circle_calibrated"
"A418",-2134.236,4503.2,412.5,25,21,21,25,"Polyamide (naturally occurring)",0.948134892701059,"Comparstic LDIR F2Ba Au MP2 240925.xlsx",22.9174892211877,1.1666666292028,0.418985100882066,"circle_calibrated"
"A419",-2435.186,3176.732,412.5,25,20,20,25,"Polyamide (naturally occurring)",0.897875915099276,"Comparstic LDIR F2Ba Au MP2 240925.xlsx",22.9174892211877,0.8,0.418985100882066,"circle_calibrated"
"A420",-5329.948,-1502.54,412.5,34,18,18,34,"Polyamide (naturally occurring)",0.92390376041983,"Comparstic LDIR F2Ba Au MP2 240925.xlsx",22.9174892211877,1.87499997500999,0.0433106664469141,"circle_calibrated"
"A421",487.032,829.608,412.5,28,18,18,28,"Carbonate",0.796858376679771,"Comparstic LDIR F2Ba Au MP2 240925.xlsx",22.9174892211877,0.625000063220279,0.510681142070337,"circle_calibrated"
"A422",-1782.352,-2714.322,412.5,25,21,21,25,"Polyamide (naturally occurring)",0.948704288282523,"Comparstic LDIR F2Ba Au MP2 240925.xlsx",22.9174892211877,0.857142884667332,0.706667173333846,"circle_calibrated"
"A423",5282.056,-1641.276,412.5,29,20,20,29,"Polyethylene",0.867829382616979,"Comparstic LDIR F2Ba Au MP2 240925.xlsx",22.9174892211877,0.692307667071236,0.00728400762688519,"circle_calibrated"
"A424",-1671.748,4607.642,412.5,25,20,20,25,"Polycarbonate",0.750265069121513,"Comparstic LDIR F2Ba Au MP2 240925.xlsx",22.9174892211877,0.8,0.294135615262076,"circle_calibrated"
"A425",-1136.122,-5261.62,412.5,25,20,20,25,"Polyamide (naturally occurring)",0.952625705948835,"Comparstic LDIR F2Ba Au MP2 240925.xlsx",22.9174892211877,0.8,0.706667173333846,"circle_calibrated"
"A426",-2714.166,1535.352,412.5,25,20,20,25,"Polyurethane",0.679958098054692,"Comparstic LDIR F2Ba Au MP2 240925.xlsx",22.9174892211877,1.25,0.706667173333846,"circle_calibrated"
"A427",-4498.078,2734.576,412.5,25,20,20,25,"Polyamide (naturally occurring)",0.951332291907509,"Comparstic LDIR F2Ba Au MP2 240925.xlsx",22.9174892211877,0.8,0.706667173333846,"circle_calibrated"
"A428",-861.51,-4415.138,412.5,25,21,21,25,"Polyamide (naturally occurring)",0.954751288364949,"Comparstic LDIR F2Ba Au MP2 240925.xlsx",22.9174892211877,0.857142802093913,0.710296012486989,"circle_calibrated"
"A429",-2074.462,-736.216,412.5,25,20,20,25,"Polyamide (naturally occurring)",0.916359984558259,"Comparstic LDIR F2Ba Au MP2 240925.xlsx",22.9174892211877,1.25,0.710296012486989,"circle_calibrated"
"A430",1120.444,2529.202,400,25,20,20,25,"Polyamide (naturally occurring)",0.956601468814161,"Comparstic LDIR F2Ba Au MP2 240925.xlsx",22.5675833419103,0.8,0.679524353820235,"circle_calibrated"
"A431",-5881.616,-688.402,400,25,20,20,25,"Polyamide (naturally occurring)",0.785236924116364,"Comparstic LDIR F2Ba Au MP2 240925.xlsx",22.5675833419103,0.8,0.41120296044001,"circle_calibrated"
"A432",-1014.156,3802.318,400,25,20,20,25,"Polyamide (naturally occurring)",0.938731611716842,"Comparstic LDIR F2Ba Au MP2 240925.xlsx",22.5675833419103,1.25,0.322255474423514,"circle_calibrated"
"A433",-5266.222,199.523999999999,400,25,20,20,25,"Polyamide (naturally occurring)",0.927328848345424,"Comparstic LDIR F2Ba Au MP2 240925.xlsx",22.5675833419103,1.25,0.41120296044001,"circle_calibrated"
"A434",-1830.4,-1986.4,400,25,20,20,25,"Polyamide (naturally occurring)",0.88472437131034,"Comparstic LDIR F2Ba Au MP2 240925.xlsx",22.5675833419103,1.25,0.263363956595322,"circle_calibrated"
"A435",2565.316,280.618,400,25,20,20,25,"Polyamide (naturally occurring)",0.945862620207692,"Comparstic LDIR F2Ba Au MP2 240925.xlsx",22.5675833419103,1.25,0.0359741143996619,"circle_calibrated"
"A436",2145.13,-5722.106,400,25,20,20,25,"Polyamide (naturally occurring)",0.935725697897491,"Comparstic LDIR F2Ba Au MP2 240925.xlsx",22.5675833419103,1.25,0.0530685477589616,"circle_calibrated"
"A437",-2619.942,2398.916,400,32,18,18,32,"Polyamide (naturally occurring)",0.953633872989243,"Comparstic LDIR F2Ba Au MP2 240925.xlsx",22.5675833419103,1.80000005394797,0.0326575504988342,"circle_calibrated"
"A438",18.5639999999997,4868.37,400,25,24,24,25,"Polyamide (naturally occurring)",0.959716419716355,"Comparstic LDIR F2Ba Au MP2 240925.xlsx",22.5675833419103,1.06666680740323,0.088159867570232,"circle_calibrated"
"A439",-3066.362,1660.828,400,25,20,20,25,"Polyamide (naturally occurring)",0.932969454999438,"Comparstic LDIR F2Ba Au MP2 240925.xlsx",22.5675833419103,1.25,0.343761679644478,"circle_calibrated"
"A440",4682.262,-1128.166,400,25,20,20,25,"Polyamide (naturally occurring)",0.936523419568051,"Comparstic LDIR F2Ba Au MP2 240925.xlsx",22.5675833419103,1.25,0.143219644753259,"circle_calibrated"
"A441",4202.172,876.252,400,38,16,16,38,"Chitin",0.787670314452342,"Comparstic LDIR F2Ba Au MP2 240925.xlsx",22.5675833419103,0.411764746465899,0.0244129056892348,"circle_calibrated"
"A442",3678.376,-4684.16,400,35,18,18,35,"Polyamide (naturally occurring)",0.942171426524939,"Comparstic LDIR F2Ba Au MP2 240925.xlsx",22.5675833419103,2.00000013486992,0.0374422760069093,"circle_calibrated"
"A443",-3697.2,4213.274,400,25,20,20,25,"Polyamide (naturally occurring)",0.931053829809302,"Comparstic LDIR F2Ba Au MP2 240925.xlsx",22.5675833419103,1.25,0.143219644753259,"circle_calibrated"
"A444",-1221.324,5336.968,400,28,21,21,28,"Polyamide",0.762426473851475,"Comparstic LDIR F2Ba Au MP2 240925.xlsx",22.5675833419103,0.750000042146853,0.591135118513809,"circle_calibrated"
"A445",3910.062,1018.082,400,25,20,20,25,"Polyamide (naturally occurring)",0.945613839833864,"Comparstic LDIR F2Ba Au MP2 240925.xlsx",22.5675833419103,1.25,0.263363956595322,"circle_calibrated"
"A446",3324.23,2290.886,400,25,20,20,25,"Polyamide (naturally occurring)",0.938682943073671,"Comparstic LDIR F2Ba Au MP2 240925.xlsx",22.5675833419103,1.25,0.263363956595322,"circle_calibrated"
"A447",313.118,6176.352,400,25,20,20,25,"Polyamide (naturally occurring)",0.93357967119977,"Comparstic LDIR F2Ba Au MP2 240925.xlsx",22.5675833419103,1.25,0.124527511741107,"circle_calibrated"
"A448",-1658.696,-5411.562,400,31,18,18,31,"Polyamide (naturally occurring)",0.942708238486994,"Comparstic LDIR F2Ba Au MP2 240925.xlsx",22.5675833419103,0.571428544228563,1.05088759624998,"circle_calibrated"
"A449",-71.5,5431.634,387.5,25,20,20,25,"Polyamide (naturally occurring)",0.946482232450932,"Comparstic LDIR F2Ba Au MP2 240925.xlsx",22.2121661164524,0.8,0.674918475019266,"circle_calibrated"
"A450",-1278.108,4573.296,387.5,25,20,20,25,"Polyamide (naturally occurring)",0.961989736542924,"Comparstic LDIR F2Ba Au MP2 240925.xlsx",22.2121661164524,1.25,0.0387115921562515,"circle_calibrated"
"A451",-2298.504,1110.252,387.5,32,18,18,32,"Polyethylene terephthalate",0.832463154464022,"Comparstic LDIR F2Ba Au MP2 240925.xlsx",22.2121661164524,0.555555538904949,0.0183005948961241,"circle_calibrated"
"A452",638.17,-4910.88,387.5,34,18,18,34,"Polyamide (naturally occurring)",0.938318886999982,"Comparstic LDIR F2Ba Au MP2 240925.xlsx",22.2121661164524,1.87499997500999,0.267453185883862,"circle_calibrated"
"A453",-1515.748,1137.292,387.5,25,21,21,25,"Polyamide (naturally occurring)",0.937355120751652,"Comparstic LDIR F2Ba Au MP2 240925.xlsx",22.2121661164524,0.857142802093913,0.379454262125431,"circle_calibrated"
"A454",-2085.876,-349.934,387.5,31,18,18,31,"Cellulosic",0.634142637972076,"Comparstic LDIR F2Ba Au MP2 240925.xlsx",22.2121661164524,1.75000008330003,1.0191388979354,"circle_calibrated"
"A455",4012.476,-3812.094,387.5,25,20,20,25,"Polyamide (naturally occurring)",0.950447732997554,"Comparstic LDIR F2Ba Au MP2 240925.xlsx",22.2121661164524,1.25,0.706667173333847,"circle_calibrated"
"A456",-4448.184,-1404.494,387.5,25,20,20,25,"Polyamide (naturally occurring)",0.93947347094742,"Comparstic LDIR F2Ba Au MP2 240925.xlsx",22.2121661164524,0.8,0.706667173333847,"circle_calibrated"
"A457",-1457.04,2387.71,387.5,30,15,15,30,"Polyamide (naturally occurring)",0.942416184904301,"Comparstic LDIR F2Ba Au MP2 240925.xlsx",22.2121661164524,0.5,0.0652551054242325,"circle_calibrated"
"A458",-4603.716,2191.176,387.5,25,20,20,25,"Cellulosic",0.779644318284526,"Comparstic LDIR F2Ba Au MP2 240925.xlsx",22.2121661164524,1.25,0.714467030004327,"circle_calibrated"
"A459",-4753.84,2723.474,387.5,25,20,20,25,"Polyamide",0.640189130212694,"Comparstic LDIR F2Ba Au MP2 240925.xlsx",22.2121661164524,0.8,0.379454262125431,"circle_calibrated"
"A460",3428.75,1746.082,387.5,25,20,20,25,"Polyamide (naturally occurring)",0.962608813336533,"Comparstic LDIR F2Ba Au MP2 240925.xlsx",22.2121661164524,0.8,0.0564111692556521,"circle_calibrated"
"A461",-2941.146,4925.7,387.5,28,18,18,28,"Cellulosic",0.961826261035205,"Comparstic LDIR F2Ba Au MP2 240925.xlsx",22.2121661164524,1.59999994605203,0.559386420199229,"circle_calibrated"
"A462",-3332.16,889.954,387.5,28,18,18,28,"Polyamide (naturally occurring)",0.938423131884679,"Comparstic LDIR F2Ba Au MP2 240925.xlsx",22.2121661164524,1.5999998381561,0.27908445504507,"circle_calibrated"
"A463",4129.97,1090.258,375,30,19,19,30,"Polyamide (naturally occurring)",0.94281751937392,"Comparstic LDIR F2Ba Au MP2 240925.xlsx",21.8509686118416,1.56250014975772,0.0324652826012413,"circle_calibrated"
"A464",-4122.508,4145.31,375,20,20,20,20,"Polyamide (naturally occurring)",0.929651488658099,"Comparstic LDIR F2Ba Au MP2 240925.xlsx",21.8509686118416,1,0.374179021537222,"circle_calibrated"
"A465",2309.84,3366.662,375,34,16,16,34,"Polycarbonate",0.685081002986391,"Comparstic LDIR F2Ba Au MP2 240925.xlsx",21.8509686118416,0.466666695099744,0.208726749105841,"circle_calibrated"
"A466",-6060.678,678.6,375,38,18,18,38,"Polyamide (naturally occurring)",0.928741166817533,"Comparstic LDIR F2Ba Au MP2 240925.xlsx",21.8509686118416,0.483870969787773,0.603424623972237,"circle_calibrated"
"A467",1535.508,1259.856,375,25,20,20,25,"Polyamide (naturally occurring)",0.956460040270024,"Comparstic LDIR F2Ba Au MP2 240925.xlsx",21.8509686118416,1.25,0.236663544088111,"circle_calibrated"
"A468",-1525.472,-3335.28,375,57,11,11,57,"Cellulosic",0.888946526920094,"Comparstic LDIR F2Ba Au MP2 240925.xlsx",21.8509686118416,0.187500010536713,0.328121377083319,"circle_calibrated"
"A469",3727.646,-1983.046,375,21,21,21,21,"Polyamide (naturally occurring)",0.960811701791822,"Comparstic LDIR F2Ba Au MP2 240925.xlsx",21.8509686118416,1,0.283018243140245,"circle_calibrated"
"A470",-505.180000000001,-2553.382,375,25,20,20,25,"Polyethylene terephthalate",0.872893800679742,"Comparstic LDIR F2Ba Au MP2 240925.xlsx",21.8509686118416,1.25,0.706667173333846,"circle_calibrated"
"A471",-2525.926,1751.074,375,32,18,18,32,"Polyamide (naturally occurring)",0.954776513624124,"Comparstic LDIR F2Ba Au MP2 240925.xlsx",21.8509686118416,0.555555538904949,0.021228854675212,"circle_calibrated"
"A472",-899.158,4186.598,362.5,29,20,20,29,"Polyamide",0.663111423319241,"Comparstic LDIR F2Ba Au MP2 240925.xlsx",21.4836992849578,0.692307723853265,0.0377024217387625,"circle_calibrated"
"A473",-1989.728,-5642.156,362.5,25,20,20,25,"Polyamide (naturally occurring)",0.937963053398106,"Comparstic LDIR F2Ba Au MP2 240925.xlsx",21.4836992849578,1.25,0.223815401610262,"circle_calibrated"
"A474",-4811.742,-1172.496,362.5,25,20,20,25,"Polyamide (naturally occurring)",0.780131420852028,"Comparstic LDIR F2Ba Au MP2 240925.xlsx",21.4836992849578,0.8,0.7192346194878,"circle_calibrated"
"A475",-5969.314,1172.938,362.5,35,15,15,35,"Polyamide (naturally occurring)",0.924068016440947,"Comparstic LDIR F2Ba Au MP2 240925.xlsx",21.4836992849578,0.428571428571429,0.0291533001879545,"circle_calibrated"
"A476",-4291.274,-1785.758,362.5,30,15,15,30,"Polyethylene terephthalate",0.722903505319137,"Comparstic LDIR F2Ba Au MP2 240925.xlsx",21.4836992849578,0.5,0.0356050026059087,"circle_calibrated"
"A477",4201.6,-1214.2,362.5,20,20,20,20,"Polyamide (naturally occurring)",0.931099240059177,"Comparstic LDIR F2Ba Au MP2 240925.xlsx",21.4836992849578,1,0.36559527784583,"circle_calibrated"
"A478",-3941.886,4265.092,362.5,20,20,20,20,"Carbonate",0.68860112792649,"Comparstic LDIR F2Ba Au MP2 240925.xlsx",21.4836992849578,1,0.391570764249091,"circle_calibrated"
"A479",-4871.698,-1154.01,362.5,30,15,15,30,"Polyamide (naturally occurring)",0.944594380384408,"Comparstic LDIR F2Ba Au MP2 240925.xlsx",21.4836992849578,2,0.0546531975766031,"circle_calibrated"
"A480",-2656.004,2760.316,350,35,14,14,35,"Polyamide (naturally occurring)",0.949930925759395,"Comparstic LDIR F2Ba Au MP2 240925.xlsx",21.1100412282238,0.399999959539025,0.0923522423374286,"circle_calibrated"
"A481",-4986.046,-3318.718,350,25,20,20,25,"Cellulosic",0.945830047196041,"Comparstic LDIR F2Ba Au MP2 240925.xlsx",21.1100412282238,1.25,0.706667173333846,"circle_calibrated"
"A482",-1273.896,2360.618,350,25,20,20,25,"Polyamide (naturally occurring)",0.942046431801794,"Comparstic LDIR F2Ba Au MP2 240925.xlsx",21.1100412282238,0.8,0.706667173333846,"circle_calibrated"
"A483",2392.754,5767.658,350,21,21,21,21,"Chitin",0.813649084421137,"Comparstic LDIR F2Ba Au MP2 240925.xlsx",21.1100412282238,1,0.214025371653293,"circle_calibrated"
"A484",-1969.5,427.7,350,25,20,20,25,"Polyamide (naturally occurring)",0.918820274550918,"Comparstic LDIR F2Ba Au MP2 240925.xlsx",21.1100412282238,1.25,0.716976816935214,"circle_calibrated"
"A485",-4538.69,2327.91,350,25,18,18,25,"Polyamide (naturally occurring)",0.949884530025255,"Comparstic LDIR F2Ba Au MP2 240925.xlsx",21.1100412282238,1.39999989210407,0.721883627659376,"circle_calibrated"
"A486",-3805.1,4291.3,350,21,21,21,21,"Polyamide (naturally occurring)",0.945603558405025,"Comparstic LDIR F2Ba Au MP2 240925.xlsx",21.1100412282238,1,0.214025371653293,"circle_calibrated"
"A487",-3402.776,3949.14,350,21,21,21,21,"Polyamide (naturally occurring)",0.954599945842177,"Comparstic LDIR F2Ba Au MP2 240925.xlsx",21.1100412282238,1,0.214025371653293,"circle_calibrated"
"A488",-3568.396,-2716.714,350,36,16,16,36,"Polyethylene terephthalate",0.937560931448466,"Comparstic LDIR F2Ba Au MP2 240925.xlsx",21.1100412282238,2.31250004273949,0.36752141976793,"circle_calibrated"
"A489",-2042.04,-5436.678,350,20,20,20,20,"Rubber",0.809738022125302,"Comparstic LDIR F2Ba Au MP2 240925.xlsx",21.1100412282238,1,0.438717542674793,"circle_calibrated"
"A490",-2971.748,-1678.144,350,21,21,21,21,"Polyamide (naturally occurring)",0.94816445482394,"Comparstic LDIR F2Ba Au MP2 240925.xlsx",21.1100412282238,1,0.238122923232354,"circle_calibrated"
"A491",460.694,-3566.134,337.5,20,20,20,20,"Polyamide (naturally occurring)",0.943038305761942,"Comparstic LDIR F2Ba Au MP2 240925.xlsx",20.7296489682801,1,0.738936433902633,"circle_calibrated"
"A492",4162.444,1587.612,337.5,20,20,20,20,"Chitin",0.69929550683147,"Comparstic LDIR F2Ba Au MP2 240925.xlsx",20.7296489682801,1,0.431337435377171,"circle_calibrated"
"A493",-1851.278,3420.69,337.5,20,20,20,20,"Polyamide (naturally occurring)",0.867693427080925,"Comparstic LDIR F2Ba Au MP2 240925.xlsx",20.7296489682801,1,0.431337435377171,"circle_calibrated"
"A494",4405.232,4113.2,337.5,27,18,18,27,"Polyamide (naturally occurring)",0.941310880428551,"Comparstic LDIR F2Ba Au MP2 240925.xlsx",20.7296489682801,1.50000016660006,0.291826624522749,"circle_calibrated"
"A495",790.4,-4232.176,337.5,20,20,20,20,"Acrylonitrile butadiene styrene",0.913867045548368,"Comparstic LDIR F2Ba Au MP2 240925.xlsx",20.7296489682801,1,0.461190398526852,"circle_calibrated"
"A496",281.268,-6003.946,337.5,20,20,20,20,"Polyamide (naturally occurring)",0.923730781957814,"Comparstic LDIR F2Ba Au MP2 240925.xlsx",20.7296489682801,1,0.461190398526852,"circle_calibrated"
"A497",1041.43,-2845.96,337.5,30,15,15,30,"Polyamide (naturally occurring)",0.918257497157609,"Comparstic LDIR F2Ba Au MP2 240925.xlsx",20.7296489682801,2,0.0842903504658272,"circle_calibrated"
"A498",4328.688,-1543.464,337.5,20,20,20,20,"Polycarbonate",0.678523910199569,"Comparstic LDIR F2Ba Au MP2 240925.xlsx",20.7296489682801,1,0.461190398526852,"circle_calibrated"
"A499",-1084.564,5831.618,337.5,25,15,15,25,"Polycarbonate",0.778684014132098,"Comparstic LDIR F2Ba Au MP2 240925.xlsx",20.7296489682801,1.66666666666667,0.701973905663963,"circle_calibrated"
"A500",5260.502,69.8880000000003,337.5,20,20,20,20,"Chitin",0.747637694317659,"Comparstic LDIR F2Ba Au MP2 240925.xlsx",20.7296489682801,1,0.461190398526852,"circle_calibrated"
"A501",-1674.4,2024.49,337.5,20,20,20,20,"Polyamide (naturally occurring)",0.936998282408589,"Comparstic LDIR F2Ba Au MP2 240925.xlsx",20.7296489682801,1,0.776676761885479,"circle_calibrated"
"A502",3429.088,3171.584,337.5,20,20,20,20,"Polyamide (naturally occurring)",0.944030707179434,"Comparstic LDIR F2Ba Au MP2 240925.xlsx",20.7296489682801,1,0.738822135125132,"circle_calibrated"
"A503",-191.542,-1552.954,325,20,20,20,20,"Rubber",0.777302079749297,"Comparstic LDIR F2Ba Au MP2 240925.xlsx",20.3421447256411,1,0.741903801662539,"circle_calibrated"
"A504",-2012.322,3095.352,325,25,20,20,25,"Polyamide (naturally occurring)",0.864640904440669,"Comparstic LDIR F2Ba Au MP2 240925.xlsx",20.3421447256411,1.25,0.664233577681116,"circle_calibrated"
"A505",4930.562,4010.422,325,20,20,20,20,"Polyamide (naturally occurring)",0.941880365627804,"Comparstic LDIR F2Ba Au MP2 240925.xlsx",20.3421447256411,1,0.51876025034833,"circle_calibrated"
