"quad","dx","dy"
"BL",-2.59650002474454,5.59502954910477
"BR",3.15535808900143,4.4427429621416
"TL",-2.1446388389382,-3.05698295052863
"TR",4.05285961488596,-0.707605317116956
